{"physical": {"/manic_design_top": {"energy": {"dynamic": 8.615973851272e-06, "internal": 7.04429670344e-06, "leakage": 4.5216315500799996e-07, "switching": 1.571677147832e-06, "total": 9.068153231919998e-06}, "power": {"dynamic": 0.0002655049, "internal": 0.000217073, "leakage": 1.39336e-05, "switching": 4.84319e-05, "total": 0.000279439}}, "/manic_design_top/ARBITER": {"energy": {"dynamic": 4.3108085644320005e-08, "internal": 1.664517014784e-08, "leakage": 2.6130419681600002e-11, "switching": 2.6462915496479997e-08, "total": 4.3134241376e-08}, "power": {"dynamic": 1.3283940000000001e-06, "internal": 5.12928e-07, "leakage": 8.0522e-10, "switching": 8.15466e-07, "total": 1.3292e-06}}, "/manic_design_top/I2C_DEVICE": {"energy": {"dynamic": 2.9681515224105597e-08, "internal": 2.939560257264e-08, "leakage": 2.0095260432319998e-10, "switching": 2.8591265146559997e-10, "total": 2.988246912648e-08}, "power": {"dynamic": 9.146485199999999e-07, "internal": 9.05838e-07, "leakage": 6.19244e-09, "switching": 8.81052e-09, "total": 9.20841e-07}}, "/manic_design_top/MEM": {"energy": {"dynamic": 1.3855320625727998e-06, "internal": 1.345128271896e-06, "leakage": 3.68880190016e-07, "switching": 4.040379067679999e-08, "total": 1.75441355064e-06}, "power": {"dynamic": 4.2695759999999996e-05, "internal": 4.14507e-05, "leakage": 1.13672e-05, "switching": 1.24506e-06, "total": 5.4063e-05}}, "/manic_design_top/MMIO": {"energy": {"dynamic": 2.382316612488e-10, "internal": 1.135077626712e-10, "leakage": 2.68699843528e-12, "switching": 1.247238985776e-10, "total": 2.4091830271999997e-10}, "power": {"dynamic": 7.34121e-09, "internal": 3.49779e-09, "leakage": 8.2801e-11, "switching": 3.84342e-09, "total": 7.424e-09}}, "/manic_design_top/SCALAR": {"energy": {"dynamic": 3.7950149396000003e-07, "internal": 2.179830360672e-07, "leakage": 1.462507796784e-09, "switching": 1.615184578928e-07, "total": 3.80965046688e-07}, "power": {"dynamic": 1.1694500000000001e-05, "internal": 6.71724e-06, "leakage": 4.50678e-08, "switching": 4.97726e-06, "total": 1.17396e-05}}, "/manic_design_top/VCU": {"energy": {"dynamic": 6.571488044095999e-06, "internal": 5.432993297599999e-06, "leakage": 8.15834914584e-08, "switching": 1.138494746496e-06, "total": 6.653064071759999e-06}, "power": {"dynamic": 0.0002025032, "internal": 0.00016742, "leakage": 2.51403e-06, "switching": 3.50832e-05, "total": 0.000205017}}}, "perf": 1622564}