{"physical": {"/manic_top": {"energy": {"dynamic": 4.864457720628e-06, "internal": 3.7486135332000004e-06, "leakage": 2.3424505832400002e-07, "switching": 1.115844187428e-06, "total": 5.098696054680001e-06}, "power": {"dynamic": 0.0002893671, "internal": 0.00022299, "leakage": 1.39343e-05, "switching": 6.63771e-05, "total": 0.000303301}}, "/manic_top/ARBITER": {"energy": {"dynamic": 2.0297652109680002e-08, "internal": 8.13438545976e-09, "leakage": 1.31214081672e-11, "switching": 1.2163266649920001e-08, "total": 2.03108316828e-08}, "power": {"dynamic": 1.207426e-06, "internal": 4.83882e-07, "leakage": 7.8054e-10, "switching": 7.23544e-07, "total": 1.20821e-06}}, "/manic_top/I2C_DEVICE": {"energy": {"dynamic": 1.6866284686236003e-08, "internal": 1.614538052832e-08, "leakage": 1.0324951549200001e-10, "switching": 7.20904157916e-10, "total": 1.6969540926e-08}, "power": {"dynamic": 1.0033077e-06, "internal": 9.60424e-07, "leakage": 6.1419e-09, "switching": 4.28837e-08, "total": 1.00945e-06}}, "/manic_top/MEM": {"energy": {"dynamic": 1.6921422035568e-06, "internal": 1.6200351451920002e-06, "leakage": 1.9109036169600002e-07, "switching": 7.21070583648e-08, "total": 1.8832332376800002e-06}, "power": {"dynamic": 0.00010065876, "internal": 9.63694e-05, "leakage": 1.13672e-05, "switching": 4.28936e-06, "total": 0.000112026}}, "/manic_top/MMIO": {"energy": {"dynamic": 9.323203128e-10, "internal": 4.6269715632000004e-10, "leakage": 1.3491243127200002e-12, "switching": 4.6962315648e-10, "total": 9.33668529336e-10}, "power": {"dynamic": 5.5459999999999995e-08, "internal": 2.7524e-08, "leakage": 8.0254e-11, "switching": 2.7936e-08, "total": 5.55402e-08}}, "/manic_top/SCALAR": {"energy": {"dynamic": 1.0532479393800002e-06, "internal": 5.596695639000001e-07, "leakage": 7.69359261948e-10, "switching": 4.935783754800001e-07, "total": 1.054017868524e-06}, "power": {"dynamic": 6.26535e-05, "internal": 3.32925e-05, "leakage": 4.57661e-08, "switching": 2.9361e-05, "total": 6.26993e-05}}, "/manic_top/VCU": {"energy": {"dynamic": 1.9720625518680003e-06, "internal": 1.5420520817400001e-06, "leakage": 4.22632262676e-08, "switching": 4.3001047012800005e-07, "total": 2.01432292032e-06}, "power": {"dynamic": 0.00011731010000000001, "internal": 9.17305e-05, "leakage": 2.51407e-06, "switching": 2.55796e-05, "total": 0.000119824}}}, "perf": 840534}