{"physical": {"/scalar_top": {"energy": {"dynamic": 1.7728069443999999e-06, "internal": 1.3243144532e-06, "leakage": 4.4450519904e-08, "switching": 4.4849249120000004e-07, "total": 1.8172590218399999e-06}, "power": {"dynamic": 0.000455285, "internal": 0.000340105, "leakage": 1.14156e-05, "switching": 0.00011518, "total": 0.000466701}}, "/scalar_top/I2C_DEVICE": {"energy": {"dynamic": 5.31870118968e-09, "internal": 4.7665663592e-09, "leakage": 2.3520351136e-11, "switching": 5.5213483048e-10, "total": 5.3421927264e-09}, "power": {"dynamic": 1.365927e-06, "internal": 1.22413e-06, "leakage": 6.0404e-09, "switching": 1.41797e-07, "total": 1.37196e-06}}, "/scalar_top/MEM": {"energy": {"dynamic": 9.79519204424e-07, "internal": 9.313481203999999e-07, "leakage": 4.4247261456e-08, "switching": 4.8171084024e-08, "total": 1.0237645189600001e-06}, "power": {"dynamic": 0.0002515561, "internal": 0.000239185, "leakage": 1.13634e-05, "switching": 1.23711e-05, "total": 0.000262919}}, "/scalar_top/MMIO": {"energy": {"dynamic": 7.587299099759999e-10, "internal": 3.7747001775199997e-10, "leakage": 2.6306393656e-13, "switching": 3.81259892224e-10, "total": 7.5899118664e-10}, "power": {"dynamic": 1.948539e-07, "internal": 9.69403e-08, "leakage": 6.7559e-11, "switching": 9.79136e-08, "total": 1.94921e-07}}, "/scalar_top/SCALAR": {"energy": {"dynamic": 7.72364190736e-07, "internal": 3.86177033376e-07, "leakage": 1.76166666816e-10, "switching": 3.8618715735999996e-07, "total": 7.725417498400001e-07}, "power": {"dynamic": 0.0001983554, "internal": 9.91764e-05, "leakage": 4.52424e-08, "switching": 9.9179e-05, "total": 0.000198401}}}, "perf": 194692}