{"physical": {"/scalar_top": {"energy": {"dynamic": 2.4735214160339998e-06, "internal": 1.90382333238e-06, "leakage": 6.6427273358e-08, "switching": 5.696980836539999e-07, "total": 2.53994403424e-06}, "power": {"dynamic": 0.0004250811, "internal": 0.000327177, "leakage": 1.14157e-05, "switching": 9.79041e-05, "total": 0.000436496}}, "/scalar_top/I2C_DEVICE": {"energy": {"dynamic": 7.168751365284e-09, "internal": 6.6133998782e-09, "leakage": 3.51466303576e-11, "switching": 5.55351487084e-10, "total": 7.20384772e-09}, "power": {"dynamic": 1.2319686e-06, "internal": 1.13653e-06, "leakage": 6.04004e-09, "switching": 9.54386e-08, "total": 1.238e-06}}, "/scalar_top/MEM": {"energy": {"dynamic": 1.435562174594e-06, "internal": 1.3725773861399998e-06, "leakage": 6.6122942796e-08, "switching": 6.2984788454e-08, "total": 1.50168220792e-06}, "power": {"dynamic": 0.0002467051, "internal": 0.000235881, "leakage": 1.13634e-05, "switching": 1.08241e-05, "total": 0.000258068}}, "/scalar_top/MMIO": {"energy": {"dynamic": 8.0614140025e-10, "internal": 4.01293304902e-10, "leakage": 4.0569067786e-13, "switching": 4.0484809534799995e-10, "total": 8.065458165799999e-10}, "power": {"dynamic": 1.385375e-07, "internal": 6.89633e-08, "leakage": 6.9719e-11, "switching": 6.95742e-08, "total": 1.38607e-07}}, "/scalar_top/SCALAR": {"energy": {"dynamic": 1.00747090531e-06, "internal": 5.21794823892e-07, "leakage": 2.6360089147e-10, "switching": 4.85676081418e-07, "total": 1.00773566708e-06}, "power": {"dynamic": 0.0001731365, "internal": 8.96718e-05, "leakage": 4.53005e-08, "switching": 8.34647e-05, "total": 0.000173182}}}, "perf": 290947}