{"physical": {"/panic_top": {"energy": {"dynamic": 5.760527135999999e-07, "internal": 4.2723411359999996e-07, "leakage": 1.5347455199999998e-08, "switching": 1.4881859999999998e-07, "total": 5.914006895999999e-07}, "power": {"dynamic": 0.000553046, "internal": 0.000410171, "leakage": 1.47345e-05, "switching": 0.000142875, "total": 0.000567781}}, "/panic_top/I2C_DEVICE": {"energy": {"dynamic": 1.8041949408000001e-09, "internal": 1.603480704e-09, "leakage": 7.055808816e-12, "switching": 2.007142368e-10, "total": 1.811248656e-09}, "power": {"dynamic": 1.732138e-06, "internal": 1.53944e-06, "leakage": 6.77401e-09, "switching": 1.92698e-07, "total": 1.73891e-06}}, "/panic_top/MEM": {"energy": {"dynamic": 2.7344156112e-07, "internal": 2.385149424e-07, "leakage": 1.18851768e-08, "switching": 3.4926618720000005e-08, "total": 2.853275712e-07}, "power": {"dynamic": 0.0002625207, "internal": 0.000228989, "leakage": 1.14105e-05, "switching": 3.35317e-05, "total": 0.000273932}}, "/panic_top/MMIO": {"energy": {"dynamic": 1.3349395583999998e-10, "internal": 6.790221648e-11, "leakage": 6.878726399999999e-14, "switching": 6.559173936e-11, "total": 1.335622848e-10}, "power": {"dynamic": 1.281624e-07, "internal": 6.51903e-08, "leakage": 6.604e-11, "switching": 6.29721e-08, "total": 1.28228e-07}}, "/panic_top/SCALAR": {"energy": {"dynamic": 1.7637985680000002e-07, "internal": 9.374639568e-08, "leakage": 5.0330111999999996e-11, "switching": 8.263346111999999e-08, "total": 1.7643037439999999e-07}, "power": {"dynamic": 0.0001693355, "internal": 9.00023e-05, "leakage": 4.832e-08, "switching": 7.93332e-05, "total": 0.000169384}}, "/panic_top/VCU": {"energy": {"dynamic": 1.2396352416e-07, "internal": 9.314810064e-08, "leakage": 3.404584176e-09, "switching": 3.081542352e-08, "total": 1.2736788959999997e-07}, "power": {"dynamic": 0.0001190126, "internal": 8.94279e-05, "leakage": 3.26861e-06, "switching": 2.95847e-05, "total": 0.000122281}}}, "perf": 52080}