{"physical": {"/manic_top": {"energy": {"dynamic": 2.0645706173819997e-06, "internal": 1.5977100959399997e-06, "leakage": 1.1809198434599998e-07, "switching": 4.66860521442e-07, "total": 2.1826642970999997e-06}, "power": {"dynamic": 0.0002435537, "internal": 0.000188479, "leakage": 1.39311e-05, "switching": 5.50747e-05, "total": 0.000257485}}, "/manic_top/ARBITER": {"energy": {"dynamic": 1.174080712812e-08, "internal": 4.62839099058e-09, "leakage": 6.62160594354e-12, "switching": 7.1124161375399995e-09, "total": 1.17474021252e-08}, "power": {"dynamic": 1.3850420000000002e-06, "internal": 5.46003e-07, "leakage": 7.81139e-10, "switching": 8.39039e-07, "total": 1.38582e-06}}, "/manic_top/I2C_DEVICE": {"energy": {"dynamic": 7.995838036242e-09, "internal": 7.7158075092e-09, "leakage": 5.2031814365999995e-11, "switching": 2.80030527042e-10, "total": 8.04787154598e-09}, "power": {"dynamic": 9.432547e-07, "internal": 9.1022e-07, "leakage": 6.1381e-09, "switching": 3.30347e-08, "total": 9.49393e-07}}, "/manic_top/MEM": {"energy": {"dynamic": 6.116056185372e-07, "internal": 5.86390181244e-07, "leakage": 9.635816299199999e-08, "switching": 2.5215437293199996e-08, "total": 7.07964459678e-07}, "power": {"dynamic": 7.215002000000001e-05, "internal": 6.91754e-05, "leakage": 1.13672e-05, "switching": 2.97462e-06, "total": 8.35173e-05}}, "/manic_top/MMIO": {"energy": {"dynamic": 2.0208579934199998e-10, "internal": 9.934371308399999e-11, "leakage": 6.701551210199999e-13, "switching": 1.0274208625799999e-10, "total": 2.02755471282e-10}, "power": {"dynamic": 2.38397e-08, "internal": 1.17194e-08, "leakage": 7.9057e-11, "switching": 1.21203e-08, "total": 2.39187e-08}}, "/manic_top/SCALAR": {"energy": {"dynamic": 2.9921196584999997e-07, "internal": 1.6008295804199997e-07, "leakage": 3.82375896252e-10, "switching": 1.3912900780799998e-07, "total": 2.99594272236e-07}, "power": {"dynamic": 3.52975e-05, "internal": 1.88847e-05, "leakage": 4.51082e-08, "switching": 1.64128e-05, "total": 3.53426e-05}}, "/manic_top/VCU": {"energy": {"dynamic": 1.0792577091659998e-06, "internal": 8.3781893496e-07, "leakage": 2.1289718658599996e-08, "switching": 2.4143877420599997e-07, "total": 1.1005507338e-06}, "power": {"dynamic": 0.0001273181, "internal": 9.8836e-05, "leakage": 2.51151e-06, "switching": 2.84821e-05, "total": 0.00012983}}}, "perf": 423843}