{"physical": {"/manic_top": {"energy": {"dynamic": 5.05519555242e-07, "internal": 3.8991695652000005e-07, "leakage": 3.195858237e-08, "switching": 1.1560259872200001e-07, "total": 5.3747722002e-07}, "power": {"dynamic": 0.0002203679, "internal": 0.000169974, "leakage": 1.39315e-05, "switching": 5.03939e-05, "total": 0.000234299}}, "/manic_top/ARBITER": {"energy": {"dynamic": 2.73945027018e-09, "internal": 1.1629675707e-09, "leakage": 1.7984367343800002e-12, "switching": 1.5764826994800003e-09, "total": 2.7412602204000004e-09}, "power": {"dynamic": 1.194191e-06, "internal": 5.06965e-07, "leakage": 7.83981e-10, "switching": 6.87226e-07, "total": 1.19498e-06}}, "/manic_top/I2C_DEVICE": {"energy": {"dynamic": 2.400071757642e-09, "internal": 2.25203916366e-09, "leakage": 1.41145607226e-11, "switching": 1.4803259398200002e-10, "total": 2.4141845520000005e-09}, "power": {"dynamic": 1.0462479e-06, "internal": 9.81717e-07, "leakage": 6.15287e-09, "switching": 6.45309e-08, "total": 1.0524e-06}}, "/manic_top/MEM": {"energy": {"dynamic": 2.13886680735e-07, "internal": 2.06313449862e-07, "leakage": 2.6075900058e-08, "switching": 7.573230873000001e-09, "total": 2.399617779e-07}, "power": {"dynamic": 9.323825e-05, "internal": 8.99369e-05, "leakage": 1.13671e-05, "switching": 3.30135e-06, "total": 0.000104605}}, "/manic_top/MMIO": {"energy": {"dynamic": 6.2131760106e-11, "internal": 3.056040156e-11, "leakage": 2.0258137380000003e-13, "switching": 3.1571358546e-11, "total": 6.233431854000001e-11}, "power": {"dynamic": 2.7084699999999998e-08, "internal": 1.3322e-08, "leakage": 8.831e-11, "switching": 1.37627e-08, "total": 2.7173e-08}}, "/manic_top/SCALAR": {"energy": {"dynamic": 8.2347229458e-08, "internal": 4.2900408174e-08, "leakage": 1.03587878472e-10, "switching": 3.9446821284e-08, "total": 8.245091735400001e-08}, "power": {"dynamic": 3.58971e-05, "internal": 1.87013e-05, "leakage": 4.51564e-08, "switching": 1.71958e-05, "total": 3.59423e-05}}, "/manic_top/VCU": {"energy": {"dynamic": 1.89116399394e-07, "internal": 1.36905414594e-07, "leakage": 5.762386000800001e-09, "switching": 5.22109848e-08, "total": 1.9487887715400002e-07}, "power": {"dynamic": 8.24403e-05, "internal": 5.96803e-05, "leakage": 2.51196e-06, "switching": 2.276e-05, "total": 8.49523e-05}}}, "perf": 114699}