{"physical": {"/panic_top": {"energy": {"dynamic": 1.3168675481999998e-06, "internal": 9.547439202e-07, "leakage": 3.39416733e-08, "switching": 3.62123628e-07, "total": 1.3508115036e-06}, "power": {"dynamic": 0.0005770419999999999, "internal": 0.000418362, "leakage": 1.4873e-05, "switching": 0.00015868, "total": 0.000591916}}, "/panic_top/I2C_DEVICE": {"energy": {"dynamic": 3.5563835622e-09, "internal": 3.231613347e-09, "leakage": 1.5442947879e-11, "switching": 3.247702152e-10, "total": 3.571828815e-09}, "power": {"dynamic": 1.558382e-06, "internal": 1.41607e-06, "leakage": 6.76699e-09, "switching": 1.42312e-07, "total": 1.56515e-06}}, "/panic_top/MEM": {"energy": {"dynamic": 5.8189145547e-07, "internal": 5.072035713e-07, "leakage": 2.603328396e-08, "switching": 7.468788417e-08, "total": 6.079240548e-07}, "power": {"dynamic": 0.0002549807, "internal": 0.000222253, "leakage": 1.14076e-05, "switching": 3.27277e-05, "total": 0.000266388}}, "/panic_top/MMIO": {"energy": {"dynamic": 3.1158081824999995e-10, "internal": 1.5799183689e-10, "leakage": 1.475012514e-13, "switching": 1.5358898136e-10, "total": 3.1172801369999997e-10}, "power": {"dynamic": 1.3653249999999998e-07, "internal": 6.92309e-08, "leakage": 6.4634e-11, "switching": 6.73016e-08, "total": 1.36597e-07}}, "/panic_top/SCALAR": {"energy": {"dynamic": 4.0587467994e-07, "internal": 2.1640789163999998e-07, "leakage": 1.144587255e-10, "switching": 1.894667883e-07, "total": 4.0598787210000003e-07}, "power": {"dynamic": 0.0001778514, "internal": 9.48284e-05, "leakage": 5.0155e-08, "switching": 8.3023e-05, "total": 0.000177901}}, "/panic_top/VCU": {"energy": {"dynamic": 3.2445391614e-07, "internal": 2.2738068486e-07, "leakage": 7.777647831e-09, "switching": 9.707323128e-08, "total": 3.322326822e-07}, "power": {"dynamic": 0.0001421734, "internal": 9.96366e-05, "leakage": 3.40811e-06, "switching": 4.25368e-05, "total": 0.000145582}}}, "perf": 114105}