{"physical": {"/scalar_design_top": {"energy": {"dynamic": 2.0709249776279996e-05, "internal": 1.7972466915599998e-05, "leakage": 5.7623568408e-07, "switching": 2.73678286068e-06, "total": 2.12854904476e-05}, "power": {"dynamic": 0.00041524469999999996, "internal": 0.000360369, "leakage": 1.15542e-05, "switching": 5.48757e-05, "total": 0.000426799}}, "/scalar_design_top/I2C_DEVICE": {"energy": {"dynamic": 4.5697355972752e-08, "internal": 4.55385881848e-08, "leakage": 2.98420482432e-10, "switching": 1.5876778795199998e-10, "total": 4.5995768475599996e-08}, "power": {"dynamic": 9.162854800000001e-07, "internal": 9.13102e-07, "leakage": 5.98368e-09, "switching": 3.18348e-09, "total": 9.22269e-07}}, "/scalar_design_top/MEM": {"energy": {"dynamic": 1.301734972844e-05, "internal": 1.23983783848e-05, "leakage": 5.6672003016e-07, "switching": 6.1897134364e-07, "total": 1.3584094694800001e-05}, "power": {"dynamic": 0.0002610131, "internal": 0.000248602, "leakage": 1.13634e-05, "switching": 1.24111e-05, "total": 0.000272377}}, "/scalar_design_top/MMIO": {"energy": {"dynamic": 1.4467484516e-10, "internal": 7.187959394799999e-11, "leakage": 3.3394559039999995e-12, "switching": 7.2795251212e-11, "total": 1.4801380233999998e-10}, "power": {"dynamic": 2.9009e-09, "internal": 1.44127e-09, "leakage": 6.696e-11, "switching": 1.45963e-09, "total": 2.96785e-09}}, "/scalar_design_top/SCALAR": {"energy": {"dynamic": 7.3856835118399995e-06, "internal": 5.5090050487999995e-06, "leakage": 9.1698885708e-09, "switching": 1.8766784630400002e-06, "total": 7.39483011e-06}, "power": {"dynamic": 0.0001480916, "internal": 0.000110462, "leakage": 1.83867e-07, "switching": 3.76296e-05, "total": 0.000148275}}}, "perf": 2493620}