{"physical": {"/panic_top": {"energy": {"dynamic": 5.999133360000001e-09, "internal": 4.082594040000001e-09, "leakage": 2.5854480000000005e-10, "switching": 1.9165393200000004e-09, "total": 6.25767816e-09}, "power": {"dynamic": 0.000335522, "internal": 0.000228333, "leakage": 1.446e-05, "switching": 0.000107189, "total": 0.000349982}}, "/panic_top/I2C_DEVICE": {"energy": {"dynamic": 1.5772698960000003e-10, "internal": 1.2092744640000001e-10, "leakage": 1.2311345520000003e-13, "switching": 3.6799543200000006e-11, "total": 1.57850004e-10}, "power": {"dynamic": 8.821420000000001e-06, "internal": 6.76328e-06, "leakage": 6.88554e-09, "switching": 2.05814e-06, "total": 8.8283e-06}}, "/panic_top/MEM": {"energy": {"dynamic": 2.5305689160000003e-09, "internal": 2.19981216e-09, "leakage": 2.0402331600000004e-10, "switching": 3.30756756e-10, "total": 2.73458508e-09}, "power": {"dynamic": 0.0001415307, "internal": 0.000123032, "leakage": 1.14107e-05, "switching": 1.84987e-05, "total": 0.000152941}}, "/panic_top/MMIO": {"energy": {"dynamic": 1.1823149999999999e-12, "internal": 5.807388240000001e-13, "leakage": 1.4279862e-15, "switching": 6.01576176e-13, "total": 1.183743612e-12}, "power": {"dynamic": 6.612499999999999e-08, "internal": 3.24798e-08, "leakage": 7.9865e-11, "switching": 3.36452e-08, "total": 6.62049e-08}}, "/panic_top/SCALAR": {"energy": {"dynamic": 1.4969046600000004e-09, "internal": 7.989660120000001e-10, "leakage": 8.484793080000001e-13, "switching": 6.979386480000001e-10, "total": 1.4977521720000002e-09}, "power": {"dynamic": 8.371950000000001e-05, "internal": 4.46849e-05, "leakage": 4.74541e-08, "switching": 3.90346e-05, "total": 8.37669e-05}}, "/panic_top/VCU": {"energy": {"dynamic": 1.253502432e-09, "internal": 9.61110792e-10, "leakage": 5.354541480000001e-11, "switching": 2.9239164000000003e-10, "total": 1.3070458800000002e-09}, "power": {"dynamic": 7.01064e-05, "internal": 5.37534e-05, "leakage": 2.99471e-06, "switching": 1.6353e-05, "total": 7.3101e-05}}}, "perf": 894}