{"physical": {"/panic_top": {"energy": {"dynamic": 5.4638688e-09, "internal": 4.12102912e-09, "leakage": 2.45599744e-10, "switching": 1.3428396800000001e-09, "total": 5.7094668799999995e-09}, "power": {"dynamic": 0.0003283575, "internal": 0.000247658, "leakage": 1.47596e-05, "switching": 8.06995e-05, "total": 0.000343117}}, "/panic_top/I2C_DEVICE": {"energy": {"dynamic": 1.4991774719999998e-10, "internal": 1.146239744e-10, "leakage": 1.263977728e-13, "switching": 3.5293772799999995e-11, "total": 1.500442112e-10}, "power": {"dynamic": 9.00948e-06, "internal": 6.88846e-06, "leakage": 7.59602e-09, "switching": 2.12102e-06, "total": 9.01708e-06}}, "/panic_top/MEM": {"energy": {"dynamic": 2.418622336e-09, "internal": 2.08911872e-09, "leakage": 1.8985408e-10, "switching": 3.29503616e-10, "total": 2.60846976e-09}, "power": {"dynamic": 0.0001453499, "internal": 0.000125548, "leakage": 1.14095e-05, "switching": 1.98019e-05, "total": 0.000156759}}, "/panic_top/MMIO": {"energy": {"dynamic": 1.285862656e-12, "internal": 6.81489536e-13, "leakage": 1.86404608e-15, "switching": 6.043731199999999e-13, "total": 1.287728e-12}, "power": {"dynamic": 7.72754e-08, "internal": 4.09549e-08, "leakage": 1.12022e-10, "switching": 3.63205e-08, "total": 7.73875e-08}}, "/panic_top/SCALAR": {"energy": {"dynamic": 1.4107957760000002e-09, "internal": 7.608773120000001e-10, "leakage": 8.20812928e-13, "switching": 6.499184639999999e-10, "total": 1.411616128e-09}, "power": {"dynamic": 8.47834e-05, "internal": 4.57258e-05, "leakage": 4.93277e-08, "switching": 3.90576e-05, "total": 8.48327e-05}}, "/panic_top/VCU": {"energy": {"dynamic": 1.4803642880000002e-09, "internal": 1.1546612480000001e-09, "leakage": 5.47923584e-11, "switching": 3.2570304e-10, "total": 1.535158144e-09}, "power": {"dynamic": 8.896420000000001e-05, "internal": 6.93907e-05, "leakage": 3.29281e-06, "switching": 1.95735e-05, "total": 9.22571e-05}}}, "perf": 832}