{"physical": {"/panic_top": {"energy": {"dynamic": 2.6604659581200005e-07, "internal": 2.0749711504e-07, "leakage": 1.4707125060000001e-08, "switching": 5.8549480772e-08, "total": 2.8075332523999997e-07}, "power": {"dynamic": 0.0002689839, "internal": 0.000209788, "leakage": 1.48695e-05, "switching": 5.91959e-05, "total": 0.000283853}}, "/panic_top/I2C_DEVICE": {"energy": {"dynamic": 1.3378493896000001e-09, "internal": 1.2249953616e-09, "leakage": 6.7359117424000006e-12, "switching": 1.12854028e-10, "total": 1.3445850244e-09}, "power": {"dynamic": 1.35262e-06, "internal": 1.23852e-06, "leakage": 6.81028e-09, "switching": 1.141e-07, "total": 1.35943e-06}}, "/panic_top/MEM": {"energy": {"dynamic": 9.9294186286e-08, "internal": 9.023782362799999e-08, "leakage": 1.12829301e-08, "switching": 9.056362658e-09, "total": 1.1057716584000001e-07}, "power": {"dynamic": 0.00010039045, "internal": 9.12341e-05, "leakage": 1.14075e-05, "switching": 9.15635e-06, "total": 0.000111798}}, "/panic_top/MMIO": {"energy": {"dynamic": 2.4288639744e-12, "internal": 1.1999122928e-12, "leakage": 9.026245171999999e-14, "switching": 1.2289516816e-12, "total": 2.5191274152e-12}, "power": {"dynamic": 2.45568e-09, "internal": 1.21316e-09, "leakage": 9.1259e-11, "switching": 1.24252e-09, "total": 2.54694e-09}}, "/panic_top/SCALAR": {"energy": {"dynamic": 4.9378731012e-09, "internal": 3.2216709392000003e-09, "leakage": 4.82275408e-11, "switching": 1.7162021620000001e-09, "total": 4.986100642e-09}, "power": {"dynamic": 4.99239e-06, "internal": 3.25724e-06, "leakage": 4.876e-08, "switching": 1.73515e-06, "total": 5.04115e-06}}, "/panic_top/VCU": {"energy": {"dynamic": 1.6046982282e-07, "internal": 1.1280951940000001e-07, "leakage": 3.3689350604e-09, "switching": 4.766030342e-08, "total": 1.6383813476e-07}, "power": {"dynamic": 0.0001622415, "internal": 0.000114055, "leakage": 3.40613e-06, "switching": 4.81865e-05, "total": 0.000165647}}}, "perf": 49454}