{
    "cgra_minus_noc": {
        "energy": {
            "dynamic": 0.0,
            "internal": 0.0,
            "leakage": 0.0,
            "switching": 0.0,
            "total": 0.0
        }
    },
    "count": 43904,
    "noc": {
        "energy": {
            "dynamic": 0.0,
            "internal": 0.0,
            "leakage": 0.0,
            "switching": 0.0,
            "total": 0.0
        }
    },
    "perf": 1682570,
    "physical": {
        "/manic_top": {
            "energy": {
                "dynamic": 8.14479640816e-06,
                "internal": 6.5655563969999996e-06,
                "leakage": 4.8943269188e-07,
                "switching": 1.57924001116e-06,
                "total": 8.634242560599999e-06
            },
            "power": {
                "dynamic": 0.0002420344,
                "internal": 0.000195105,
                "leakage": 1.45442e-05,
                "switching": 4.69294e-05,
                "total": 0.000256579
            }
        },
        "/manic_top/ALIGNER": {
            "energy": {
                "dynamic": 2.43394855462e-08,
                "internal": 1.8629078526e-08,
                "leakage": 6.314180439e-11,
                "switching": 5.7104070202e-09,
                "total": 2.44026155726e-08
            },
            "power": {
                "dynamic": 7.232830000000001e-07,
                "internal": 5.5359e-07,
                "leakage": 1.87635e-09,
                "switching": 1.69693e-07,
                "total": 7.25159e-07
            }
        },
        "/manic_top/CORE": {
            "energy": {
                "dynamic": 5.21694625574e-07,
                "internal": 4.677039829e-07,
                "leakage": 2.1900162863e-08,
                "switching": 5.399064267399999e-08,
                "total": 5.4359462018e-07
            },
            "power": {
                "dynamic": 1.550291e-05,
                "internal": 1.38985e-05,
                "leakage": 6.50795e-07,
                "switching": 1.60441e-06,
                "total": 1.61537e-05
            }
        },
        "/manic_top/INSN_DATA_CONFLICT": {
            "energy": {
                "dynamic": 2.56055521684e-10,
                "internal": 7.1782474368e-11,
                "leakage": 1.544935774e-13,
                "switching": 1.8427304731599999e-10,
                "total": 2.5620998161e-10
            },
            "power": {
                "dynamic": 7.60906e-09,
                "internal": 2.13312e-09,
                "leakage": 4.591e-12,
                "switching": 5.47594e-09,
                "total": 7.61365e-09
            }
        },
        "/manic_top/MM": {
            "energy": {
                "dynamic": 1.3433995584840001e-06,
                "internal": 1.28645264032e-06,
                "leakage": 3.8272410247999995e-07,
                "switching": 5.6946918164e-08,
                "total": 1.72612500702e-06
            },
            "power": {
                "dynamic": 3.9921060000000004e-05,
                "internal": 3.82288e-05,
                "leakage": 1.13732e-05,
                "switching": 1.69226e-06,
                "total": 5.12943e-05
            }
        },
        "/manic_top/VECTOR": {
            "energy": {
                "dynamic": 5.942456979179999e-06,
                "internal": 4.792531433799999e-06,
                "leakage": 8.474263804999999e-08,
                "switching": 1.1499255453799997e-06,
                "total": 6.027201299799999e-06
            },
            "power": {
                "dynamic": 0.00017658869999999998,
                "internal": 0.000142417,
                "leakage": 2.51825e-06,
                "switching": 3.41717e-05,
                "total": 0.000179107
            }
        }
    }
}
