{
    "cgra_minus_noc": {
        "energy": {
            "dynamic": 6.905461140199437e-09,
            "internal": 5.044275128256001e-09,
            "leakage": 5.645307016440001e-11,
            "switching": 1.861186011943439e-09,
            "total": 6.961914210363841e-09
        }
    },
    "count": 129,
    "noc": {
        "energy": {
            "dynamic": 1.072925482356e-10,
            "internal": 4.9822340917439985e-09,
            "leakage": 1.072925482356e-10,
            "switching": 4.014709832056561e-09,
            "total": 9.104236472036164e-09
        }
    },
    "perf": 4641,
    "physical": {
        "/flow_top": {
            "energy": {
                "dynamic": 2.9171850161999998e-08,
                "internal": 2.237259024e-08,
                "leakage": 1.286383098e-09,
                "switching": 6.799259922e-09,
                "total": 3.045823326e-08
            },
            "power": {
                "dynamic": 0.0003142841,
                "internal": 0.000241032,
                "leakage": 1.38589e-05,
                "switching": 7.32521e-05,
                "total": 0.000328143
            }
        },
        "/flow_top/ALIGNER": {
            "energy": {
                "dynamic": 6.848992878e-11,
                "internal": 5.1317114939999994e-11,
                "leakage": 2.75290197e-13,
                "switching": 1.7172813839999998e-11,
                "total": 6.87652329e-11
            },
            "power": {
                "dynamic": 7.37879e-07,
                "internal": 5.52867e-07,
                "leakage": 2.96585e-09,
                "switching": 1.85012e-07,
                "total": 7.40845e-07
            }
        },
        "/flow_top/CGRA": {
            "energy": {
                "dynamic": 1.5902405064000002e-08,
                "internal": 1.002650922e-08,
                "leakage": 1.637456184e-10,
                "switching": 5.875895844e-09,
                "total": 1.6066213800000002e-08
            },
            "power": {
                "dynamic": 0.00017132520000000002,
                "internal": 0.000108021,
                "leakage": 1.76412e-06,
                "switching": 6.33042e-05,
                "total": 0.00017309
            }
        },
        "/flow_top/CORE": {
            "energy": {
                "dynamic": 1.6357371575999997e-09,
                "internal": 1.4416895219999998e-09,
                "leakage": 6.042470616e-11,
                "switching": 1.9404763559999998e-10,
                "total": 1.696155552e-09
            },
            "power": {
                "dynamic": 1.762268e-05,
                "internal": 1.55321e-05,
                "leakage": 6.50988e-07,
                "switching": 2.09058e-06,
                "total": 1.82736e-05
            }
        },
        "/flow_top/INSN_DATA_CONFLICT": {
            "energy": {
                "dynamic": 7.388704049999999e-13,
                "internal": 2.042810406e-13,
                "leakage": 4.2697199999999995e-16,
                "switching": 5.345893644e-13,
                "total": 7.39297377e-13
            },
            "power": {
                "dynamic": 7.96025e-09,
                "internal": 2.20083e-09,
                "leakage": 4.6e-12,
                "switching": 5.75942e-09,
                "total": 7.96485e-09
            }
        },
        "/flow_top/MM": {
            "energy": {
                "dynamic": 1.1563803342e-08,
                "internal": 1.085242158e-08,
                "leakage": 1.06181439e-09,
                "switching": 7.113817619999999e-10,
                "total": 1.262565486e-08
            },
            "power": {
                "dynamic": 0.0001245831,
                "internal": 0.000116919,
                "leakage": 1.14395e-05,
                "switching": 7.6641e-06,
                "total": 0.000136023
            }
        }
    }
}
