{"physical": {"/manic_top": {"energy": {"dynamic": 5.4423987306e-07, "internal": 4.2851317002e-07, "leakage": 3.195858237e-08, "switching": 1.1572670304000002e-07, "total": 5.761973084400001e-07}, "power": {"dynamic": 0.000237247, "internal": 0.000186799, "leakage": 1.39315e-05, "switching": 5.0448e-05, "total": 0.000251178}}, "/manic_top/ARBITER": {"energy": {"dynamic": 2.73945027018e-09, "internal": 1.1629675707e-09, "leakage": 1.7984367343800002e-12, "switching": 1.5764826994800003e-09, "total": 2.7412602204000004e-09}, "power": {"dynamic": 1.194191e-06, "internal": 5.06965e-07, "leakage": 7.83981e-10, "switching": 6.87226e-07, "total": 1.19498e-06}}, "/manic_top/I2C_DEVICE": {"energy": {"dynamic": 2.400071757642e-09, "internal": 2.25203916366e-09, "leakage": 1.41145607226e-11, "switching": 1.4803259398200002e-10, "total": 2.4141845520000005e-09}, "power": {"dynamic": 1.0462479e-06, "internal": 9.81717e-07, "leakage": 6.15287e-09, "switching": 6.45309e-08, "total": 1.0524e-06}}, "/manic_top/MEM": {"energy": {"dynamic": 2.1386165341320003e-07, "internal": 2.0630106237e-07, "leakage": 2.6075900058e-08, "switching": 7.560591043200001e-09, "total": 2.399388381e-07}, "power": {"dynamic": 9.322734e-05, "internal": 8.99315e-05, "leakage": 1.13671e-05, "switching": 3.29584e-06, "total": 0.000104595}}, "/manic_top/MMIO": {"energy": {"dynamic": 6.2131760106e-11, "internal": 3.056040156e-11, "leakage": 2.0258137380000003e-13, "switching": 3.1571358546e-11, "total": 6.233431854000001e-11}, "power": {"dynamic": 2.7084699999999998e-08, "internal": 1.3322e-08, "leakage": 8.831e-11, "switching": 1.37627e-08, "total": 2.7173e-08}}, "/manic_top/SCALAR": {"energy": {"dynamic": 8.227955704800001e-08, "internal": 4.2872651016e-08, "leakage": 1.03584208104e-10, "switching": 3.9406906032000005e-08, "total": 8.2383015546e-08}, "power": {"dynamic": 3.58676e-05, "internal": 1.86892e-05, "leakage": 4.51548e-08, "switching": 1.71784e-05, "total": 3.59127e-05}}, "/manic_top/VCU": {"energy": {"dynamic": 2.2793214678e-07, "internal": 1.75543607928e-07, "leakage": 5.7623171814e-09, "switching": 5.2388538852e-08, "total": 2.3369462454000004e-07}, "power": {"dynamic": 9.9361e-05, "internal": 7.65236e-05, "leakage": 2.51193e-06, "switching": 2.28374e-05, "total": 0.000101873}}}, "perf": 114699}