{"main": {"read_latency": 0, "destiny": {"leakage_power": 0.0377025, "read_dynamic_energy": 0.040280500000000004, "read_latency": 1.29522, "write_latency": 10.3834, "write_dynamic_energy": 0.0667687}, "write_latency": 0, "line_size": 4, "type": "main_mem", "size": 64}, "icache": {"read_latency": 0, "destiny": {"leakage_power": 0.000295922, "hit_dynamic_energy": 0.00356465, "read_latency": 0.243833, "write_dynamic_energy": 0.00285388, "miss_dynamic_energy": 0.00356465}, "write_latency": 0, "invalid_latency": 1, "line_size": 4, "sets": 2, "type": "cache", "children": ["main"], "size": 128}, "power": {"avg": {"total": 1048938.2963653011, "compute": 177426.15999999997, "vrf": 351561.73772631463, "memory": {"total": 519950.3986389864, "parts": {"main": {"read": 106335.0262308889, "write": 20837.15732534049, "leakage": 37702.5}, "icache": {"read": 70739.3055352505, "write": 0.0, "leakage": 295.922}, "dcache": {"read": 270181.738418598, "write": 13484.949128908494, "leakage": 373.79999999999995}}}}, "dynamic": 176656.663, "leakage": 769.497}, "energy": {"total": 18008.89643942398, "compute": 3046.1747389303996, "vrf": 6035.854490884401, "memory": {"total": 8926.86720960918, "parts": {"icache": {"read": 1214.50120755, "write": 0.0, "leakage": 5.080593082180001}, "main": {"read": 1825.6331015, "write": 357.7466946, "leakage": 647.302534725}, "dcache": {"read": 4638.666510569999, "write": 231.51891125999998, "leakage": 6.417656321999999}}}}, "frequency": 100000000.0, "dcache": {"read_latency": 0, "destiny": {"leakage_power": 0.0003738, "hit_dynamic_energy": 0.00790113, "read_latency": 0.304819, "write_dynamic_energy": 0.00609866, "miss_dynamic_energy": 0.00790113}, "write_latency": 0, "invalid_latency": 1, "line_size": 4, "sets": 8, "type": "cache", "children": ["main"], "size": 256}, "vrf": {"destiny": {"leakage_power": 0.00233276, "read_dynamic_energy": 0.00473775, "read_latency": 0.0549339, "write_dynamic_energy": 0.00455963}}, "cycles": 1716869}