{"physical": {"/base_top": {"energy": {"dynamic": 2.8868053872e-08, "internal": 2.566618572e-08, "leakage": 2.046353484e-09, "switching": 3.201868152e-09, "total": 3.091439484e-08}, "power": {"dynamic": 0.0002306492, "internal": 0.000205067, "leakage": 1.63499e-05, "switching": 2.55822e-05, "total": 0.000246999}}, "/base_top/ARBITER": {"energy": {"dynamic": 4.9902793920000003e-11, "internal": 3.029572896e-11, "leakage": 1.135194942e-13, "switching": 1.960706496e-11, "total": 5.001631404e-11}, "power": {"dynamic": 3.98712e-07, "internal": 2.42056e-07, "leakage": 9.06995e-10, "switching": 1.56656e-07, "total": 3.99619e-07}}, "/base_top/I2C_DEVICE": {"energy": {"dynamic": 4.3349779283999997e-10, "internal": 3.48326538e-10, "leakage": 7.580302884e-13, "switching": 8.517125484e-11, "total": 4.3425638760000003e-10}, "power": {"dynamic": 3.463549e-06, "internal": 2.78305e-06, "leakage": 6.05649e-09, "switching": 6.80499e-07, "total": 3.46961e-06}}, "/base_top/MEM": {"energy": {"dynamic": 5.11938819e-09, "internal": 4.876533984e-09, "leakage": 1.422743784e-09, "switching": 2.42854206e-10, "total": 6.542138232e-09}, "power": {"dynamic": 4.090275e-05, "internal": 3.89624e-05, "leakage": 1.13674e-05, "switching": 1.94035e-06, "total": 5.22702e-05}}, "/base_top/MMIO": {"energy": {"dynamic": 1.6946050716e-12, "internal": 8.157891252000001e-13, "leakage": 1.1100440400000001e-14, "switching": 8.788159464e-13, "total": 1.705705512e-12}, "power": {"dynamic": 1.353951e-08, "internal": 6.51797e-09, "leakage": 8.869e-11, "switching": 7.02154e-09, "total": 1.36282e-08}}, "/base_top/SCALAR": {"energy": {"dynamic": 3.137285592e-09, "internal": 1.738484916e-09, "leakage": 5.616379776e-12, "switching": 1.398800676e-09, "total": 3.142905276e-09}, "power": {"dynamic": 2.50662e-05, "internal": 1.38901e-05, "leakage": 4.48736e-08, "switching": 1.11761e-05, "total": 2.51111e-05}}, "/base_top/VCU": {"energy": {"dynamic": 1.9702831134e-08, "internal": 1.8664735320000002e-08, "leakage": 6.170801028e-10, "switching": 1.0380958139999999e-09, "total": 2.0319851160000002e-08}, "power": {"dynamic": 0.00015742115, "internal": 0.000149127, "leakage": 4.93033e-06, "switching": 8.29415e-06, "total": 0.000162351}}}, "perf": 6258}