{"main": {"read_latency": 0, "destiny": {"leakage_power": 0.0377025, "read_dynamic_energy": 0.040280500000000004, "read_latency": 1.29522, "write_latency": 10.3834, "write_dynamic_energy": 0.0667687}, "write_latency": 0, "line_size": 4, "type": "main_mem", "size": 64}, "icache": {"line_size": 4, "destiny": {"leakage_power": 0.000295922, "hit_dynamic_energy": 0.00356465, "read_latency": 0.243833, "write_dynamic_energy": 0.00285388, "miss_dynamic_energy": 0.00356465}, "write_latency": 0, "invalid_latency": 1, "read_latency": 0, "sets": 2, "type": "cache", "children": ["main"], "size": 128}, "power": {"avg": {"total": 932360.5758170764, "compute": 267787.237, "vrf": 0.0, "memory": {"total": 664573.3388170763, "parts": {"icache": {"read": 352946.95159544254, "write": 0.0, "leakage": 295.922}, "main": {"read": 12645.117390720397, "write": 8567.860574550268, "leakage": 37702.5}, "dcache": {"read": 169262.53113940763, "write": 82778.65611695542, "leakage": 373.79999999999995}}}}, "dynamic": 267444.655, "leakage": 342.582}, "insns": 971522, "energy": {"total": 11523.58512565722, "compute": 3309.73777868046, "vrf": 0, "memory": {"total": 8213.84734697676, "parts": {"main": {"read": 156.28834, "write": 105.8951582, "leakage": 465.98706495}, "icache": {"read": 4362.276084, "write": 0.0, "leakage": 3.65747163276}, "dcache": {"read": 2092.0137946199998, "write": 1023.1094225699999, "leakage": 4.620011003999999}}}}, "frequency": 100000000.0, "dcache": {"line_size": 4, "destiny": {"leakage_power": 0.0003738, "hit_dynamic_energy": 0.00790113, "read_latency": 0.304819, "write_dynamic_energy": 0.00609866, "miss_dynamic_energy": 0.00790113}, "write_latency": 0, "invalid_latency": 1, "read_latency": 0, "sets": 8, "type": "cache", "children": ["main"], "size": 256}, "vrf": {"destiny": {"leakage_power": 0.00233276, "read_dynamic_energy": 0.00473775, "read_latency": 0.0549339, "write_dynamic_energy": 0.00455963}}, "cycles": 1235958}