{"physical": {"/panic_top": {"energy": {"dynamic": 1.77417993114e-06, "internal": 1.3446777103799998e-06, "leakage": 5.088264921e-08, "switching": 4.295022207599999e-07, "total": 1.82506429236e-06}, "power": {"dynamic": 0.000518157, "internal": 0.000392719, "leakage": 1.48605e-05, "switching": 0.000125438, "total": 0.000533018}}, "/panic_top/I2C_DEVICE": {"energy": {"dynamic": 3.6683923074e-09, "internal": 3.5040735876000003e-09, "leakage": 2.3281589749799998e-11, "switching": 1.643187198e-10, "total": 3.6916756433999996e-09}, "power": {"dynamic": 1.07137e-06, "internal": 1.02338e-06, "leakage": 6.79949e-09, "switching": 4.799e-08, "total": 1.07817e-06}}, "/panic_top/MEM": {"energy": {"dynamic": 8.71989694968e-07, "internal": 7.701990588e-07, "leakage": 3.9058480944e-08, "switching": 1.01790636168e-07, "total": 9.110461215e-07}, "power": {"dynamic": 0.0002546684, "internal": 0.00022494, "leakage": 1.14072e-05, "switching": 2.97284e-05, "total": 0.000266075}}, "/panic_top/MMIO": {"energy": {"dynamic": 6.71274327372e-11, "internal": 3.2920069089e-11, "leakage": 3.0298468176000003e-13, "switching": 3.42073636482e-11, "total": 6.7430253066e-11}, "power": {"dynamic": 1.960486e-08, "internal": 9.61445e-09, "leakage": 8.8488e-11, "switching": 9.99041e-09, "total": 1.96933e-08}}, "/panic_top/SCALAR": {"energy": {"dynamic": 1.1695938717e-07, "internal": 6.333409794e-08, "leakage": 1.6780950819e-10, "switching": 5.362528922999999e-08, "total": 1.1712716414999999e-07}, "power": {"dynamic": 3.41585e-05, "internal": 1.8497e-05, "leakage": 4.90095e-08, "switching": 1.56615e-05, "total": 3.42075e-05}}, "/panic_top/VCU": {"energy": {"dynamic": 7.813754024819999e-07, "internal": 5.0755275666e-07, "leakage": 1.16319437832e-08, "switching": 2.73822645822e-07, "total": 7.9300645602e-07}, "power": {"dynamic": 0.0002282041, "internal": 0.000148233, "leakage": 3.39716e-06, "switching": 7.99711e-05, "total": 0.000231601}}}, "perf": 171201}