{"physical": {"/scalar_top": {"energy": {"dynamic": 6.515265499200001e-07, "internal": 4.9360828272e-07, "leakage": 1.6326420528e-08, "switching": 1.579182672e-07, "total": 6.6785325648e-07}, "power": {"dynamic": 0.000455562, "internal": 0.000345142, "leakage": 1.14158e-05, "switching": 0.00011042, "total": 0.000466978}}, "/scalar_top/I2C_DEVICE": {"energy": {"dynamic": 2.16881761776e-09, "internal": 1.8816758136e-09, "leakage": 8.637951876e-12, "switching": 2.8714180416e-10, "total": 2.1774472032e-09}, "power": {"dynamic": 1.516486e-06, "internal": 1.31571e-06, "leakage": 6.03985e-09, "switching": 2.00776e-07, "total": 1.52252e-06}}, "/scalar_top/MEM": {"energy": {"dynamic": 3.6988971763199994e-07, "internal": 3.5159911536e-07, "leakage": 1.6251480144e-08, "switching": 1.8290602271999998e-08, "total": 3.8614176984e-07}, "power": {"dynamic": 0.00025863519999999997, "internal": 0.000245846, "leakage": 1.13634e-05, "switching": 1.27892e-05, "total": 0.000269999}}, "/scalar_top/MMIO": {"energy": {"dynamic": 2.76698489808e-10, "internal": 1.37879866392e-10, "leakage": 9.2745876e-14, "switching": 1.38818623416e-10, "total": 2.7679173624e-10}, "power": {"dynamic": 1.934738e-07, "internal": 9.64087e-08, "leakage": 6.485e-11, "switching": 9.70651e-08, "total": 1.93539e-07}}, "/scalar_top/SCALAR": {"energy": {"dynamic": 2.7373205193599997e-07, "internal": 1.39376814864e-07, "leakage": 6.5012070264e-11, "switching": 1.34355237072e-07, "total": 2.737969812e-07}, "power": {"dynamic": 0.0001913996, "internal": 9.74554e-05, "leakage": 4.54579e-08, "switching": 9.39442e-05, "total": 0.000191445}}}, "perf": 71508}