{"physical": {"/scalar_top": {"energy": {"dynamic": 3.5582085014e-06, "internal": 2.656202996e-06, "leakage": 8.871313903199999e-08, "switching": 9.020055054e-07, "total": 3.64692474892e-06}, "power": {"dynamic": 0.00045787000000000003, "internal": 0.0003418, "leakage": 1.14156e-05, "switching": 0.00011607, "total": 0.000469286}}, "/scalar_top/I2C_DEVICE": {"energy": {"dynamic": 1.0496143894459999e-08, "internal": 9.3354888738e-09, "leakage": 4.69415881368e-11, "switching": 1.16065502066e-09, "total": 1.05431364618e-08}, "power": {"dynamic": 1.350643e-06, "internal": 1.20129e-06, "leakage": 6.04044e-09, "switching": 1.49353e-07, "total": 1.35669e-06}}, "/scalar_top/MEM": {"energy": {"dynamic": 1.963283718944e-06, "internal": 1.8663828225199999e-06, "leakage": 8.8307481348e-08, "switching": 9.6900896424e-08, "total": 2.05158653756e-06}, "power": {"dynamic": 0.0002526352, "internal": 0.000240166, "leakage": 1.13634e-05, "switching": 1.24692e-05, "total": 0.000263998}}, "/scalar_top/MMIO": {"energy": {"dynamic": 1.54489133673e-09, "internal": 7.74785971268e-10, "leakage": 5.234771504199999e-13, "switching": 7.70105365462e-10, "total": 1.5454158940799998e-09}, "power": {"dynamic": 1.987965e-07, "internal": 9.96994e-08, "leakage": 6.7361e-11, "switching": 9.90971e-08, "total": 1.98864e-07}}, "/scalar_top/SCALAR": {"energy": {"dynamic": 1.5531148417339997e-06, "internal": 7.763681916599999e-07, "leakage": 3.51381152154e-10, "switching": 7.76746650074e-07, "total": 1.553466878e-06}, "power": {"dynamic": 0.00019985469999999998, "internal": 9.9903e-05, "leakage": 4.52157e-08, "switching": 9.99517e-05, "total": 0.0001999}}}, "perf": 388561}