{"physical": {"/panic_top": {"energy": {"dynamic": 5.633043936000001e-09, "internal": 3.8901873600000004e-09, "leakage": 2.53804812e-10, "switching": 1.7428565760000002e-09, "total": 5.886846960000001e-09}, "power": {"dynamic": 0.0003150472, "internal": 0.000217572, "leakage": 1.41949e-05, "switching": 9.74752e-05, "total": 0.000329242}}, "/panic_top/I2C_DEVICE": {"energy": {"dynamic": 1.577066064e-10, "internal": 1.209869868e-10, "leakage": 1.143769296e-13, "switching": 3.6719619600000004e-11, "total": 1.578210384e-10}, "power": {"dynamic": 8.82028e-06, "internal": 6.76661e-06, "leakage": 6.39692e-09, "switching": 2.05367e-06, "total": 8.82668e-06}}, "/panic_top/MEM": {"energy": {"dynamic": 2.592971904e-09, "internal": 2.24336784e-09, "leakage": 2.03985768e-10, "switching": 3.4960406400000003e-10, "total": 2.79695052e-09}, "power": {"dynamic": 0.0001450208, "internal": 0.000125468, "leakage": 1.14086e-05, "switching": 1.95528e-05, "total": 0.000156429}}, "/panic_top/MMIO": {"energy": {"dynamic": 1.2052389480000003e-12, "internal": 6.428825520000001e-13, "leakage": 1.6925744400000002e-15, "switching": 5.62356396e-13, "total": 1.206932184e-12}, "power": {"dynamic": 6.740710000000001e-08, "internal": 3.59554e-08, "leakage": 9.4663e-11, "switching": 3.14517e-08, "total": 6.75018e-08}}, "/panic_top/SCALAR": {"energy": {"dynamic": 1.525589544e-09, "internal": 8.1261918e-10, "leakage": 8.661787200000001e-13, "switching": 7.129703640000001e-10, "total": 1.5264567240000002e-09}, "power": {"dynamic": 8.53238e-05, "internal": 4.54485e-05, "leakage": 4.8444e-08, "switching": 3.98753e-05, "total": 8.53723e-05}}, "/panic_top/VCU": {"energy": {"dynamic": 1.0153032840000001e-09, "internal": 7.114434120000002e-10, "leakage": 4.883385600000001e-11, "switching": 3.0385987200000005e-10, "total": 1.0641389280000001e-09}, "power": {"dynamic": 5.6784300000000005e-05, "internal": 3.97899e-05, "leakage": 2.7312e-06, "switching": 1.69944e-05, "total": 5.95156e-05}}}, "perf": 894}