{"physical": {"/panic_top": {"energy": {"dynamic": 1.6099694424000001e-07, "internal": 1.1441860296000001e-07, "leakage": 5.455746912e-09, "switching": 4.657834128e-08, "total": 1.6645315224e-07}, "power": {"dynamic": 0.000419001, "internal": 0.000297779, "leakage": 1.41988e-05, "switching": 0.000121222, "total": 0.000433201}}, "/panic_top/I2C_DEVICE": {"energy": {"dynamic": 8.2720070952e-10, "internal": 6.979873295999999e-10, "leakage": 2.4381526536e-12, "switching": 1.2921337992e-10, "total": 8.296394808e-10}, "power": {"dynamic": 2.152823e-06, "internal": 1.81654e-06, "leakage": 6.34539e-09, "switching": 3.36283e-07, "total": 2.15917e-06}}, "/panic_top/MEM": {"energy": {"dynamic": 8.412588984e-08, "internal": 7.296371784e-08, "leakage": 4.383717312e-09, "switching": 1.1162172e-08, "total": 8.8509684e-08}, "power": {"dynamic": 0.000218941, "internal": 0.000189891, "leakage": 1.14088e-05, "switching": 2.905e-05, "total": 0.00023035}}, "/panic_top/MMIO": {"energy": {"dynamic": 3.2201579016e-11, "internal": 1.6846541712e-11, "leakage": 3.528053256e-14, "switching": 1.5355037304e-11, "total": 3.2236852248e-11}, "power": {"dynamic": 8.380590000000001e-08, "internal": 4.38438e-08, "leakage": 9.1819e-11, "switching": 3.99621e-08, "total": 8.38977e-08}}, "/panic_top/SCALAR": {"energy": {"dynamic": 4.0667923175999996e-08, "internal": 2.2014953952e-08, "leakage": 1.8663651096e-11, "switching": 1.8652969224e-08, "total": 4.068640512e-08}, "power": {"dynamic": 0.0001058399, "internal": 5.72948e-05, "leakage": 4.85729e-08, "switching": 4.85451e-05, "total": 0.000105888}}, "/panic_top/VCU": {"energy": {"dynamic": 2.7975476952e-08, "internal": 1.868194092e-08, "leakage": 1.05080034e-09, "switching": 9.293536032e-09, "total": 2.9026296504e-08}, "power": {"dynamic": 7.28073e-05, "internal": 4.86205e-05, "leakage": 2.73475e-06, "switching": 2.41868e-05, "total": 7.55421e-05}}}, "perf": 19212}