{"main": {"read_latency": 1, "destiny": {"leakage_power": 0.0377025, "read_dynamic_energy": 0.040280500000000004, "read_latency": 1.29522, "write_latency": 10.3834, "write_dynamic_energy": 0.0667687}, "write_latency": 1, "line_size": 4, "type": "main_mem", "size": 64}, "icache": {"line_size": 4, "destiny": {"leakage_power": 0.000591843, "hit_dynamic_energy": 0.00540088, "read_latency": 0.2445, "write_dynamic_energy": 0.00469011, "miss_dynamic_energy": 0.00540088}, "write_latency": 0, "invalid_latency": 0, "read_latency": 0, "sets": 2, "type": "cache", "children": ["main"], "size": 256}, "power": {"avg": {"total": 805671.9466259154, "compute": 212125.67200000002, "vrf": 2332.7599999999998, "memory": {"total": 591213.5146259153, "parts": {"main": {"read": 3101.2676981122013, "write": 1127.5288858077358, "leakage": 37702.5}, "icache": {"read": 245492.41806207338, "write": 0.0, "leakage": 591.843}, "dcache": {"read": 184219.77713377235, "write": 118604.37984614972, "leakage": 373.79999999999995}}}}, "dynamic": 211357.439, "leakage": 768.233}, "energy": {"total": 7251.820964701999, "compute": 1909.3346886451202, "vrf": 20.9970794496, "memory": {"total": 5321.489196607279, "parts": {"icache": {"read": 2209.66743528, "write": 0.0, "leakage": 5.32715516928}, "main": {"read": 27.914386500000003, "write": 10.1488424, "leakage": 339.3586944}, "dcache": {"read": 1658.1548451899998, "write": 1067.5532788199998, "leakage": 3.3645588479999997}}}}, "frequency": 100000000.0, "dcache": {"line_size": 4, "destiny": {"leakage_power": 0.0003738, "hit_dynamic_energy": 0.00790113, "read_latency": 0.304819, "write_dynamic_energy": 0.00609866, "miss_dynamic_energy": 0.00790113}, "write_latency": 0, "invalid_latency": 0, "read_latency": 0, "sets": 8, "type": "cache", "children": ["main"], "size": 256}, "vrf": {"destiny": {"leakage_power": 0.00233276, "read_dynamic_energy": 0.00473775, "read_latency": 0.0549339, "write_dynamic_energy": 0.00455963}}, "cycles": 900096}