{"icache": {"read_latency": 0, "destiny": {"leakage_power": 0.000295922, "hit_dynamic_energy": 0.00356465, "read_latency": 0.243833, "write_dynamic_energy": 0.00285388, "miss_dynamic_energy": 0.00356465}, "write_latency": 0, "invalid_latency": 1, "line_size": 4, "sets": 2, "type": "cache", "children": ["main"], "size": 128}, "power": {"avg": {"total": 725924.989415212, "compute": 179493.39600000004, "vrf": 74765.88933824297, "memory": {"total": 471665.70407696895, "parts": {"icache": {"read": 73292.37971049061, "write": 0.0, "leakage": 295.922}, "main": {"read": 1952.8046929739562, "write": 505.6500484503346, "leakage": 37702.5}, "dcache": {"read": 335727.8410882691, "write": 21441.007536784986, "leakage": 747.599}}}}, "dynamic": 178723.896, "leakage": 769.5}, "energy": {"total": 12173.58059124575, "compute": 3010.0593775710004, "vrf": 1253.80527273, "memory": {"total": 7909.71594094475, "parts": {"main": {"read": 32.7480465, "write": 8.4796249, "leakage": 632.261499375}, "icache": {"read": 1229.09488465, "write": 0.0, "leakage": 4.9625379595000005}, "dcache": {"read": 5630.07196309, "write": 359.56033614, "leakage": 12.53704833025}}}}, "frequency": 100000000.0, "dcache": {"read_latency": 0, "destiny": {"leakage_power": 0.000747599, "hit_dynamic_energy": 0.00958981, "read_latency": 0.305483, "write_dynamic_energy": 0.00778734, "miss_dynamic_energy": 0.00958981}, "write_latency": 0, "invalid_latency": 1, "line_size": 4, "sets": 8, "type": "cache", "children": ["main"], "size": 512}, "vrf": {"destiny": {"leakage_power": 0.00233276, "read_dynamic_energy": 0.00473775, "read_latency": 0.0549339, "write_dynamic_energy": 0.00455963}}, "cycles": 1676975, "main": {"read_latency": 0, "destiny": {"leakage_power": 0.0377025, "read_dynamic_energy": 0.040280500000000004, "read_latency": 1.29522, "write_latency": 10.3834, "write_dynamic_energy": 0.0667687}, "write_latency": 0, "line_size": 4, "type": "main_mem", "size": 64}}