{"physical": {"/flow_top": {"energy": {"dynamic": 6.5209842867e-07, "internal": 5.0921550822e-07, "leakage": 1.9698094888e-08, "switching": 1.4288292045000001e-07, "total": 6.7179666818e-07}, "power": {"dynamic": 0.0004508985, "internal": 0.000352101, "leakage": 1.36204e-05, "switching": 9.87975e-05, "total": 0.000464519}}, "/flow_top/ALIGNER": {"energy": {"dynamic": 5.46585688398e-10, "internal": 5.1009770242e-10, "leakage": 3.0737670636e-12, "switching": 3.6487985978e-11, "total": 5.4965905052e-10}, "power": {"dynamic": 3.779409e-07, "internal": 3.52711e-07, "leakage": 2.12538e-09, "switching": 2.52299e-08, "total": 3.80066e-07}}, "/flow_top/CGRA": {"energy": {"dynamic": 3.76174259492e-07, "internal": 2.485618314e-07, "leakage": 2.2132806258e-09, "switching": 1.2761242809200002e-07, "total": 3.7838755458e-07}, "power": {"dynamic": 0.0002601086, "internal": 0.00017187, "leakage": 1.53039e-06, "switching": 8.82386e-05, "total": 0.000261639}}, "/flow_top/CORE": {"energy": {"dynamic": 1.930396812116e-08, "internal": 1.7931537158e-08, "leakage": 9.409179631e-10, "switching": 1.37243096316e-09, "total": 2.0244766048e-08}, "power": {"dynamic": 1.3347878000000001e-05, "internal": 1.23989e-05, "leakage": 6.50605e-07, "switching": 9.48978e-07, "total": 1.39984e-05}}, "/flow_top/INSN_DATA_CONFLICT": {"energy": {"dynamic": 1.37017196752e-12, "internal": 3.7712934318e-13, "leakage": 6.5687312399999995e-15, "switching": 9.9304262434e-13, "total": 1.3767406987600002e-12}, "power": {"dynamic": 9.47416e-10, "internal": 2.60769e-10, "leakage": 4.542e-12, "switching": 6.86647e-10, "total": 9.51958e-10}}, "/flow_top/MM": {"energy": {"dynamic": 2.560699982276e-07, "internal": 2.4221003316000003e-07, "leakage": 1.6538827298e-08, "switching": 1.3859965067599999e-08, "total": 2.7260813134000003e-07}, "power": {"dynamic": 0.00017706158000000002, "internal": 0.000167478, "leakage": 1.14359e-05, "switching": 9.58358e-06, "total": 0.000188497}}}, "perf": 72311}