{"physical": {"/panic_top": {"energy": {"dynamic": 3.880529508239999e-06, "internal": 2.90389613976e-06, "leakage": 1.11419644644e-07, "switching": 9.766333684799998e-07, "total": 3.99194615358e-06}, "power": {"dynamic": 0.000517524, "internal": 0.000387276, "leakage": 1.48594e-05, "switching": 0.000130248, "total": 0.000532383}}, "/panic_top/I2C_DEVICE": {"energy": {"dynamic": 8.645416547921998e-09, "internal": 7.954979016599999e-09, "leakage": 5.0904112505399996e-11, "switching": 6.90437531322e-10, "total": 8.696257000199999e-09}, "power": {"dynamic": 1.1529897e-06, "internal": 1.06091e-06, "leakage": 6.78879e-09, "switching": 9.20797e-08, "total": 1.15977e-06}}, "/panic_top/MEM": {"energy": {"dynamic": 2.0336030945999995e-06, "internal": 1.7620236156599998e-06, "leakage": 8.553640095e-08, "switching": 2.7157947893999996e-07, "total": 2.11914324468e-06}, "power": {"dynamic": 0.00027121, "internal": 0.000234991, "leakage": 1.14075e-05, "switching": 3.6219e-05, "total": 0.000282618}}, "/panic_top/MMIO": {"energy": {"dynamic": 5.73598894176e-10, "internal": 2.86180090812e-10, "leakage": 6.169568328e-13, "switching": 2.87418803364e-10, "total": 5.74215251148e-10}, "power": {"dynamic": 7.64976e-08, "internal": 3.81662e-08, "leakage": 8.228e-11, "switching": 3.83314e-08, "total": 7.65798e-08}}, "/panic_top/SCALAR": {"energy": {"dynamic": 9.32189681808e-07, "internal": 4.99480843554e-07, "leakage": 3.6766968084e-10, "switching": 4.3270883825399996e-07, "total": 9.325585962e-07}, "power": {"dynamic": 0.0001243208, "internal": 6.66129e-05, "leakage": 4.9034e-08, "switching": 5.77079e-05, "total": 0.00012437}}, "/panic_top/VCU": {"energy": {"dynamic": 9.043846340759998e-07, "internal": 6.336254647799999e-07, "leakage": 2.54624413428e-08, "switching": 2.70759169296e-07, "total": 9.298442260799999e-07}, "power": {"dynamic": 0.00012061259999999999, "internal": 8.4503e-05, "leakage": 3.39578e-06, "switching": 3.61096e-05, "total": 0.000124008}}}, "perf": 374913}