{"physical": {"/base_top": {"energy": {"dynamic": 5.300347015512001e-06, "internal": 4.33893856176e-06, "leakage": 1.97143699788e-07, "switching": 9.61408453752e-07, "total": 5.49748468692e-06}, "power": {"dynamic": 0.00043961620000000006, "internal": 0.000359876, "leakage": 1.63513e-05, "switching": 7.97402e-05, "total": 0.000455967}}, "/base_top/ARBITER": {"energy": {"dynamic": 5.61430263456e-08, "internal": 1.7817479928e-08, "leakage": 1.063734175872e-11, "switching": 3.83255464176e-08, "total": 5.6153756861999996e-08}, "power": {"dynamic": 4.65656e-06, "internal": 1.4778e-06, "leakage": 8.82272e-10, "switching": 3.17876e-06, "total": 4.65745e-06}}, "/base_top/I2C_DEVICE": {"energy": {"dynamic": 1.3528057273883998e-08, "internal": 1.28117543112e-08, "leakage": 7.26272697528e-11, "switching": 7.16302962684e-10, "total": 1.3600628117999999e-08}, "power": {"dynamic": 1.1220308999999999e-06, "internal": 1.06262e-06, "leakage": 6.02378e-09, "switching": 5.94109e-08, "total": 1.12805e-06}}, "/base_top/MEM": {"energy": {"dynamic": 2.4841387806876003e-06, "internal": 2.37832853436e-06, "leakage": 1.370552193e-07, "switching": 1.0581024632759998e-07, "total": 2.62118785104e-06}, "power": {"dynamic": 0.00020603701000000002, "internal": 0.000197261, "leakage": 1.13675e-05, "switching": 8.77601e-06, "total": 0.000217404}}, "/base_top/MMIO": {"energy": {"dynamic": 9.34075778832e-10, "internal": 4.6455781388399995e-10, "leakage": 9.3565280304e-13, "switching": 4.69517964948e-10, "total": 9.35011383408e-10}, "power": {"dynamic": 7.74732e-08, "internal": 3.85309e-08, "leakage": 7.7604e-11, "switching": 3.89423e-08, "total": 7.75508e-08}}, "/base_top/SCALAR": {"energy": {"dynamic": 1.0759754042999999e-06, "internal": 5.743237626e-07, "leakage": 5.53783866264e-10, "switching": 5.016516417e-07, "total": 1.076528809584e-06}, "power": {"dynamic": 8.924249999999999e-05, "internal": 4.7635e-05, "leakage": 4.59314e-08, "switching": 4.16075e-05, "total": 8.92884e-05}}, "/base_top/VCU": {"energy": {"dynamic": 1.626766782732e-06, "internal": 1.35314223156e-06, "leakage": 5.94475431264e-08, "switching": 2.73624551172e-07, "total": 1.68622228332e-06}, "power": {"dynamic": 0.0001349257, "internal": 0.000112231, "leakage": 4.93064e-06, "switching": 2.26947e-05, "total": 0.000139857}}}, "perf": 602838}