{"main": {"read_latency": 0, "destiny": {"leakage_power": 0.0377025, "read_dynamic_energy": 0.040280500000000004, "read_latency": 1.29522, "write_latency": 10.3834, "write_dynamic_energy": 0.0667687}, "write_latency": 0, "line_size": 4, "type": "main_mem", "size": 64}, "icache": {"line_size": 4, "destiny": {"leakage_power": 0.000295922, "hit_dynamic_energy": 0.00356465, "read_latency": 0.243833, "write_dynamic_energy": 0.00285388, "miss_dynamic_energy": 0.00356465}, "write_latency": 0, "invalid_latency": 1, "read_latency": 0, "sets": 2, "type": "cache", "children": ["main"], "size": 128}, "power": {"dynamic": 175634.103, "leakage": 769.488}, "energy": {"total": 10496.5674221373, "compute": 2740.9284079493, "vrf": 0, "memory": {"total": 7755.639014188, "parts": {"icache": {"read": 0, "write": 0.0, "leakage": 0}, "main": {"read": 1807.7082790000002, "write": 357.7466946, "leakage": 648.83966565}, "dcache": {"read": 4638.666510569999, "write": 296.24496822, "leakage": 6.432896147999999}}}}, "frequency": 100000000.0, "dcache": {"line_size": 4, "destiny": {"leakage_power": 0.0003738, "hit_dynamic_energy": 0.00790113, "read_latency": 0.304819, "write_dynamic_energy": 0.00609866, "miss_dynamic_energy": 0.00790113}, "write_latency": 0, "invalid_latency": 1, "read_latency": 0, "sets": 8, "type": "cache", "children": ["main"], "size": 256}, "vrf": {"destiny": {"leakage_power": 0.00233276, "read_dynamic_energy": 0.00473775, "read_latency": 0.0549339, "write_dynamic_energy": 0.00455963}}, "cycles": 1720946}