{"main": {"read_latency": 1, "destiny": {"leakage_power": 0.0377025, "read_dynamic_energy": 0.040280500000000004, "read_latency": 1.29522, "write_latency": 10.3834, "write_dynamic_energy": 0.0667687}, "write_latency": 1, "line_size": 4, "type": "main_mem", "size": 64}, "icache": {"line_size": 4, "destiny": {"leakage_power": 0.000591843, "hit_dynamic_energy": 0.00540088, "read_latency": 0.2445, "write_dynamic_energy": 0.00469011, "miss_dynamic_energy": 0.00540088}, "write_latency": 0, "invalid_latency": 0, "read_latency": 0, "sets": 2, "type": "cache", "children": ["main"], "size": 256}, "power": {"avg": {"total": 895761.1751801627, "compute": 224529.509, "vrf": 52246.96356131122, "memory": {"total": 618984.7026188514, "parts": {"main": {"read": 75726.9250579449, "write": 9334.500570251279, "leakage": 37702.50000000001}, "icache": {"read": 174657.79478312057, "write": 0.0, "leakage": 591.843}, "dcache": {"read": 298505.22044810717, "write": 22092.11875942754, "leakage": 373.79999999999995}}}}, "dynamic": 223760.49, "leakage": 769.019}, "energy": {"total": 243.47684502572, "compute": 61.029365841289994, "vrf": 14.201247165600002, "memory": {"total": 168.24623201883, "parts": {"icache": {"read": 47.4737352, "write": 0.0, "leakage": 0.16086884583}, "main": {"read": 20.5833355, "write": 2.5372106, "leakage": 10.247916525}, "dcache": {"read": 81.13670397, "write": 6.004858799999999, "leakage": 0.10160257799999999}}}}, "frequency": 100000000.0, "dcache": {"line_size": 4, "destiny": {"leakage_power": 0.0003738, "hit_dynamic_energy": 0.00790113, "read_latency": 0.304819, "write_dynamic_energy": 0.00609866, "miss_dynamic_energy": 0.00790113}, "write_latency": 0, "invalid_latency": 0, "read_latency": 0, "sets": 8, "type": "cache", "children": ["main"], "size": 256}, "vrf": {"destiny": {"leakage_power": 0.00233276, "read_dynamic_energy": 0.00473775, "read_latency": 0.0549339, "write_dynamic_energy": 0.00455963}}, "cycles": 27181}