{"physical": {"/manic_top": {"energy": {"dynamic": 4.009027231104001e-06, "internal": 3.3743501232e-06, "leakage": 2.64243012992e-07, "switching": 6.34677107904e-07, "total": 4.27326645088e-06}, "power": {"dynamic": 0.00021137880000000002, "internal": 0.000177915, "leakage": 1.39324e-05, "switching": 3.34638e-05, "total": 0.000225311}}, "/manic_top/ARBITER": {"energy": {"dynamic": 3.3467734428799994e-08, "internal": 1.27535508352e-08, "leakage": 1.479746837856e-11, "switching": 2.07141835936e-08, "total": 3.34825279712e-08}, "power": {"dynamic": 1.7646099999999999e-06, "internal": 6.7244e-07, "leakage": 7.80207e-10, "switching": 1.09217e-06, "total": 1.76539e-06}}, "/manic_top/I2C_DEVICE": {"energy": {"dynamic": 1.59934644521792e-08, "internal": 1.5839957931839998e-08, "leakage": 1.167415329024e-10, "switching": 1.535065203392e-10, "total": 1.6110205605760002e-08}, "power": {"dynamic": 8.4326674e-07, "internal": 8.35173e-07, "leakage": 6.15528e-09, "switching": 8.09374e-09, "total": 8.49422e-07}}, "/manic_top/MEM": {"energy": {"dynamic": 1.337261316944e-06, "internal": 1.3066130799679999e-06, "leakage": 2.15591224576e-07, "switching": 3.0648236976e-08, "total": 1.552851593216e-06}, "power": {"dynamic": 7.050805e-05, "internal": 6.88921e-05, "leakage": 1.13672e-05, "switching": 1.61595e-06, "total": 8.18752e-05}}, "/manic_top/MMIO": {"energy": {"dynamic": 6.0744561024e-11, "internal": 2.94327009088e-11, "leakage": 1.73300659392e-12, "switching": 3.1311860115200003e-11, "total": 6.24774917536e-11}, "power": {"dynamic": 3.2028e-09, "internal": 1.55186e-09, "leakage": 9.1374e-11, "switching": 1.65094e-09, "total": 3.29417e-09}}, "/manic_top/SCALAR": {"energy": {"dynamic": 1.28360532832e-07, "internal": 7.935445804159999e-08, "leakage": 8.68312660992e-10, "switching": 4.900607479039999e-08, "total": 1.292287999744e-07}, "power": {"dynamic": 6.7679e-06, "internal": 4.18402e-06, "leakage": 4.57824e-08, "switching": 2.58388e-06, "total": 6.81368e-06}}, "/manic_top/VCU": {"energy": {"dynamic": 2.3722905626560003e-06, "internal": 1.9581529296e-06, "leakage": 4.76467758368e-08, "switching": 4.1413763305599996e-07, "total": 2.41993904544e-06}, "power": {"dynamic": 0.0001250807, "internal": 0.000103245, "leakage": 2.51221e-06, "switching": 2.18357e-05, "total": 0.000127593}}}, "perf": 948304}