{"physical": {"/panic_top": {"energy": {"dynamic": 2.2793286299999999e-07, "internal": 1.7150753000000002e-07, "leakage": 6.855456999999999e-09, "switching": 5.6425332999999994e-08, "total": 2.3478832000000002e-07}, "power": {"dynamic": 0.000498759, "internal": 0.00037529, "leakage": 1.5001e-05, "switching": 0.000123469, "total": 0.00051376}}, "/panic_top/I2C_DEVICE": {"energy": {"dynamic": 9.058768249999999e-10, "internal": 7.7211064e-10, "leakage": 3.18301871e-12, "switching": 1.33766185e-10, "total": 9.0905983e-10}, "power": {"dynamic": 1.982225e-06, "internal": 1.68952e-06, "leakage": 6.96503e-09, "switching": 2.92705e-07, "total": 1.98919e-06}}, "/panic_top/MEM": {"energy": {"dynamic": 1.203372857e-07, "internal": 1.03195627e-07, "leakage": 5.2153297e-09, "switching": 1.71416587e-08, "total": 1.25552981e-07}, "power": {"dynamic": 0.00026332009999999997, "internal": 0.000225811, "leakage": 1.14121e-05, "switching": 3.75091e-05, "total": 0.000274733}}, "/panic_top/MMIO": {"energy": {"dynamic": 4.47833494e-11, "internal": 2.2261521100000002e-11, "leakage": 3.700329e-14, "switching": 2.25218283e-11, "total": 4.48203664e-11}, "power": {"dynamic": 9.799420000000001e-08, "internal": 4.87123e-08, "leakage": 8.097e-11, "switching": 4.92819e-08, "total": 9.80752e-08}}, "/panic_top/SCALAR": {"energy": {"dynamic": 6.85219402e-08, "internal": 3.69051721e-08, "leakage": 2.35511751e-11, "switching": 3.16167681e-08, "total": 6.854543e-08}, "power": {"dynamic": 0.0001499386, "internal": 8.07553e-05, "leakage": 5.15343e-08, "switching": 6.91833e-05, "total": 0.00014999}}, "/panic_top/VCU": {"energy": {"dynamic": 3.8029803400000004e-08, "internal": 3.05699639e-08, "leakage": 1.6132419899999999e-09, "switching": 7.4598395e-09, "total": 3.9643059100000004e-08}, "power": {"dynamic": 8.321620000000001e-05, "internal": 6.68927e-05, "leakage": 3.53007e-06, "switching": 1.63235e-05, "total": 8.67463e-05}}}, "perf": 22850}