{"physical": {"/manic_top": {"energy": {"dynamic": 8.6144145648e-08, "internal": 6.79478646e-08, "leakage": 6.269676468e-09, "switching": 1.8196281048e-08, "total": 9.24141372e-08}, "power": {"dynamic": 0.0001913804, "internal": 0.000150955, "leakage": 1.39289e-05, "switching": 4.04254e-05, "total": 0.00020531}}, "/manic_top/ARBITER": {"energy": {"dynamic": 7.214082242399999e-10, "internal": 2.7733738691999997e-10, "leakage": 3.5167605528e-13, "switching": 4.4407083731999997e-10, "total": 7.217584176e-10}, "power": {"dynamic": 1.602702e-06, "internal": 6.16141e-07, "leakage": 7.81294e-10, "switching": 9.86561e-07, "total": 1.60348e-06}}, "/manic_top/I2C_DEVICE": {"energy": {"dynamic": 7.7437834584e-10, "internal": 6.682526532e-10, "leakage": 2.7759710615999998e-12, "switching": 1.0612569264e-10, "total": 7.77154686e-10}, "power": {"dynamic": 1.720382e-06, "internal": 1.48461e-06, "leakage": 6.16718e-09, "switching": 2.35772e-07, "total": 1.72655e-06}}, "/manic_top/MEM": {"energy": {"dynamic": 4.0514108382000003e-08, "internal": 3.9075052235999996e-08, "leakage": 5.116559052e-09, "switching": 1.439056146e-09, "total": 4.5630914999999996e-08}, "power": {"dynamic": 9.000735e-05, "internal": 8.68103e-05, "leakage": 1.13671e-05, "switching": 3.19705e-06, "total": 0.000101375}}, "/manic_top/MMIO": {"energy": {"dynamic": 7.454882938799999e-12, "internal": 3.5792372088e-12, "leakage": 4.0216871639999993e-14, "switching": 3.87564573e-12, "total": 7.495083156e-12}, "power": {"dynamic": 1.656199e-08, "internal": 7.95174e-09, "leakage": 8.9347e-11, "switching": 8.61025e-09, "total": 1.66513e-08}}, "/manic_top/SCALAR": {"energy": {"dynamic": 1.2711973955999998e-08, "internal": 6.995179883999999e-09, "leakage": 2.0351230547999997e-11, "switching": 5.716794072e-09, "total": 1.273231938e-08}, "power": {"dynamic": 2.8241299999999997e-05, "internal": 1.55407e-05, "leakage": 4.52129e-08, "switching": 1.27006e-05, "total": 2.82865e-05}}, "/manic_top/VCU": {"energy": {"dynamic": 2.8518387876e-08, "internal": 2.0869678764e-08, "leakage": 1.1294906172000001e-09, "switching": 7.648709112e-09, "total": 2.964782898e-08}, "power": {"dynamic": 6.33573e-05, "internal": 4.63647e-05, "leakage": 2.50931e-06, "switching": 1.69926e-05, "total": 6.58665e-05}}}, "perf": 22506}