{"physical": {"/scalar_top": {"energy": {"dynamic": 5.5052792192e-06, "internal": 4.2681085630000005e-06, "leakage": 1.467247068e-07, "switching": 1.2371706562e-06, "total": 5.652003926e-06}, "power": {"dynamic": 0.0004283264, "internal": 0.000332071, "leakage": 1.14156e-05, "switching": 9.62554e-05, "total": 0.000439742}}, "/scalar_top/I2C_DEVICE": {"energy": {"dynamic": 1.5516051629e-08, "internal": 1.399588876e-08, "leakage": 7.771617862e-11, "switching": 1.520162869e-09, "total": 1.559377372e-08}, "power": {"dynamic": 1.207193e-06, "internal": 1.08892e-06, "leakage": 6.04654e-09, "switching": 1.18273e-07, "total": 1.21324e-06}}, "/scalar_top/MEM": {"energy": {"dynamic": 3.2936172384e-06, "internal": 3.137532977e-06, "leakage": 1.460537802e-07, "switching": 1.560842614e-07, "total": 3.439681301e-06}, "power": {"dynamic": 0.0002562528, "internal": 0.000244109, "leakage": 1.13634e-05, "switching": 1.21438e-05, "total": 0.000267617}}, "/scalar_top/MMIO": {"energy": {"dynamic": 2.4159385657e-09, "internal": 1.1773296588e-09, "leakage": 9.806453409999999e-13, "switching": 1.2386089068999999e-09, "total": 2.416916679e-09}, "power": {"dynamic": 1.8796689999999999e-07, "internal": 9.15996e-08, "leakage": 7.6297e-11, "switching": 9.63673e-08, "total": 1.88043e-07}}, "/scalar_top/SCALAR": {"energy": {"dynamic": 2.1457505115e-06, "internal": 1.1102292869999998e-06, "leakage": 5.818720189e-10, "switching": 1.0355212245e-06, "total": 2.146335323e-06}, "power": {"dynamic": 0.0001669455, "internal": 8.6379e-05, "leakage": 4.52713e-08, "switching": 8.05665e-05, "total": 0.000166991}}}, "perf": 642650}