{"physical": {"/panic_top": {"energy": {"dynamic": 3.62128988848e-06, "internal": 2.65534292216e-06, "leakage": 5.9050976471999994e-08, "switching": 9.6594696632e-07, "total": 3.6803444375199998e-06}, "power": {"dynamic": 0.000912274, "internal": 0.000668933, "leakage": 1.48761e-05, "switching": 0.000243341, "total": 0.000927151}}, "/panic_top/I2C_DEVICE": {"energy": {"dynamic": 4.406248972111999e-09, "internal": 4.185025240799999e-09, "leakage": 2.6962647038399998e-11, "switching": 2.21223731312e-10, "total": 4.433199631199999e-09}, "power": {"dynamic": 1.1100206e-06, "internal": 1.05429e-06, "leakage": 6.79242e-09, "switching": 5.57306e-08, "total": 1.11681e-06}}, "/panic_top/MEM": {"energy": {"dynamic": 1.53435245892e-06, "internal": 1.40576978232e-06, "leakage": 4.5285078064e-08, "switching": 1.285826766e-07, "total": 1.5796387278399999e-06}, "power": {"dynamic": 0.0003865335, "internal": 0.000354141, "leakage": 1.14082e-05, "switching": 3.23925e-05, "total": 0.000397942}}, "/panic_top/MMIO": {"energy": {"dynamic": 1.24936275528e-10, "internal": 6.2126560568e-11, "leakage": 3.3805623176e-13, "switching": 6.280971495999999e-11, "total": 1.25274478632e-10}, "power": {"dynamic": 3.14739e-08, "internal": 1.56509e-08, "leakage": 8.5163e-11, "switching": 1.5823e-08, "total": 3.15591e-08}}, "/panic_top/SCALAR": {"energy": {"dynamic": 2.0559612802400001e-07, "internal": 1.12142512568e-07, "leakage": 1.944866324e-10, "switching": 9.3453615456e-08, "total": 2.0579063450399997e-07}, "power": {"dynamic": 5.1793700000000005e-05, "internal": 2.82509e-05, "leakage": 4.8995e-08, "switching": 2.35428e-05, "total": 5.18427e-05}}, "/panic_top/VCU": {"energy": {"dynamic": 1.8763206526399998e-06, "internal": 1.13295658128e-06, "leakage": 1.354300986e-08, "switching": 7.4336407136e-07, "total": 1.88986465488e-06}, "power": {"dynamic": 0.000472682, "internal": 0.000285414, "leakage": 3.41175e-06, "switching": 0.000187268, "total": 0.000476094}}}, "perf": 198476}