{"physical": {"/panic_top": {"energy": {"dynamic": 1.5570410914800002e-06, "internal": 1.2420706725e-06, "leakage": 3.5196323148e-08, "switching": 3.1497041897999997e-07, "total": 1.59223694112e-06}, "power": {"dynamic": 0.000657662, "internal": 0.000524625, "leakage": 1.48662e-05, "switching": 0.000133037, "total": 0.000672528}}, "/panic_top/I2C_DEVICE": {"energy": {"dynamic": 2.749565544138e-09, "internal": 2.5759545462e-09, "leakage": 1.6095010428e-11, "switching": 1.7361099793800002e-10, "total": 2.7656655264e-09}, "power": {"dynamic": 1.1613597e-06, "internal": 1.08803e-06, "leakage": 6.7982e-09, "switching": 7.33297e-08, "total": 1.16816e-06}}, "/panic_top/MEM": {"energy": {"dynamic": 8.76951494748e-07, "internal": 7.93836162e-07, "leakage": 2.7007475796e-08, "switching": 8.3115332748e-08, "total": 9.039599175600001e-07}, "power": {"dynamic": 0.0003704062, "internal": 0.0003353, "leakage": 1.14074e-05, "switching": 3.51062e-05, "total": 0.000381814}}, "/panic_top/MMIO": {"energy": {"dynamic": 8.246023443e-11, "internal": 4.1013368928e-11, "leakage": 2.0498871582000001e-13, "switching": 4.1446865502e-11, "total": 8.2665263394e-11}, "power": {"dynamic": 3.48295e-08, "internal": 1.73232e-08, "leakage": 8.6583e-11, "switching": 1.75063e-08, "total": 3.49161e-08}}, "/panic_top/SCALAR": {"energy": {"dynamic": 1.0744748834399999e-07, "internal": 5.9351386752e-08, "leakage": 1.1564012375999999e-10, "switching": 4.8096101592e-08, "total": 1.0756302429600001e-07}, "power": {"dynamic": 4.53836e-05, "internal": 2.50688e-05, "leakage": 4.8844e-08, "switching": 2.03148e-05, "total": 4.54324e-05}}, "/panic_top/VCU": {"energy": {"dynamic": 5.69632018032e-07, "internal": 3.8618602218e-07, "leakage": 8.056336138199999e-09, "switching": 1.8344599585200002e-07, "total": 5.776868626199999e-07}, "power": {"dynamic": 0.0002406008, "internal": 0.000163117, "leakage": 3.40283e-06, "switching": 7.74838e-05, "total": 0.000244003}}}, "perf": 118377}