{"physical": {"/base_top": {"energy": {"dynamic": 3.10127364079e-06, "internal": 2.69761842272e-06, "leakage": 1.0304314007e-07, "switching": 4.0365521807000004e-07, "total": 3.2043167808600004e-06}, "power": {"dynamic": 0.0004920985, "internal": 0.000428048, "leakage": 1.63505e-05, "switching": 6.40505e-05, "total": 0.000508449}}, "/base_top/ARBITER": {"energy": {"dynamic": 3.4232783330200005e-08, "internal": 1.08630617394e-08, "leakage": 5.50686034912e-12, "switching": 2.3369721590800002e-08, "total": 3.4238266192e-08}, "power": {"dynamic": 5.43193e-06, "internal": 1.72371e-06, "leakage": 8.73808e-10, "switching": 3.70822e-06, "total": 5.4328e-06}}, "/base_top/I2C_DEVICE": {"energy": {"dynamic": 6.4913025133839995e-09, "internal": 6.2141936363e-09, "leakage": 3.803971704e-11, "switching": 2.77108877084e-10, "total": 6.5293321470000005e-09}, "power": {"dynamic": 1.0300156e-06, "internal": 9.86045e-07, "leakage": 6.036e-09, "switching": 4.39706e-08, "total": 1.03605e-06}}, "/base_top/MEM": {"energy": {"dynamic": 1.2104376609208001e-06, "internal": 1.16077226018e-06, "leakage": 7.1638946236e-08, "switching": 4.9665400740800004e-08, "total": 1.2820758509e-06}, "power": {"dynamic": 0.00019206772, "internal": 0.000184187, "leakage": 1.13674e-05, "switching": 7.88072e-06, "total": 0.000203435}}, "/base_top/MMIO": {"energy": {"dynamic": 1.9901779991600004e-10, "internal": 9.722248356600001e-11, "leakage": 5.295877306200001e-13, "switching": 1.0179531634999999e-10, "total": 1.99547179676e-10}, "power": {"dynamic": 3.15794e-08, "internal": 1.54269e-08, "leakage": 8.4033e-11, "switching": 1.61525e-08, "total": 3.16634e-08}}, "/base_top/SCALAR": {"energy": {"dynamic": 3.0490698641e-07, "internal": 1.6176332952e-07, "leakage": 2.85422660172e-10, "switching": 1.4314365689e-07, "total": 3.0519184313800005e-07}, "power": {"dynamic": 4.83815e-05, "internal": 2.5668e-05, "leakage": 4.52898e-08, "switching": 2.27135e-05, "total": 4.84267e-05}}, "/base_top/VCU": {"energy": {"dynamic": 1.5228535210980001e-06, "internal": 1.3571028276000001e-06, "leakage": 3.10729533556e-08, "switching": 1.65750693498e-07, "total": 1.5539249619400002e-06}, "power": {"dynamic": 0.00024164070000000002, "internal": 0.00021534, "leakage": 4.93054e-06, "switching": 2.63007e-05, "total": 0.000246571}}}, "perf": 315107}