{"physical": {"/panic_top": {"energy": {"dynamic": 5.3733225600000005e-09, "internal": 4.0743396000000005e-09, "leakage": 2.45955744e-10, "switching": 1.2989829600000002e-09, "total": 5.61928824e-09}, "power": {"dynamic": 0.00032447600000000003, "internal": 0.000246035, "leakage": 1.48524e-05, "switching": 7.8441e-05, "total": 0.000339329}}, "/panic_top/I2C_DEVICE": {"energy": {"dynamic": 1.4913141120000002e-10, "internal": 1.1425721040000001e-10, "leakage": 1.139513472e-13, "switching": 3.48742008e-11, "total": 1.49245344e-10}, "power": {"dynamic": 9.00552e-06, "internal": 6.89959e-06, "leakage": 6.88112e-09, "switching": 2.10593e-06, "total": 9.0124e-06}}, "/panic_top/MEM": {"energy": {"dynamic": 2.415945024e-09, "internal": 2.0982348e-09, "leakage": 1.8890985600000002e-10, "switching": 3.17710224e-10, "total": 2.60485488e-09}, "power": {"dynamic": 0.0001458904, "internal": 0.000126705, "leakage": 1.14076e-05, "switching": 1.91854e-05, "total": 0.000157298}}, "/panic_top/MMIO": {"energy": {"dynamic": 1.1205174960000003e-12, "internal": 5.503484160000001e-13, "leakage": 1.3183416e-15, "switching": 5.7016908e-13, "total": 1.121835672e-12}, "power": {"dynamic": 6.766410000000001e-08, "internal": 3.32336e-08, "leakage": 7.961e-11, "switching": 3.44305e-08, "total": 6.77437e-08}}, "/panic_top/SCALAR": {"energy": {"dynamic": 1.422169488e-09, "internal": 7.59352176e-10, "leakage": 8.118407520000001e-13, "switching": 6.62817312e-10, "total": 1.4229809279999999e-09}, "power": {"dynamic": 8.58798e-05, "internal": 4.58546e-05, "leakage": 4.90242e-08, "switching": 4.00252e-05, "total": 8.59288e-05}}, "/panic_top/VCU": {"energy": {"dynamic": 1.382513256e-09, "internal": 1.100804472e-09, "leakage": 5.6114388e-11, "switching": 2.81708784e-10, "total": 1.4386284720000001e-09}, "power": {"dynamic": 8.34851e-05, "internal": 6.64737e-05, "leakage": 3.38855e-06, "switching": 1.70114e-05, "total": 8.68737e-05}}}, "perf": 828}