{"physical": {"/scalar_top": {"energy": {"dynamic": 2.6726294174160002e-06, "internal": 2.0623958729600002e-06, "leakage": 7.273280159200001e-08, "switching": 6.102335444560001e-07, "total": 2.745367316e-06}, "power": {"dynamic": 0.00041948340000000004, "internal": 0.000323704, "leakage": 1.14158e-05, "switching": 9.57794e-05, "total": 0.0004309}}, "/scalar_top/I2C_DEVICE": {"energy": {"dynamic": 7.92616023572e-09, "internal": 6.869662105200001e-09, "leakage": 3.8489425388800006e-11, "switching": 1.05649813052e-09, "total": 7.9646234116e-09}, "power": {"dynamic": 1.244053e-06, "internal": 1.07823e-06, "leakage": 6.04112e-09, "switching": 1.65823e-07, "total": 1.25009e-06}}, "/scalar_top/MEM": {"energy": {"dynamic": 1.554271006364e-06, "internal": 1.4815872633200001e-06, "leakage": 7.239894861600001e-08, "switching": 7.2683743044e-08, "total": 1.6266667693599999e-06}, "power": {"dynamic": 0.00024395110000000002, "internal": 0.000232543, "leakage": 1.13634e-05, "switching": 1.14081e-05, "total": 0.000255314}}, "/scalar_top/MMIO": {"energy": {"dynamic": 1.3457970252e-09, "internal": 6.8158251272e-10, "leakage": 4.1081118396e-13, "switching": 6.6421451248e-10, "total": 1.3462111558e-09}, "power": {"dynamic": 2.1123e-07, "internal": 1.06978e-07, "leakage": 6.4479e-11, "switching": 1.04252e-07, "total": 2.11295e-07}}, "/scalar_top/SCALAR": {"energy": {"dynamic": 1.08659586828e-06, "internal": 5.71079089036e-07, "leakage": 2.89316734152e-10, "switching": 5.15516779244e-07, "total": 1.0868825740800002e-06}, "power": {"dynamic": 0.000170547, "internal": 8.96339e-05, "leakage": 4.54098e-08, "switching": 8.09131e-05, "total": 0.000170592}}}, "perf": 318562}