{"physical": {"/panic_top": {"energy": {"dynamic": 5.3215082079999995e-08, "internal": 3.9907960959999994e-08, "leakage": 1.827685288e-09, "switching": 1.330712112e-08, "total": 5.504280392e-08}, "power": {"dynamic": 0.000436762, "internal": 0.000327544, "leakage": 1.50007e-05, "switching": 0.000109218, "total": 0.000451763}}, "/panic_top/I2C_DEVICE": {"energy": {"dynamic": 4.6331256103999997e-10, "internal": 3.712988712e-10, "leakage": 8.515202656e-13, "switching": 9.201368984e-11, "total": 4.641641008e-10}, "power": {"dynamic": 3.8026309999999996e-06, "internal": 3.04743e-06, "leakage": 6.98884e-09, "switching": 7.55201e-07, "total": 3.80962e-06}}, "/panic_top/MEM": {"energy": {"dynamic": 2.4513793744e-08, "internal": 2.1151423999999998e-08, "leakage": 1.39043808e-09, "switching": 3.3623697439999997e-09, "total": 2.590428056e-08}, "power": {"dynamic": 0.0002011966, "internal": 0.0001736, "leakage": 1.1412e-05, "switching": 2.75966e-05, "total": 0.000212609}}, "/panic_top/MMIO": {"energy": {"dynamic": 5.950434104e-12, "internal": 2.855588448e-12, "leakage": 1.023053928e-14, "switching": 3.094845656e-12, "total": 5.960668664e-12}, "power": {"dynamic": 4.88381e-08, "internal": 2.34372e-08, "leakage": 8.3967e-11, "switching": 2.54009e-08, "total": 4.89221e-08}}, "/panic_top/SCALAR": {"energy": {"dynamic": 9.895613304e-09, "internal": 5.288124048e-09, "leakage": 6.269167544e-12, "switching": 4.607489256e-09, "total": 9.90187588e-09}, "power": {"dynamic": 8.12181e-05, "internal": 4.34022e-05, "leakage": 5.14541e-08, "switching": 3.78159e-05, "total": 8.12695e-05}}, "/panic_top/VCU": {"energy": {"dynamic": 1.832284748e-08, "internal": 1.30880528e-08, "leakage": 4.3008301599999996e-10, "switching": 5.23479468e-09, "total": 1.87530036e-08}, "power": {"dynamic": 0.0001503845, "internal": 0.00010742, "leakage": 3.5299e-06, "switching": 4.29645e-05, "total": 0.000153915}}}, "perf": 6092}