{"physical": {"/panic_top": {"energy": {"dynamic": 1.1167611702e-08, "internal": 8.5579659e-09, "leakage": 6.16253148e-10, "switching": 2.609645802e-09, "total": 1.178384412e-08}, "power": {"dynamic": 0.0002693587, "internal": 0.000206415, "leakage": 1.48638e-05, "switching": 6.29437e-05, "total": 0.000284222}}, "/panic_top/I2C_DEVICE": {"energy": {"dynamic": 2.690791314e-10, "internal": 2.0935434299999999e-10, "leakage": 2.8461502260000003e-13, "switching": 5.97247884e-11, "total": 2.693639616e-10}, "power": {"dynamic": 6.49009e-06, "internal": 5.04955e-06, "leakage": 6.86481e-09, "switching": 1.44054e-06, "total": 6.49696e-06}}, "/panic_top/MEM": {"energy": {"dynamic": 4.452397692e-09, "internal": 3.902683698e-09, "leakage": 4.72946658e-10, "switching": 5.497139939999999e-10, "total": 4.92532362e-09}, "power": {"dynamic": 0.0001073902, "internal": 9.41313e-05, "leakage": 1.14073e-05, "switching": 1.32589e-05, "total": 0.000118797}}, "/panic_top/MMIO": {"energy": {"dynamic": 1.321885764e-12, "internal": 6.5763852e-13, "leakage": 3.5151860999999997e-15, "switching": 6.64247244e-13, "total": 1.3254015720000002e-12}, "power": {"dynamic": 3.1883400000000003e-08, "internal": 1.5862e-08, "leakage": 8.4785e-11, "switching": 1.60214e-08, "total": 3.19682e-08}}, "/panic_top/SCALAR": {"energy": {"dynamic": 1.947032082e-09, "internal": 1.0557540239999999e-09, "leakage": 2.026734786e-12, "switching": 8.912780580000001e-10, "total": 1.949059476e-09}, "power": {"dynamic": 4.69617e-05, "internal": 2.54644e-05, "leakage": 4.88841e-08, "switching": 2.14973e-05, "total": 4.70106e-05}}, "/panic_top/VCU": {"energy": {"dynamic": 4.495640472e-09, "internal": 3.3885258e-09, "leakage": 1.409797548e-10, "switching": 1.107114672e-09, "total": 4.63663764e-09}, "power": {"dynamic": 0.0001084332, "internal": 8.173e-05, "leakage": 3.40038e-06, "switching": 2.67032e-05, "total": 0.000111834}}}, "perf": 2073}