{"icache": {"read_latency": 0, "destiny": {"leakage_power": 0.000295922, "hit_dynamic_energy": 0.00356465, "read_latency": 0.243833, "write_dynamic_energy": 0.00285388, "miss_dynamic_energy": 0.00356465}, "write_latency": 0, "invalid_latency": 0, "line_size": 4, "sets": 2, "type": "cache", "children": ["main"], "size": 128}, "power": {"avg": {"total": 910327.0673650246, "compute": 224609.918, "vrf": 52135.19620145364, "memory": {"total": 633581.953163571, "parts": {"icache": {"read": 114795.80959547758, "write": 0.0, "leakage": 295.922}, "main": {"read": 86646.98994200132, "write": 5146.98884076059, "leakage": 37702.5}, "dcache": {"read": 361492.3973643639, "write": 26753.746420967625, "leakage": 747.599}}}}, "dynamic": 223840.883, "leakage": 769.035}, "energy": {"total": 247.99129969158, "compute": 61.18823386156, "vrf": 14.202670149200001, "memory": {"total": 172.60039568082, "parts": {"main": {"read": 23.604373000000002, "write": 1.4021427, "leakage": 10.27091505}, "icache": {"read": 31.27267445, "write": 0.0, "leakage": 0.08061507124}, "dcache": {"read": 98.47775889, "write": 7.2882556, "leakage": 0.20366091958000002}}}}, "frequency": 100000000.0, "dcache": {"read_latency": 0, "destiny": {"leakage_power": 0.000747599, "hit_dynamic_energy": 0.00958981, "read_latency": 0.305483, "write_dynamic_energy": 0.00778734, "miss_dynamic_energy": 0.00958981}, "write_latency": 0, "invalid_latency": 0, "line_size": 4, "sets": 8, "type": "cache", "children": ["main"], "size": 512}, "vrf": {"destiny": {"leakage_power": 0.00233276, "read_dynamic_energy": 0.00473775, "read_latency": 0.0549339, "write_dynamic_energy": 0.00455963}}, "cycles": 27242, "main": {"read_latency": 1, "destiny": {"leakage_power": 0.0377025, "read_dynamic_energy": 0.040280500000000004, "read_latency": 1.29522, "write_latency": 10.3834, "write_dynamic_energy": 0.0667687}, "write_latency": 1, "line_size": 4, "type": "main_mem", "size": 64}}