{"main": {"read_latency": 0, "destiny": {"leakage_power": 0.0377025, "read_dynamic_energy": 0.040280500000000004, "read_latency": 1.29522, "write_latency": 10.3834, "write_dynamic_energy": 0.0667687}, "write_latency": 0, "line_size": 4, "type": "main_mem", "size": 64}, "icache": {"line_size": 4, "destiny": {"leakage_power": 0.000295922, "hit_dynamic_energy": 0.00356465, "read_latency": 0.243833, "write_dynamic_energy": 0.00285388, "miss_dynamic_energy": 0.00356465}, "write_latency": 0, "invalid_latency": 1, "read_latency": 0, "sets": 2, "type": "cache", "children": ["main"], "size": 128}, "power": {"avg": {"total": 847826.6915051457, "compute": 272859.773, "vrf": 0.0, "memory": {"total": 574966.9185051457, "parts": {"icache": {"read": 340709.71856637456, "write": 0.0, "leakage": 295.922}, "main": {"read": 9607.083752120132, "write": 366.33406418982145, "leakage": 37702.5}, "dcache": {"read": 137169.48790349966, "write": 48742.072218961555, "leakage": 373.79999999999995}}}}, "dynamic": 272516.904, "leakage": 342.869}, "insns": 2794607, "energy": {"total": 28587.38494964785, "compute": 9200.403155716389, "vrf": 0, "memory": {"total": 19386.98179393146, "parts": {"main": {"read": 323.935781, "write": 12.3522095, "leakage": 1271.269107075}, "icache": {"read": 11488.1967958, "write": 0.0, "leakage": 9.978025242460001}, "dcache": {"read": 4625.13977601, "write": 1643.50615017, "leakage": 12.603949133999999}}}}, "frequency": 100000000.0, "dcache": {"line_size": 4, "destiny": {"leakage_power": 0.0003738, "hit_dynamic_energy": 0.00790113, "read_latency": 0.304819, "write_dynamic_energy": 0.00609866, "miss_dynamic_energy": 0.00790113}, "write_latency": 0, "invalid_latency": 1, "read_latency": 0, "sets": 8, "type": "cache", "children": ["main"], "size": 256}, "vrf": {"destiny": {"leakage_power": 0.00233276, "read_dynamic_energy": 0.00473775, "read_latency": 0.0549339, "write_dynamic_energy": 0.00455963}}, "cycles": 3371843}