{"main": {"read_latency": 0, "destiny": {"leakage_power": 0.0377025, "read_dynamic_energy": 0.040280500000000004, "read_latency": 1.29522, "write_latency": 10.3834, "write_dynamic_energy": 0.0667687}, "write_latency": 0, "line_size": 4, "type": "main_mem", "size": 64}, "icache": {"read_latency": 0, "destiny": {"leakage_power": 0.000295922, "hit_dynamic_energy": 0.00356465, "read_latency": 0.243833, "write_dynamic_energy": 0.00285388, "miss_dynamic_energy": 0.00356465}, "write_latency": 0, "invalid_latency": 1, "line_size": 4, "sets": 2, "type": "cache", "children": ["main"], "size": 128}, "power": {"avg": {"total": 862402.4281537423, "compute": 253841.307, "vrf": 213884.38147204544, "memory": {"total": 394676.7396816968, "parts": {"main": {"read": 85480.73650879624, "write": 18619.69086976297, "leakage": 37702.5}, "icache": {"read": 65445.42002492874, "write": 0.0, "leakage": 295.922}, "dcache": {"read": 154166.69076838146, "write": 32591.979509827404, "leakage": 373.7999999999999}}}}, "dynamic": 252951.387, "leakage": 889.92}, "energy": {"total": 12419.50048796345, "compute": 3655.58135417235, "vrf": 3080.159671798, "memory": {"total": 5683.7594619931, "parts": {"icache": {"read": 942.48276605, "write": 0.0, "leakage": 4.261587518100001}, "main": {"read": 1231.0123605, "write": 268.1430992, "leakage": 542.955587625}, "dcache": {"read": 2220.16222209, "write": 469.35872651999995, "leakage": 5.3831124899999985}}}}, "frequency": 100000000.0, "dcache": {"read_latency": 0, "destiny": {"leakage_power": 0.0003738, "hit_dynamic_energy": 0.00790113, "read_latency": 0.304819, "write_dynamic_energy": 0.00609866, "miss_dynamic_energy": 0.00790113}, "write_latency": 0, "invalid_latency": 1, "line_size": 4, "sets": 8, "type": "cache", "children": ["main"], "size": 256}, "vrf": {"destiny": {"leakage_power": 0.00233276, "read_dynamic_energy": 0.00473775, "read_latency": 0.0549339, "write_dynamic_energy": 0.00455963}}, "cycles": 1440105}