{"physical": {"/panic_top": {"energy": {"dynamic": 7.76476712e-09, "internal": 5.740175599999999e-09, "leakage": 3.0668768e-10, "switching": 2.02459152e-09, "total": 8.071454800000001e-09}, "power": {"dynamic": 0.0003662626, "internal": 0.000270763, "leakage": 1.44664e-05, "switching": 9.54996e-05, "total": 0.000380729}}, "/panic_top/I2C_DEVICE": {"energy": {"dynamic": 1.7651671200000002e-10, "internal": 1.35937156e-10, "leakage": 1.46036412e-13, "switching": 4.0579556e-11, "total": 1.7666278e-10}, "power": {"dynamic": 8.32626e-06, "internal": 6.41213e-06, "leakage": 6.88851e-09, "switching": 1.91413e-06, "total": 8.33315e-06}}, "/panic_top/MEM": {"energy": {"dynamic": 3.9973681200000005e-09, "internal": 3.5987636e-09, "leakage": 2.4191108e-10, "switching": 3.9860452e-10, "total": 4.2392792e-09}, "power": {"dynamic": 0.0001885551, "internal": 0.000169753, "leakage": 1.14109e-05, "switching": 1.88021e-05, "total": 0.000199966}}, "/panic_top/MMIO": {"energy": {"dynamic": 5.892730800000001e-13, "internal": 2.8331468e-13, "leakage": 1.7876688e-15, "switching": 3.059584e-13, "total": 5.9105812e-13}, "power": {"dynamic": 2.77959e-08, "internal": 1.33639e-08, "leakage": 8.4324e-11, "switching": 1.4432e-08, "total": 2.78801e-08}}, "/panic_top/SCALAR": {"energy": {"dynamic": 9.3256256e-10, "internal": 5.1769552e-10, "leakage": 1.0057386000000001e-12, "switching": 4.1486704e-10, "total": 9.335674399999999e-10}, "power": {"dynamic": 4.39888e-05, "internal": 2.44196e-05, "leakage": 4.74405e-08, "switching": 1.95692e-05, "total": 4.40362e-05}}, "/panic_top/VCU": {"energy": {"dynamic": 1.99593548e-09, "internal": 1.4866817999999998e-09, "leakage": 6.3617596e-11, "switching": 5.0925368e-10, "total": 2.05955244e-09}, "power": {"dynamic": 9.41479e-05, "internal": 7.01265e-05, "leakage": 3.00083e-06, "switching": 2.40214e-05, "total": 9.71487e-05}}}, "perf": 1060}