{"main": {"read_latency": 1, "destiny": {"leakage_power": 0.0377025, "read_dynamic_energy": 0.040280500000000004, "read_latency": 1.29522, "write_latency": 10.3834, "write_dynamic_energy": 0.0667687}, "write_latency": 1, "line_size": 4, "type": "main_mem", "size": 64}, "icache": {"line_size": 4, "destiny": {"leakage_power": 0.000295922, "hit_dynamic_energy": 0.00356465, "read_latency": 0.243833, "write_dynamic_energy": 0.00285388, "miss_dynamic_energy": 0.00356465}, "write_latency": 0, "invalid_latency": 0, "read_latency": 0, "sets": 2, "type": "cache", "children": ["main"], "size": 128}, "power": {"avg": {"total": 770285.9333968185, "compute": 253224.19700000001, "vrf": 0.0, "memory": {"total": 517061.73639681854, "parts": {"icache": {"read": 353932.12781701284, "write": 0.0, "leakage": 295.922}, "main": {"read": 1738.3994012970775, "write": 588.302838844079, "leakage": 37702.49999999999}, "dcache": {"read": 112002.7209504493, "write": 10427.963389215265, "leakage": 373.79999999999995}}}}, "dynamic": 252880.884, "leakage": 343.313}, "insns": 1356243, "energy": {"total": 13725.355309949879, "compute": 4512.08041872844, "vrf": 0, "memory": {"total": 9213.27489122144, "parts": {"main": {"read": 30.975704500000003, "write": 10.4826859, "leakage": 671.8027503}, "icache": {"read": 6306.54669815, "write": 0.0, "leakage": 5.272892075440001}, "dcache": {"read": 1995.7227233099998, "write": 185.81087420999998, "leakage": 6.660562775999999}}}}, "frequency": 100000000.0, "dcache": {"line_size": 4, "destiny": {"leakage_power": 0.0003738, "hit_dynamic_energy": 0.00790113, "read_latency": 0.304819, "write_dynamic_energy": 0.00609866, "miss_dynamic_energy": 0.00790113}, "write_latency": 0, "invalid_latency": 0, "read_latency": 0, "sets": 8, "type": "cache", "children": ["main"], "size": 256}, "vrf": {"destiny": {"leakage_power": 0.00233276, "read_dynamic_energy": 0.00473775, "read_latency": 0.0549339, "write_dynamic_energy": 0.00455963}}, "cycles": 1781852}