{"physical": {"/base_top": {"energy": {"dynamic": 1.9984078214000001e-07, "internal": 1.753228547e-07, "leakage": 7.23195884e-09, "switching": 2.451792744e-08, "total": 2.0707247560000002e-07}, "power": {"dynamic": 0.0004518218, "internal": 0.000396389, "leakage": 1.63508e-05, "switching": 5.54328e-05, "total": 0.000468172}}, "/base_top/ARBITER": {"energy": {"dynamic": 1.5957741700000001e-09, "internal": 5.398006120000001e-10, "leakage": 3.8703107660000003e-13, "switching": 1.055973558e-09, "total": 1.5961589710000001e-09}, "power": {"dynamic": 3.6079000000000002e-06, "internal": 1.22044e-06, "leakage": 8.75042e-10, "switching": 2.38746e-06, "total": 3.60877e-06}}, "/base_top/I2C_DEVICE": {"energy": {"dynamic": 7.977658948e-10, "internal": 6.86688442e-10, "leakage": 2.671248735e-12, "switching": 1.1107745280000001e-10, "total": 8.004347330000001e-10}, "power": {"dynamic": 1.803676e-06, "internal": 1.55254e-06, "leakage": 6.03945e-09, "switching": 2.51136e-07, "total": 1.80971e-06}}, "/base_top/MEM": {"energy": {"dynamic": 7.9391293104e-08, "internal": 7.64347476e-08, "leakage": 5.02780102e-09, "switching": 2.9565455040000005e-09, "total": 8.44191472e-08}, "power": {"dynamic": 0.00017949648, "internal": 0.000172812, "leakage": 1.13674e-05, "switching": 6.68448e-06, "total": 0.000190864}}, "/base_top/MMIO": {"energy": {"dynamic": 1.4265148060000001e-11, "internal": 6.94371193e-12, "leakage": 3.87693642e-14, "switching": 7.321436130000001e-12, "total": 1.430389354e-11}, "power": {"dynamic": 3.22522e-08, "internal": 1.56991e-08, "leakage": 8.7654e-11, "switching": 1.65531e-08, "total": 3.23398e-08}}, "/base_top/SCALAR": {"energy": {"dynamic": 2.2457163279999998e-08, "internal": 1.210141646e-08, "leakage": 2.0150347630000002e-11, "switching": 1.035574682e-08, "total": 2.247733216e-08}, "power": {"dynamic": 5.07736e-05, "internal": 2.73602e-05, "leakage": 4.55581e-08, "switching": 2.34134e-05, "total": 5.08192e-05}}, "/base_top/VCU": {"energy": {"dynamic": 9.401343034e-08, "internal": 8.54749173e-08, "leakage": 2.180795534e-09, "switching": 8.53851304e-09, "total": 9.61945001e-08}, "power": {"dynamic": 0.0002125558, "internal": 0.000193251, "leakage": 4.93058e-06, "switching": 1.93048e-05, "total": 0.000217487}}}, "perf": 22115}