{"physical": {"/flow_top": {"energy": {"dynamic": 7.0339175492e-07, "internal": 4.8972740008e-07, "leakage": 2.2117428572e-08, "switching": 2.1366435484e-07, "total": 7.255090210799999e-07}, "power": {"dynamic": 0.00043309100000000003, "internal": 0.000301534, "leakage": 1.36181e-05, "switching": 0.000131557, "total": 0.000446709}}, "/flow_top/ALIGNER": {"energy": {"dynamic": 6.22489627772e-10, "internal": 5.7950875368e-10, "leakage": 3.5162197999999996e-12, "switching": 4.2980874092e-11, "total": 6.2600568516e-10}, "power": {"dynamic": 3.8327809999999997e-07, "internal": 3.56814e-07, "leakage": 2.165e-09, "switching": 2.64641e-08, "total": 3.85443e-07}}, "/flow_top/CGRA": {"energy": {"dynamic": 5.3769091192e-07, "internal": 3.3531094284e-07, "leakage": 2.4823862139999998e-09, "switching": 2.0237996908e-07, "total": 5.4017256728e-07}, "power": {"dynamic": 0.000331066, "internal": 0.000206457, "leakage": 1.52845e-06, "switching": 0.000124609, "total": 0.000332594}}, "/flow_top/CORE": {"energy": {"dynamic": 2.177012187884e-08, "internal": 2.0215584051999998e-08, "leakage": 1.05655989716e-09, "switching": 1.55453782684e-09, "total": 2.2826681775999997e-08}, "power": {"dynamic": 1.3404257e-05, "internal": 1.24471e-05, "leakage": 6.50543e-07, "switching": 9.57157e-07, "total": 1.40548e-05}}, "/flow_top/INSN_DATA_CONFLICT": {"energy": {"dynamic": 1.68579920524e-12, "internal": 4.5818374144e-13, "leakage": 7.37837716e-15, "switching": 1.2276154638e-12, "total": 1.6931775824e-12}, "power": {"dynamic": 1.037977e-09, "internal": 2.82112e-10, "leakage": 4.543e-12, "switching": 7.55865e-10, "total": 1.04252e-09}}, "/flow_top/MM": {"energy": {"dynamic": 1.433055924608e-07, "internal": 1.3362106234799998e-07, "leakage": 1.8572786672e-08, "switching": 9.6845301128e-09, "total": 1.6187847657999998e-07}, "power": {"dynamic": 8.823584e-05, "internal": 8.22729e-05, "leakage": 1.14356e-05, "switching": 5.96294e-06, "total": 9.96715e-05}}}, "perf": 81206}