{"physical": {"/base_top": {"energy": {"dynamic": 2.20288529664e-07, "internal": 1.9661526360000002e-07, "leakage": 8.199599184e-09, "switching": 2.3673266063999998e-08, "total": 2.2848782796e-07}, "power": {"dynamic": 0.0004392768, "internal": 0.00039207, "leakage": 1.63508e-05, "switching": 4.72068e-05, "total": 0.000455627}}, "/base_top/ARBITER": {"energy": {"dynamic": 1.7932623912000002e-09, "internal": 6.058430028e-10, "leakage": 4.3865358264000003e-13, "switching": 1.1874193884e-09, "total": 1.7936986788e-09}, "power": {"dynamic": 3.57594e-06, "internal": 1.20811e-06, "leakage": 8.74718e-10, "switching": 2.36783e-06, "total": 3.57681e-06}}, "/base_top/I2C_DEVICE": {"energy": {"dynamic": 8.4731414796e-10, "internal": 7.371154224e-10, "leakage": 3.0284477496e-12, "switching": 1.1019872556e-10, "total": 8.503395768000001e-10}, "power": {"dynamic": 1.689627e-06, "internal": 1.46988e-06, "leakage": 6.03902e-09, "switching": 2.19747e-07, "total": 1.69566e-06}}, "/base_top/MEM": {"energy": {"dynamic": 8.30861541972e-08, "internal": 8.001013104e-08, "leakage": 5.700523752000001e-09, "switching": 3.0760231572e-09, "total": 8.878653252000001e-08}, "power": {"dynamic": 0.00016568189, "internal": 0.000159548, "leakage": 1.13674e-05, "switching": 6.13389e-06, "total": 0.000177049}}, "/base_top/MMIO": {"energy": {"dynamic": 1.132768098e-11, "internal": 5.512218012e-12, "leakage": 4.424608188e-14, "switching": 5.815462968e-12, "total": 1.1371911516e-11}, "power": {"dynamic": 2.2588499999999997e-08, "internal": 1.09919e-08, "leakage": 8.8231e-11, "switching": 1.15966e-08, "total": 2.26767e-08}}, "/base_top/SCALAR": {"energy": {"dynamic": 1.6798577039999997e-08, "internal": 9.186762564e-09, "leakage": 2.2908308472e-11, "switching": 7.611814475999999e-09, "total": 1.6821494676000002e-08}, "power": {"dynamic": 3.3498e-05, "internal": 1.83193e-05, "leakage": 4.56814e-08, "switching": 1.51787e-05, "total": 3.35437e-05}}, "/base_top/VCU": {"energy": {"dynamic": 1.16000799012e-07, "internal": 1.0599832908e-07, "leakage": 2.472522066e-09, "switching": 1.0002469932000002e-08, "total": 1.1847364704e-07}, "power": {"dynamic": 0.0002313169, "internal": 0.000211371, "leakage": 4.93045e-06, "switching": 1.99459e-05, "total": 0.000236248}}}, "perf": 25074}