{"physical": {"/panic_top": {"energy": {"dynamic": 7.60852404e-07, "internal": 6.069820986e-07, "leakage": 1.7634286440000002e-08, "switching": 1.5387030540000002e-07, "total": 7.784852670000002e-07}, "power": {"dynamic": 0.00064142, "internal": 0.000511703, "leakage": 1.48662e-05, "switching": 0.000129717, "total": 0.000656285}}, "/panic_top/I2C_DEVICE": {"energy": {"dynamic": 1.5911437698000001e-09, "internal": 1.449346608e-09, "leakage": 8.066195586000001e-12, "switching": 1.417971618e-10, "total": 1.5992111160000002e-09}, "power": {"dynamic": 1.341379e-06, "internal": 1.22184e-06, "leakage": 6.80003e-09, "switching": 1.19539e-07, "total": 1.34818e-06}}, "/panic_top/MEM": {"energy": {"dynamic": 4.2558104016e-07, "internal": 3.856170132e-07, "leakage": 1.3531339260000002e-08, "switching": 3.9964026960000006e-08, "total": 4.391122608000001e-07}, "power": {"dynamic": 0.0003587768, "internal": 0.000325086, "leakage": 1.14073e-05, "switching": 3.36908e-05, "total": 0.000370184}}, "/panic_top/MMIO": {"energy": {"dynamic": 4.092129036e-11, "internal": 2.01363381e-11, "leakage": 1.026490032e-13, "switching": 2.0784952260000002e-11, "total": 4.102389666e-11}, "power": {"dynamic": 3.44978e-08, "internal": 1.69755e-08, "leakage": 8.6536e-11, "switching": 1.75223e-08, "total": 3.45843e-08}}, "/panic_top/SCALAR": {"energy": {"dynamic": 5.3808760260000004e-08, "internal": 2.9799835020000005e-08, "leakage": 5.795654580000001e-11, "switching": 2.4008925240000002e-08, "total": 5.386664682000001e-08}, "power": {"dynamic": 4.53623e-05, "internal": 2.51221e-05, "leakage": 4.8859e-08, "switching": 2.02402e-05, "total": 4.54111e-05}}, "/panic_top/VCU": {"energy": {"dynamic": 2.797344288e-07, "internal": 1.900517778e-07, "leakage": 4.036460670000001e-09, "switching": 8.968265100000001e-08, "total": 2.8377106740000005e-07}, "power": {"dynamic": 0.00023582399999999998, "internal": 0.000160219, "leakage": 3.40285e-06, "switching": 7.5605e-05, "total": 0.000239227}}}, "perf": 59310}