{"icache": {"line_size": 4, "destiny": {"leakage_power": 0.000295922, "hit_dynamic_energy": 0.00356465, "read_latency": 0.243833, "write_dynamic_energy": 0.00285388, "miss_dynamic_energy": 0.00356465}, "write_latency": 0, "invalid_latency": 1, "read_latency": 0, "sets": 2, "type": "cache", "children": ["main"], "size": 128}, "power": {"avg": {"total": 797298.0530935441, "compute": 212136.91599999997, "vrf": 2332.7599999999998, "memory": {"total": 582828.3770935441, "parts": {"icache": {"read": 161489.38172385626, "write": 0.0, "leakage": 295.922}, "main": {"read": 15053.44129554656, "write": 887.9889082347048, "leakage": 37702.5}, "dcache": {"read": 223048.47283526047, "write": 143603.0713306461, "leakage": 747.599}}}}, "dynamic": 211368.681, "leakage": 768.235}, "energy": {"total": 7193.94857623827, "compute": 1914.09230074556, "vrf": 21.0482835316, "memory": {"total": 5258.80799196111, "parts": {"main": {"read": 135.825846, "write": 8.012244, "leakage": 340.186264275}, "icache": {"read": 1457.10415725, "write": 0.0, "leakage": 2.6700775730200004}, "dcache": {"read": 2012.5462960300001, "write": 1295.71758834, "leakage": 6.7455184930900005}}}}, "frequency": 100000000.0, "dcache": {"line_size": 4, "destiny": {"leakage_power": 0.000747599, "hit_dynamic_energy": 0.00958981, "read_latency": 0.305483, "write_dynamic_energy": 0.00778734, "miss_dynamic_energy": 0.00958981}, "write_latency": 0, "invalid_latency": 1, "read_latency": 0, "sets": 8, "type": "cache", "children": ["main"], "size": 512}, "vrf": {"destiny": {"leakage_power": 0.00233276, "read_dynamic_energy": 0.00473775, "read_latency": 0.0549339, "write_dynamic_energy": 0.00455963}}, "cycles": 902291, "main": {"read_latency": 0, "destiny": {"leakage_power": 0.0377025, "read_dynamic_energy": 0.040280500000000004, "read_latency": 1.29522, "write_latency": 10.3834, "write_dynamic_energy": 0.0667687}, "write_latency": 0, "line_size": 4, "type": "main_mem", "size": 64}}