{"physical": {"/base_top": {"energy": {"dynamic": 1.5261444646e-08, "internal": 1.291096884e-08, "leakage": 1.055158006e-09, "switching": 2.350475806e-09, "total": 1.6316615560000004e-08}, "power": {"dynamic": 0.0002364649, "internal": 0.000200046, "leakage": 1.63489e-05, "switching": 3.64189e-05, "total": 0.000252814}}, "/base_top/ARBITER": {"energy": {"dynamic": 9.059821862e-11, "internal": 3.5336101780000003e-11, "leakage": 5.620911226e-14, "switching": 5.526211684e-11, "total": 9.06541748e-11}, "power": {"dynamic": 1.403753e-06, "internal": 5.47507e-07, "leakage": 8.70919e-10, "switching": 8.56246e-07, "total": 1.40462e-06}}, "/base_top/I2C_DEVICE": {"energy": {"dynamic": 3.2102131459999997e-10, "internal": 2.517621498e-10, "leakage": 3.9042375820000005e-13, "switching": 6.925916480000001e-11, "total": 3.214117816e-10}, "power": {"dynamic": 4.9739899999999995e-06, "internal": 3.90087e-06, "leakage": 6.04933e-09, "switching": 1.07312e-06, "total": 4.98004e-06}}, "/base_top/MEM": {"energy": {"dynamic": 6.4593458482e-09, "internal": 6.192006324e-09, "leakage": 7.336519960000001e-10, "switching": 2.673395242e-10, "total": 7.192983e-09}, "power": {"dynamic": 0.00010008283, "internal": 9.59406e-05, "leakage": 1.13674e-05, "switching": 4.14223e-06, "total": 0.00011145}}, "/base_top/MMIO": {"energy": {"dynamic": 1.897901964e-12, "internal": 9.14957764e-13, "leakage": 5.54889104e-15, "switching": 9.829442e-13, "total": 1.903452404e-12}, "power": {"dynamic": 2.94066e-08, "internal": 1.41766e-08, "leakage": 8.5976e-11, "switching": 1.523e-08, "total": 2.94926e-08}}, "/base_top/SCALAR": {"energy": {"dynamic": 2.611636916e-09, "internal": 1.427992678e-09, "leakage": 2.9071462140000004e-12, "switching": 1.183644238e-09, "total": 2.614541216e-09}, "power": {"dynamic": 4.04654e-05, "internal": 2.21257e-05, "leakage": 4.50441e-08, "switching": 1.83397e-05, "total": 4.05104e-05}}, "/base_top/VCU": {"energy": {"dynamic": 5.5560866046e-09, "internal": 4.99646091e-09, "leakage": 3.181286318e-10, "switching": 5.596256946e-10, "total": 5.874211364e-09}, "power": {"dynamic": 8.608749e-05, "internal": 7.74165e-05, "leakage": 4.92917e-06, "switching": 8.67099e-06, "total": 9.10166e-05}}}, "perf": 3227}