{"physical": {"/panic_top": {"energy": {"dynamic": 1.1304007112e-08, "internal": 7.78491436e-09, "leakage": 6.21033856e-10, "switching": 3.519092752e-09, "total": 1.1925067199999999e-08}, "power": {"dynamic": 0.0002585546, "internal": 0.000178063, "leakage": 1.42048e-05, "switching": 8.04916e-05, "total": 0.00027276}}, "/panic_top/I2C_DEVICE": {"energy": {"dynamic": 2.780487072e-10, "internal": 2.1662167000000002e-10, "leakage": 2.795050204e-13, "switching": 6.14270372e-11, "total": 2.783285152e-10}, "power": {"dynamic": 6.35976e-06, "internal": 4.95475e-06, "leakage": 6.39307e-09, "switching": 1.40501e-06, "total": 6.36616e-06}}, "/panic_top/MEM": {"energy": {"dynamic": 4.79584354e-09, "internal": 4.183658612e-09, "leakage": 4.98792736e-10, "switching": 6.12184928e-10, "total": 5.29462316e-09}, "power": {"dynamic": 0.0001096945, "internal": 9.56921e-05, "leakage": 1.14088e-05, "switching": 1.40024e-05, "total": 0.000121103}}, "/panic_top/MMIO": {"energy": {"dynamic": 1.317663964e-12, "internal": 6.730737719999999e-13, "leakage": 4.1660788e-15, "switching": 6.445901919999999e-13, "total": 1.32183048e-12}, "power": {"dynamic": 3.01387e-08, "internal": 1.53951e-08, "leakage": 9.529e-11, "switching": 1.47436e-08, "total": 3.0234e-08}}, "/panic_top/SCALAR": {"energy": {"dynamic": 2.02515412e-09, "internal": 1.09789664e-09, "leakage": 2.112908904e-12, "switching": 9.2725748e-10, "total": 2.027265796e-09}, "power": {"dynamic": 4.6321e-05, "internal": 2.5112e-05, "leakage": 4.83282e-08, "switching": 2.1209e-05, "total": 4.63693e-05}}, "/panic_top/VCU": {"energy": {"dynamic": 3.3765524360000002e-09, "internal": 2.285152588e-09, "leakage": 1.198356456e-10, "switching": 1.091399848e-09, "total": 3.496388956e-09}, "power": {"dynamic": 7.72313e-05, "internal": 5.22679e-05, "leakage": 2.74098e-06, "switching": 2.49634e-05, "total": 7.99723e-05}}}, "perf": 2186}