{"physical": {"/panic_top": {"energy": {"dynamic": 3.28137843446e-06, "internal": 2.43690417376e-06, "leakage": 8.4044582496e-08, "switching": 8.444742606999999e-07, "total": 3.36542188696e-06}, "power": {"dynamic": 0.000580777, "internal": 0.000431312, "leakage": 1.48752e-05, "switching": 0.000149465, "total": 0.000595652}}, "/panic_top/I2C_DEVICE": {"energy": {"dynamic": 6.840509885719999e-09, "internal": 6.178931127599999e-09, "leakage": 3.83533072356e-11, "switching": 6.6157875812e-10, "total": 6.8788506499999995e-09}, "power": {"dynamic": 1.2107139999999999e-06, "internal": 1.09362e-06, "leakage": 6.78822e-09, "switching": 1.17094e-07, "total": 1.2175e-06}}, "/panic_top/MEM": {"energy": {"dynamic": 1.735550686436e-06, "internal": 1.5020189331e-06, "leakage": 6.445440684199999e-08, "switching": 2.3353175333599998e-07, "total": 1.80000452828e-06}, "power": {"dynamic": 0.00030717820000000003, "internal": 0.000265845, "leakage": 1.14079e-05, "switching": 4.13332e-05, "total": 0.000318586}}, "/panic_top/MMIO": {"energy": {"dynamic": 5.452162900239999e-10, "internal": 2.73000253624e-10, "leakage": 4.5808907844e-13, "switching": 2.7221603639999997e-10, "total": 5.45674503402e-10}, "power": {"dynamic": 9.64988e-08, "internal": 4.83188e-08, "leakage": 8.1078e-11, "switching": 4.818e-08, "total": 9.65799e-08}}, "/panic_top/SCALAR": {"energy": {"dynamic": 8.69656786558e-07, "internal": 4.6509222865e-07, "leakage": 2.7716033389799995e-10, "switching": 4.04564557908e-07, "total": 8.6993307058e-07}, "power": {"dynamic": 0.0001539221, "internal": 8.23175e-05, "leakage": 4.90551e-08, "switching": 7.16046e-05, "total": 0.000153971}}, "/panic_top/VCU": {"energy": {"dynamic": 6.67859275888e-07, "internal": 4.6290851137999995e-07, "leakage": 1.9272759777599998e-08, "switching": 2.04950764508e-07, "total": 6.8713361766e-07}, "power": {"dynamic": 0.0001182056, "internal": 8.1931e-05, "leakage": 3.41112e-06, "switching": 3.62746e-05, "total": 0.000121617}}}, "perf": 282499}