{"physical": {"/manic_top": {"energy": {"dynamic": 9.08971010388e-07, "internal": 7.311442521600001e-07, "leakage": 6.267432817800001e-08, "switching": 1.77826758228e-07, "total": 9.7164488862e-07}, "power": {"dynamic": 0.0002020178, "internal": 0.000162496, "leakage": 1.39293e-05, "switching": 3.95218e-05, "total": 0.000215947}}, "/manic_top/ARBITER": {"energy": {"dynamic": 5.12563185036e-09, "internal": 2.1741435714600003e-09, "leakage": 3.5141412524400004e-12, "switching": 2.9514882789000002e-09, "total": 5.129159427e-09}, "power": {"dynamic": 1.139166e-06, "internal": 4.83201e-07, "leakage": 7.81014e-10, "switching": 6.55965e-07, "total": 1.13995e-06}}, "/manic_top/I2C_DEVICE": {"energy": {"dynamic": 4.217441046336e-09, "internal": 4.05548928288e-09, "leakage": 2.76636249666e-11, "switching": 1.6195176345600002e-10, "total": 4.2451010267400005e-09}, "power": {"dynamic": 9.373216e-07, "internal": 9.01328e-07, "leakage": 6.14821e-09, "switching": 3.59936e-08, "total": 9.43469e-07}}, "/manic_top/MEM": {"energy": {"dynamic": 2.500714828206e-07, "internal": 2.4172538947200004e-07, "leakage": 5.1145811766e-08, "switching": 8.346093348600002e-09, "total": 3.0121724959200003e-07}, "power": {"dynamic": 5.557811e-05, "internal": 5.37232e-05, "leakage": 1.13671e-05, "switching": 1.85491e-06, "total": 6.69452e-05}}, "/manic_top/MMIO": {"energy": {"dynamic": 5.67617227758e-11, "internal": 2.76543110844e-11, "leakage": 3.7953844992000004e-13, "switching": 2.91074116914e-11, "total": 5.7141342216e-11}, "power": {"dynamic": 1.261523e-08, "internal": 6.14614e-09, "leakage": 8.4352e-11, "switching": 6.46909e-09, "total": 1.26996e-08}}, "/manic_top/SCALAR": {"energy": {"dynamic": 7.415213567580001e-08, "internal": 4.24567245816e-08, "leakage": 2.00806850286e-10, "switching": 3.1695411094200005e-08, "total": 7.435312655400002e-08}, "power": {"dynamic": 1.648023e-05, "internal": 9.43596e-06, "leakage": 4.46291e-08, "switching": 7.04427e-06, "total": 1.65249e-05}}, "/manic_top/VCU": {"energy": {"dynamic": 5.46741083196e-07, "internal": 4.40384197554e-07, "leakage": 1.1294949443400001e-08, "switching": 1.06356885642e-07, "total": 5.5803652758e-07}, "power": {"dynamic": 0.0001215126, "internal": 9.78749e-05, "leakage": 2.51029e-06, "switching": 2.36377e-05, "total": 0.000124023}}}, "perf": 224973}