{"physical": {"/panic_top": {"energy": {"dynamic": 5.123542576e-08, "internal": 3.831794896e-08, "leakage": 1.8132716159999999e-09, "switching": 1.29174768e-08, "total": 5.304877048e-08}, "power": {"dynamic": 0.00042051400000000003, "internal": 0.000314494, "leakage": 1.48824e-05, "switching": 0.00010602, "total": 0.000435397}}, "/panic_top/I2C_DEVICE": {"energy": {"dynamic": 4.6208343911999997e-10, "internal": 3.702242424e-10, "leakage": 8.357761008e-13, "switching": 9.185919672e-11, "total": 4.629201144e-10}, "power": {"dynamic": 3.792543e-06, "internal": 3.03861e-06, "leakage": 6.85962e-09, "switching": 7.53933e-07, "total": 3.79941e-06}}, "/panic_top/MEM": {"energy": {"dynamic": 2.411097852e-08, "internal": 2.085267232e-08, "leakage": 1.39031624e-09, "switching": 3.2583062e-09, "total": 2.5501233840000002e-08}, "power": {"dynamic": 0.0001978905, "internal": 0.000171148, "leakage": 1.1411e-05, "switching": 2.67425e-05, "total": 0.000209301}}, "/panic_top/MMIO": {"energy": {"dynamic": 5.959645207999999e-12, "internal": 2.866139792e-12, "leakage": 1.023041744e-14, "switching": 3.093505416e-12, "total": 5.969879767999999e-12}, "power": {"dynamic": 4.8913699999999994e-08, "internal": 2.35238e-08, "leakage": 8.3966e-11, "switching": 2.53899e-08, "total": 4.89977e-08}}, "/panic_top/SCALAR": {"energy": {"dynamic": 9.881674807999999e-09, "internal": 5.28103296e-09, "leakage": 5.920242152e-12, "switching": 4.600641848e-09, "total": 9.887596232e-09}, "power": {"dynamic": 8.11037e-05, "internal": 4.3344e-05, "leakage": 4.85903e-08, "switching": 3.77597e-05, "total": 8.11523e-05}}, "/panic_top/VCU": {"energy": {"dynamic": 1.6762138e-08, "internal": 1.1805333464e-08, "leakage": 4.161664512e-10, "switching": 4.956804536e-09, "total": 1.717834344e-08}, "power": {"dynamic": 0.000137575, "internal": 9.68921e-05, "leakage": 3.41568e-06, "switching": 4.06829e-05, "total": 0.000140991}}}, "perf": 6092}