{"physical": {"/panic_top": {"energy": {"dynamic": 4.660953219999999e-09, "internal": 3.2118372999999995e-09, "leakage": 2.2852822999999998e-10, "switching": 1.4491159199999997e-09, "total": 4.889489499999999e-09}, "power": {"dynamic": 0.0002895002, "internal": 0.000199493, "leakage": 1.41943e-05, "switching": 9.00072e-05, "total": 0.000303695}}, "/panic_top/I2C_DEVICE": {"energy": {"dynamic": 1.4568149399999998e-10, "internal": 1.1172176399999999e-10, "leakage": 1.0308926599999999e-13, "switching": 3.395972999999999e-11, "total": 1.4578453399999998e-10}, "power": {"dynamic": 9.04854e-06, "internal": 6.93924e-06, "leakage": 6.40306e-09, "switching": 2.1093e-06, "total": 9.05494e-06}}, "/panic_top/MEM": {"energy": {"dynamic": 2.0953473799999997e-09, "internal": 1.8147759e-09, "leakage": 1.8368006999999998e-10, "switching": 2.8057147999999997e-10, "total": 2.2790355e-09}, "power": {"dynamic": 0.0001301458, "internal": 0.000112719, "leakage": 1.14087e-05, "switching": 1.74268e-05, "total": 0.000141555}}, "/panic_top/MMIO": {"energy": {"dynamic": 7.815004399999999e-13, "internal": 4.2070265999999997e-13, "leakage": 1.5680595e-15, "switching": 3.6079777999999996e-13, "total": 7.830685799999998e-13}, "power": {"dynamic": 4.85404e-08, "internal": 2.61306e-08, "leakage": 9.7395e-11, "switching": 2.24098e-08, "total": 4.86378e-08}}, "/panic_top/SCALAR": {"energy": {"dynamic": 1.1377789499999998e-09, "internal": 6.133278899999999e-10, "leakage": 7.775494999999999e-13, "switching": 5.2445106e-10, "total": 1.1385581899999998e-09}, "power": {"dynamic": 7.066949999999999e-05, "internal": 3.80949e-05, "leakage": 4.8295e-08, "switching": 3.25746e-05, "total": 7.07179e-05}}, "/panic_top/VCU": {"energy": {"dynamic": 9.754635799999999e-10, "internal": 6.707581999999999e-10, "leakage": 4.3962820999999996e-11, "switching": 3.0470537999999997e-10, "total": 1.0194262399999999e-09}, "power": {"dynamic": 6.05878e-05, "internal": 4.1662e-05, "leakage": 2.73061e-06, "switching": 1.89258e-05, "total": 6.33184e-05}}}, "perf": 805}