{"physical": {"/base_top": {"energy": {"dynamic": 1.3182948044000003e-08, "internal": 1.0676594960000001e-08, "leakage": 7.95879056e-10, "switching": 2.506353084e-09, "total": 1.3978802760000001e-08}, "power": {"dynamic": 0.00027080830000000003, "internal": 0.000219322, "leakage": 1.63492e-05, "switching": 5.14863e-05, "total": 0.000287157}}, "/base_top/ARBITER": {"energy": {"dynamic": 9.589687392e-11, "internal": 3.414191272e-11, "leakage": 4.267722052e-14, "switching": 6.17549612e-11, "total": 9.59395176e-11}, "power": {"dynamic": 1.969944e-06, "internal": 7.01354e-07, "leakage": 8.76689e-10, "switching": 1.26859e-06, "total": 1.97082e-06}}, "/base_top/I2C_DEVICE": {"energy": {"dynamic": 2.788575384e-10, "internal": 2.168689132e-10, "leakage": 2.944156664e-13, "switching": 6.19886252e-11, "total": 2.791525392e-10}, "power": {"dynamic": 5.7283799999999995e-06, "internal": 4.45499e-06, "leakage": 6.04798e-09, "switching": 1.27339e-06, "total": 5.73444e-06}}, "/base_top/MEM": {"energy": {"dynamic": 6.954841014000001e-09, "internal": 6.642142600000001e-09, "leakage": 5.53360164e-10, "switching": 3.12698414e-10, "total": 7.50820848e-09}, "power": {"dynamic": 0.00014286855, "internal": 0.000136445, "leakage": 1.13673e-05, "switching": 6.42355e-06, "total": 0.000154236}}, "/base_top/MMIO": {"energy": {"dynamic": 2.274918628e-12, "internal": 1.098235404e-12, "leakage": 4.12183296e-15, "switching": 1.176683224e-12, "total": 2.279041824e-12}, "power": {"dynamic": 4.67321e-08, "internal": 2.25603e-08, "leakage": 8.4672e-11, "switching": 2.41718e-08, "total": 4.68168e-08}}, "/base_top/SCALAR": {"energy": {"dynamic": 3.1878974240000004e-09, "internal": 1.710220892e-09, "leakage": 2.192600748e-12, "switching": 1.477676532e-09, "total": 3.1900880239999997e-09}, "power": {"dynamic": 6.54868e-05, "internal": 3.51319e-05, "leakage": 4.50411e-08, "switching": 3.03549e-05, "total": 6.55318e-05}}, "/base_top/VCU": {"energy": {"dynamic": 2.4893262804000002e-09, "internal": 2.063116816e-09, "leakage": 2.3997000720000003e-10, "switching": 4.262094644e-10, "total": 2.7292977480000003e-09}, "power": {"dynamic": 5.113653e-05, "internal": 4.23812e-05, "leakage": 4.92954e-06, "switching": 8.75533e-06, "total": 5.60661e-05}}}, "perf": 2434}