{"main": {"read_latency": 0, "destiny": {"leakage_power": 0.0377025, "read_dynamic_energy": 0.040280500000000004, "read_latency": 1.29522, "write_latency": 10.3834, "write_dynamic_energy": 0.0667687}, "write_latency": 0, "line_size": 4, "type": "main_mem", "size": 64}, "icache": {"read_latency": 0, "destiny": {"leakage_power": 0.000295922, "hit_dynamic_energy": 0.00356465, "read_latency": 0.243833, "write_dynamic_energy": 0.00285388, "miss_dynamic_energy": 0.00356465}, "write_latency": 0, "invalid_latency": 1, "line_size": 4, "sets": 2, "type": "cache", "children": ["main"], "size": 128}, "power": {"avg": {"total": 1006720.6784362936, "compute": 274397.802, "vrf": 93863.75464425959, "memory": {"total": 638459.1217920341, "parts": {"main": {"read": 255535.3643919483, "write": 43023.27273225143, "leakage": 37702.5}, "icache": {"read": 128669.42019349622, "write": 0.0, "leakage": 295.922}, "dcache": {"read": 137484.2798691001, "write": 35374.56260523801, "leakage": 373.79999999999995}}}}, "dynamic": 273640.689, "leakage": 757.113}, "energy": {"total": 20955.80703746883, "compute": 5711.83995062982, "vrf": 1953.8594689369897, "memory": {"total": 13290.10761790202, "parts": {"icache": {"read": 2678.3710705, "write": 0.0, "leakage": 6.159885719020001}, "main": {"read": 5319.201147000001, "write": 895.5685731, "leakage": 784.811846775}, "dcache": {"read": 2861.8603961699996, "write": 736.3537114799999, "leakage": 7.780987157999999}}}}, "frequency": 100000000.0, "dcache": {"read_latency": 0, "destiny": {"leakage_power": 0.0003738, "hit_dynamic_energy": 0.00790113, "read_latency": 0.304819, "write_dynamic_energy": 0.00609866, "miss_dynamic_energy": 0.00790113}, "write_latency": 0, "invalid_latency": 1, "line_size": 4, "sets": 8, "type": "cache", "children": ["main"], "size": 256}, "vrf": {"destiny": {"leakage_power": 0.000583189, "read_dynamic_energy": 0.00224385, "read_latency": 0.051956800000000004, "write_dynamic_energy": 0.0020657199999999996}}, "cycles": 2081591}