{"physical": {"/scalar_top": {"energy": {"dynamic": 1.57334154012e-07, "internal": 1.2143591333999998e-07, "leakage": 4.64588019e-09, "switching": 3.5898240672e-08, "total": 1.6198007489999998e-07}, "power": {"dynamic": 0.0003865894, "internal": 0.000298383, "leakage": 1.14155e-05, "switching": 8.82064e-05, "total": 0.000398005}}, "/scalar_top/I2C_DEVICE": {"energy": {"dynamic": 8.724230839799999e-10, "internal": 7.056178542e-10, "leakage": 2.4640848288e-12, "switching": 1.6680522978e-10, "total": 8.748889758e-10}, "power": {"dynamic": 2.143651e-06, "internal": 1.73379e-06, "leakage": 6.05456e-09, "switching": 4.09861e-07, "total": 2.14971e-06}}, "/scalar_top/MEM": {"energy": {"dynamic": 9.1538674164e-08, "internal": 8.719831386e-08, "leakage": 4.624676532e-09, "switching": 4.340360304e-09, "total": 9.616367627999999e-08}, "power": {"dynamic": 0.0002249218, "internal": 0.000214257, "leakage": 1.13634e-05, "switching": 1.06648e-05, "total": 0.000236286}}, "/scalar_top/MMIO": {"energy": {"dynamic": 6.909502949999999e-11, "internal": 3.4590084858e-11, "leakage": 2.7856560059999995e-14, "switching": 3.4504944641999994e-11, "total": 6.912270414e-11}, "power": {"dynamic": 1.69775e-07, "internal": 8.49921e-08, "leakage": 6.8447e-11, "switching": 8.47829e-08, "total": 1.69843e-07}}, "/scalar_top/SCALAR": {"energy": {"dynamic": 6.343121093399999e-08, "internal": 3.3364749474e-08, "leakage": 1.8380152853999998e-11, "switching": 3.006646146e-08, "total": 6.344940293999999e-08}, "power": {"dynamic": 0.00015585829999999998, "internal": 8.19813e-05, "leakage": 4.51623e-08, "switching": 7.3877e-05, "total": 0.000155903}}}, "perf": 20349}