{"main": {"read_latency": 0, "destiny": {"leakage_power": 0.0377025, "read_dynamic_energy": 0.040280500000000004, "read_latency": 1.29522, "write_latency": 10.3834, "write_dynamic_energy": 0.0667687}, "write_latency": 0, "line_size": 4, "type": "main_mem", "size": 64}, "icache": {"read_latency": 0, "destiny": {"leakage_power": 0.000147961, "hit_dynamic_energy": 0.00296197, "read_latency": 0.243648, "write_dynamic_energy": 0.0022512, "miss_dynamic_energy": 0.00296197}, "write_latency": 0, "invalid_latency": 1, "line_size": 4, "sets": 2, "type": "cache", "children": ["main"], "size": 64}, "power": {"avg": {"total": 861796.0965132017, "compute": 212495.327, "vrf": 2332.76, "memory": {"total": 646968.0095132018, "parts": {"main": {"read": 188271.7263435726, "write": 1085.3645583238776, "leakage": 37702.5}, "icache": {"read": 127886.71332840675, "write": 0.0, "leakage": 147.96099999999998}, "dcache": {"read": 177330.81569797968, "write": 114169.12858491886, "leakage": 373.79999999999995}}}}, "dynamic": 211727.061, "leakage": 768.266}, "energy": {"total": 8058.33643393924, "compute": 1986.96517950601, "vrf": 21.8127756388, "memory": {"total": 6049.55847879443, "parts": {"icache": {"read": 1195.82133825, "write": 0.0, "leakage": 1.38352856543}, "main": {"read": 1760.4592525000003, "write": 10.1488424, "leakage": 352.542127575}, "dcache": {"read": 1658.1548451899998, "write": 1067.5532788199998, "leakage": 3.495265494}}}}, "frequency": 100000000.0, "dcache": {"read_latency": 0, "destiny": {"leakage_power": 0.0003738, "hit_dynamic_energy": 0.00790113, "read_latency": 0.304819, "write_dynamic_energy": 0.00609866, "miss_dynamic_energy": 0.00790113}, "write_latency": 0, "invalid_latency": 1, "line_size": 4, "sets": 8, "type": "cache", "children": ["main"], "size": 256}, "vrf": {"destiny": {"leakage_power": 0.00233276, "read_dynamic_energy": 0.00473775, "read_latency": 0.0549339, "write_dynamic_energy": 0.00455963}}, "cycles": 935063}