{"physical": {"/manic_top": {"energy": {"dynamic": 1.3387586472e-08, "internal": 1.0230002640000001e-08, "leakage": 8.47391688e-10, "switching": 3.157583832e-09, "total": 1.423497816e-08}, "power": {"dynamic": 0.0002200458, "internal": 0.000168146, "leakage": 1.39282e-05, "switching": 5.18998e-05, "total": 0.000233974}}, "/manic_top/ARBITER": {"energy": {"dynamic": 6.325510463999999e-11, "internal": 2.66972004e-11, "leakage": 4.774771872e-14, "switching": 3.655790424e-11, "total": 6.330280319999999e-11}, "power": {"dynamic": 1.0396959999999999e-06, "internal": 4.3881e-07, "leakage": 7.84808e-10, "switching": 6.00886e-07, "total": 1.04048e-06}}, "/manic_top/I2C_DEVICE": {"energy": {"dynamic": 3.1138702920000003e-10, "internal": 2.4330524400000003e-10, "leakage": 3.763598904e-13, "switching": 6.80817852e-11, "total": 3.117630204e-10}, "power": {"dynamic": 5.118130000000001e-06, "internal": 3.9991e-06, "leakage": 6.18606e-09, "switching": 1.11903e-06, "total": 5.12431e-06}}, "/manic_top/MEM": {"energy": {"dynamic": 6.5130874848e-09, "internal": 6.21170316e-09, "leakage": 6.91574364e-10, "switching": 3.013843248e-10, "total": 7.2046728e-09}, "power": {"dynamic": 0.00010705272, "internal": 0.000102099, "leakage": 1.13671e-05, "switching": 4.95372e-06, "total": 0.00011842}}, "/manic_top/MMIO": {"energy": {"dynamic": 2.5012236600000003e-12, "internal": 1.20794778e-12, "leakage": 5.2010290799999994e-15, "switching": 1.29327588e-12, "total": 2.50642548e-12}, "power": {"dynamic": 4.1111500000000004e-08, "internal": 1.98545e-08, "leakage": 8.5487e-11, "switching": 2.1257e-08, "total": 4.1197e-08}}, "/manic_top/SCALAR": {"energy": {"dynamic": 3.559334688e-09, "internal": 1.907778132e-09, "leakage": 2.711194668e-12, "switching": 1.651556556e-09, "total": 3.5620481520000002e-09}, "power": {"dynamic": 5.85032e-05, "internal": 3.13573e-05, "leakage": 4.45627e-08, "switching": 2.71459e-05, "total": 5.85478e-05}}, "/manic_top/VCU": {"energy": {"dynamic": 2.542515768e-09, "internal": 1.828856484e-09, "leakage": 1.52665812e-10, "switching": 7.13659284e-10, "total": 2.6951815799999998e-09}, "power": {"dynamic": 4.17902e-05, "internal": 3.00601e-05, "leakage": 2.5093e-06, "switching": 1.17301e-05, "total": 4.42995e-05}}}, "perf": 3042}