{"physical": {"/manic_top": {"energy": {"dynamic": 2.32570081776e-07, "internal": 1.8005660087999999e-07, "leakage": 1.2078374616e-08, "switching": 5.2513480896e-08, "total": 2.4464836968e-07}, "power": {"dynamic": 0.0002682098, "internal": 0.000207649, "leakage": 1.39293e-05, "switching": 6.05608e-05, "total": 0.000282139}}, "/manic_top/ARBITER": {"energy": {"dynamic": 1.5985478596800002e-09, "internal": 5.8150281168e-10, "leakage": 6.7937464608e-13, "switching": 1.017045048e-09, "total": 1.5992207448e-09}, "power": {"dynamic": 1.8435140000000002e-06, "internal": 6.70614e-07, "leakage": 7.83484e-10, "switching": 1.1729e-06, "total": 1.84429e-06}}, "/manic_top/I2C_DEVICE": {"energy": {"dynamic": 1.1867967947999999e-09, "internal": 1.0532993352e-09, "leakage": 5.3429679888e-12, "switching": 1.334974596e-10, "total": 1.1921425896e-09}, "power": {"dynamic": 1.368665e-06, "internal": 1.21471e-06, "leakage": 6.16174e-09, "switching": 1.53955e-07, "total": 1.37483e-06}}, "/manic_top/MEM": {"energy": {"dynamic": 1.1491066435920002e-07, "internal": 1.0985456568e-07, "leakage": 9.856639751999999e-09, "switching": 5.0560986792e-09, "total": 1.2476729544e-07}, "power": {"dynamic": 0.00013251991000000002, "internal": 0.000126689, "leakage": 1.13671e-05, "switching": 5.83091e-06, "total": 0.000143887}}, "/manic_top/MMIO": {"energy": {"dynamic": 3.7342869648000004e-11, "internal": 1.7860070639999998e-11, "leakage": 7.517236704e-14, "switching": 1.9482799008e-11, "total": 3.7418048952e-11}, "power": {"dynamic": 4.3065400000000004e-08, "internal": 2.0597e-08, "leakage": 8.6692e-11, "switching": 2.24684e-08, "total": 4.31521e-08}}, "/manic_top/SCALAR": {"energy": {"dynamic": 5.9445064751999994e-08, "internal": 3.1627595016e-08, "leakage": 3.9241775736e-11, "switching": 2.7817469735999998e-08, "total": 5.9484345287999996e-08}, "power": {"dynamic": 6.85546e-05, "internal": 3.64743e-05, "leakage": 4.52553e-08, "switching": 3.20803e-05, "total": 6.85999e-05}}, "/manic_top/VCU": {"energy": {"dynamic": 4.9657707887999996e-08, "internal": 3.6724873223999996e-08, "leakage": 2.1761937216000003e-09, "switching": 1.2932834663999999e-08, "total": 5.1833918951999996e-08}, "power": {"dynamic": 5.72674e-05, "internal": 4.23527e-05, "leakage": 2.50968e-06, "switching": 1.49147e-05, "total": 5.97771e-05}}}, "perf": 43356}