{"physical": {"/panic_top": {"energy": {"dynamic": 2.1982038768e-07, "internal": 1.649971746e-07, "leakage": 7.384945524000001e-09, "switching": 5.482321308e-08, "total": 2.2720538316e-07}, "power": {"dynamic": 0.00044002799999999997, "internal": 0.000330285, "leakage": 1.47829e-05, "switching": 0.000109743, "total": 0.000454811}}, "/panic_top/I2C_DEVICE": {"energy": {"dynamic": 9.4288852728e-10, "internal": 8.096868480000001e-10, "leakage": 3.3971578680000002e-12, "switching": 1.3320167928e-10, "total": 9.462865344e-10}, "power": {"dynamic": 1.8874380000000001e-06, "internal": 1.6208e-06, "leakage": 6.8003e-09, "switching": 2.66638e-07, "total": 1.89424e-06}}, "/panic_top/MEM": {"energy": {"dynamic": 1.1683804196400001e-07, "internal": 1.0038458376e-07, "leakage": 5.699679864e-09, "switching": 1.6453458204e-08, "total": 1.2253757196000002e-07}, "power": {"dynamic": 0.0002338819, "internal": 0.000200946, "leakage": 1.14094e-05, "switching": 3.29359e-05, "total": 0.000245291}}, "/panic_top/MMIO": {"energy": {"dynamic": 4.5160024176e-11, "internal": 2.2485095688e-11, "leakage": 4.0834533960000005e-14, "switching": 2.2674928488e-11, "total": 4.5200838228e-11}, "power": {"dynamic": 9.03996e-08, "internal": 4.50098e-08, "leakage": 8.1741e-11, "switching": 4.53898e-08, "total": 9.04813e-08}}, "/panic_top/SCALAR": {"energy": {"dynamic": 6.866262367200001e-08, "internal": 3.6952103508000005e-08, "leakage": 2.4192691680000003e-11, "switching": 3.1710520163999996e-08, "total": 6.868700220000001e-08}, "power": {"dynamic": 0.0001374462, "internal": 7.39693e-05, "leakage": 4.8428e-08, "switching": 6.34769e-05, "total": 0.000137495}}, "/panic_top/VCU": {"energy": {"dynamic": 3.3238923984000004e-08, "internal": 2.6785008432000002e-08, "leakage": 1.65754008e-09, "switching": 6.453915552e-09, "total": 3.4896464064e-08}, "power": {"dynamic": 6.65364e-05, "internal": 5.36172e-05, "leakage": 3.318e-06, "switching": 1.29192e-05, "total": 6.98544e-05}}}, "perf": 24978}