{
    "cycles": 3493654,
    "dcache": {
        "children": [
            "main"
        ],
        "destiny": {
            "hit_dynamic_energy": 0.00790113,
            "leakage_power": 0.0003738,
            "miss_dynamic_energy": 0.00790113,
            "read_latency": 0.304819,
            "write_dynamic_energy": 0.00609866
        },
        "invalid_latency": 0,
        "line_size": 4,
        "read_latency": 0,
        "sets": 8,
        "size": 256,
        "type": "cache",
        "write_latency": 0
    },
    "energy": {
        "compute": 9349.0074483553,
        "memory": {
            "parts": {
                "dcache": {
                    "leakage": 13.059278651999998,
                    "read": 8095.663721729999,
                    "write": 1917.9598018499998
                },
                "icache": {
                    "leakage": 10.33849078988,
                    "read": 11704.86691675,
                    "write": 0.0
                },
                "main": {
                    "leakage": 1317.19489935,
                    "read": 447.87887950000004,
                    "write": 16207.768081499999
                }
            },
            "total": 23669.143160921878
        },
        "total": 49063.73751847717,
        "vrf": 0
    },
    "frequency": 100000000.0,
    "icache": {
        "children": [
            "main"
        ],
        "destiny": {
            "hit_dynamic_energy": 0.00356465,
            "leakage_power": 0.000295922,
            "miss_dynamic_energy": 0.00356465,
            "read_latency": 0.243833,
            "write_dynamic_energy": 0.00285388
        },
        "invalid_latency": 0,
        "line_size": 4,
        "read_latency": 0,
        "sets": 2,
        "size": 128,
        "type": "cache",
        "write_latency": 0
    },
    "main": {
        "destiny": {
            "leakage_power": 0.0377025,
            "read_dynamic_energy": 0.040280500000000004,
            "read_latency": 1.29522,
            "write_dynamic_energy": 0.0667687,
            "write_latency": 10.3834
        },
        "line_size": 4,
        "read_latency": 1,
        "size": 64,
        "type": "main_mem",
        "write_latency": 1
    },
    "power": {
        "avg": {
            "compute": 267599.695,
            "memory": {
                "parts": {
                    "dcache": {
                        "leakage": 373.7999999999999,
                        "read": 231724.82798038956,
                        "write": 54898.39010531666
                    },
                    "icache": {
                        "leakage": 295.92199999999997,
                        "read": 335032.2303453633,
                        "write": 0.0
                    },
                    "main": {
                        "leakage": 37702.5,
                        "read": 12819.783513192779,
                        "write": 4642.164687745266
                    }
                },
                "total": 677489.6186320075
            },
            "total": 945089.3136320075,
            "vrf": 0.0
        },
        "dynamic": 267256.669,
        "leakage": 343.026
    },
    "vrf": {
        "destiny": {
            "leakage_power": 0.00233276,
            "read_dynamic_energy": 0.00473775,
            "read_latency": 0.0549339,
            "write_dynamic_energy": 0.00455963
        }
    }
}
