{"physical": {"/panic_top": {"energy": {"dynamic": 7.485208140000001e-07, "internal": 5.6199740694e-07, "leakage": 2.058605411e-08, "switching": 1.8652340706e-07, "total": 7.691061754199999e-07}, "power": {"dynamic": 0.0005403000000000001, "internal": 0.000405663, "leakage": 1.48595e-05, "switching": 0.000134637, "total": 0.000555159}}, "/panic_top/I2C_DEVICE": {"energy": {"dynamic": 1.93603945702e-09, "internal": 1.7217364101999999e-09, "leakage": 9.4144052052e-12, "switching": 2.1430304682e-10, "total": 1.9454475726e-09}, "power": {"dynamic": 1.3974789999999998e-06, "internal": 1.24279e-06, "leakage": 6.79554e-09, "switching": 1.54689e-07, "total": 1.40427e-06}}, "/panic_top/MEM": {"energy": {"dynamic": 3.4650556554200003e-07, "internal": 3.0828029912000004e-07, "leakage": 1.580372235e-08, "switching": 3.8225266422e-08, "total": 3.6230873374000004e-07}, "power": {"dynamic": 0.0002501159, "internal": 0.000222524, "leakage": 1.14075e-05, "switching": 2.75919e-05, "total": 0.000261523}}, "/panic_top/MMIO": {"energy": {"dynamic": 6.709187533000001e-11, "internal": 3.2648834846e-11, "leakage": 1.1746221406e-13, "switching": 3.4443040484e-11, "total": 6.7209355554e-11}, "power": {"dynamic": 4.84285e-08, "internal": 2.35667e-08, "leakage": 8.4787e-11, "switching": 2.48618e-08, "total": 4.85133e-08}}, "/panic_top/SCALAR": {"energy": {"dynamic": 1.0448716059400001e-07, "internal": 5.4355107224000004e-08, "leakage": 6.7774036442e-11, "switching": 5.013205337000001e-08, "total": 1.04555044214e-07}, "power": {"dynamic": 7.54213e-05, "internal": 3.92348e-05, "leakage": 4.89209e-08, "switching": 3.61865e-05, "total": 7.54703e-05}}, "/panic_top/VCU": {"energy": {"dynamic": 2.95388091378e-07, "internal": 1.9754549034e-07, "leakage": 4.7045980882000004e-09, "switching": 9.784260103800001e-08, "total": 3.0009270332000004e-07}, "power": {"dynamic": 0.0002132181, "internal": 0.000142593, "leakage": 3.39589e-06, "switching": 7.06251e-05, "total": 0.000216614}}}, "perf": 69269}