{"physical": {"/flow_top": {"energy": {"dynamic": 1.6633262938999998e-06, "internal": 1.2818063365e-06, "leakage": 4.569438099e-08, "switching": 3.8151995740000003e-07, "total": 1.7090196769999998e-06}, "power": {"dynamic": 0.000500053, "internal": 0.000385355, "leakage": 1.37373e-05, "switching": 0.000114698, "total": 0.00051379}}, "/flow_top/ALIGNER": {"energy": {"dynamic": 1.6634460407e-09, "internal": 1.3255904234e-09, "leakage": 7.306650369e-12, "switching": 3.378556173e-10, "total": 1.6707539218e-09}, "power": {"dynamic": 5.00089e-07, "internal": 3.98518e-07, "leakage": 2.19663e-09, "switching": 1.01571e-07, "total": 5.02286e-07}}, "/flow_top/CGRA": {"energy": {"dynamic": 8.3352986651e-07, "internal": 5.199539108000001e-07, "leakage": 5.481576085e-09, "switching": 3.1357595571e-07, "total": 8.390092805e-07}, "power": {"dynamic": 0.0002505877, "internal": 0.000156316, "leakage": 1.64795e-06, "switching": 9.42717e-05, "total": 0.000252235}}, "/flow_top/CORE": {"energy": {"dynamic": 4.9652777779e-08, "internal": 4.4458327909999995e-08, "leakage": 2.1750808752e-09, "switching": 5.194449869e-09, "total": 5.182774556e-08}, "power": {"dynamic": 1.492733e-05, "internal": 1.33657e-05, "leakage": 6.53904e-07, "switching": 1.56163e-06, "total": 1.55812e-05}}, "/flow_top/INSN_DATA_CONFLICT": {"energy": {"dynamic": 1.2520492567e-11, "internal": 3.480740109e-12, "leakage": 1.51779069e-14, "switching": 9.039752458e-12, "total": 1.2535660494999999e-11}, "power": {"dynamic": 3.76409e-09, "internal": 1.04643e-09, "leakage": 4.563e-12, "switching": 2.71766e-09, "total": 3.76865e-09}}, "/flow_top/MM": {"energy": {"dynamic": 7.784569826699999e-07, "internal": 7.160592535999999e-07, "leakage": 3.802592897e-08, "switching": 6.239772907e-08, "total": 8.164835769e-07}, "power": {"dynamic": 0.0002340309, "internal": 0.000215272, "leakage": 1.14319e-05, "switching": 1.87589e-05, "total": 0.000245463}}}, "perf": 166315, "count": 1948}