{"physical": {"/fft_design_top": {"energy": {"dynamic": 1.635934333184e-06, "internal": 1.33532436396e-06, "leakage": 5.0156656676e-08, "switching": 3.0060996922399996e-07, "total": 1.6860928068799999e-06}, "power": {"dynamic": 0.0004501696, "internal": 0.000367449, "leakage": 1.38019e-05, "switching": 8.27206e-05, "total": 0.000463972}}, "/fft_design_top/FFT": {"energy": {"dynamic": 8.812844991279999e-07, "internal": 7.4545425924e-07, "leakage": 8.6336795512e-09, "switching": 1.35830239888e-07, "total": 8.8991825136e-07}, "power": {"dynamic": 0.0002425082, "internal": 0.000205131, "leakage": 2.37578e-06, "switching": 3.73772e-05, "total": 0.000244884}}, "/fft_design_top/I2C_DEVICE": {"energy": {"dynamic": 3.811112596444e-09, "internal": 3.6066902149599995e-09, "leakage": 2.22502093888e-11, "switching": 2.0442238148399997e-10, "total": 3.833367094e-09}, "power": {"dynamic": 1.0487261e-06, "internal": 9.92474e-07, "leakage": 6.12272e-09, "switching": 5.62521e-08, "total": 1.05485e-06}}, "/fft_design_top/MEM": {"energy": {"dynamic": 5.37310620796e-07, "internal": 4.9056269364e-07, "leakage": 4.1334661172e-08, "switching": 4.6747927156e-08, "total": 5.7864455516e-07}, "power": {"dynamic": 0.0001478549, "internal": 0.000134991, "leakage": 1.13743e-05, "switching": 1.28639e-05, "total": 0.000159229}}, "/fft_design_top/MMIO": {"energy": {"dynamic": 1.59162230304e-10, "internal": 7.3091083116e-11, "leakage": 3.1222944871999996e-13, "switching": 8.6071147188e-11, "total": 1.5947439433999999e-10}, "power": {"dynamic": 4.37976e-08, "internal": 2.01129e-08, "leakage": 8.5918e-11, "switching": 2.36847e-08, "total": 4.38835e-08}}, "/fft_design_top/SCALAR": {"energy": {"dynamic": 1.8253564877599998e-07, "internal": 9.537719682e-08, "leakage": 1.6496361176e-10, "switching": 8.715845195599999e-08, "total": 1.82700634192e-07}, "power": {"dynamic": 5.02294e-05, "internal": 2.62455e-05, "leakage": 4.5394e-08, "switching": 2.39839e-05, "total": 5.02748e-05}}}, "perf": 181702}