{
    "cgra_minus_noc": {
        "energy": {
            "dynamic": 0.0,
            "internal": 0.0,
            "leakage": 0.0,
            "switching": 0.0,
            "total": 0.0
        }
    },
    "count": 1202870,
    "noc": {
        "energy": {
            "dynamic": 0.0,
            "internal": 0.0,
            "leakage": 0.0,
            "switching": 0.0,
            "total": 0.0
        }
    },
    "perf": 1398450,
    "physical": {
        "/scalar_top": {
            "energy": {
                "dynamic": 1.13464415448e-05,
                "internal": 9.628747785e-06,
                "leakage": 3.361146606e-07,
                "switching": 1.7176937598000002e-06,
                "total": 1.1682567393000001e-05
            },
            "power": {
                "dynamic": 0.0004056792,
                "internal": 0.000344265,
                "leakage": 1.20174e-05,
                "switching": 6.14142e-05,
                "total": 0.000417697
            }
        },
        "/scalar_top/ALIGNER": {
            "energy": {
                "dynamic": 3.9624073866000006e-07,
                "internal": 2.3215500636e-07,
                "leakage": 5.3569025700000005e-11,
                "switching": 1.640857323e-07,
                "total": 3.9629276099999997e-07
            },
            "power": {
                "dynamic": 1.4167140000000001e-05,
                "internal": 8.30044e-06,
                "leakage": 1.9153e-09,
                "switching": 5.8667e-06,
                "total": 1.4169e-05
            }
        },
        "/scalar_top/CORE": {
            "energy": {
                "dynamic": 5.3337582225e-06,
                "internal": 4.251455814e-06,
                "leakage": 1.8106906848000002e-08,
                "switching": 1.0823024085e-06,
                "total": 5.35186815e-06
            },
            "power": {
                "dynamic": 0.00019070249999999999,
                "internal": 0.000152006,
                "leakage": 6.47392e-07,
                "switching": 3.86965e-05,
                "total": 0.00019135
            }
        },
        "/scalar_top/INSN_DATA_CONFLICT": {
            "energy": {
                "dynamic": 7.0730076906e-09,
                "internal": 1.9230757206000003e-09,
                "leakage": 1.6929635700000001e-13,
                "switching": 5.14993197e-09,
                "total": 7.0731922859999995e-09
            },
            "power": {
                "dynamic": 2.528874e-07,
                "internal": 6.87574e-08,
                "leakage": 6.053e-12,
                "switching": 1.8413e-07,
                "total": 2.52894e-07
            }
        },
        "/scalar_top/MM": {
            "energy": {
                "dynamic": 5.443522563e-06,
                "internal": 5.138464680000001e-06,
                "leakage": 3.1795438890000003e-07,
                "switching": 3.0505788300000006e-07,
                "total": 5.761474155e-06
            },
            "power": {
                "dynamic": 0.000194627,
                "internal": 0.00018372,
                "leakage": 1.13681e-05,
                "switching": 1.0907e-05,
                "total": 0.000205995
            }
        }
    }
}
