{"physical": {"/panic_top": {"energy": {"dynamic": 1.313482596e-07, "internal": 9.858096288e-08, "leakage": 4.136599656e-09, "switching": 3.2767296719999995e-08, "total": 1.3548488735999997e-07}, "power": {"dynamic": 0.000467365, "internal": 0.000350772, "leakage": 1.47189e-05, "switching": 0.000116593, "total": 0.000482084}}, "/panic_top/I2C_DEVICE": {"energy": {"dynamic": 6.950363704800001e-10, "internal": 5.764804896e-10, "leakage": 1.9131826103999997e-12, "switching": 1.1855588088e-10, "total": 6.969482855999999e-10}, "power": {"dynamic": 2.4730870000000004e-06, "internal": 2.05124e-06, "leakage": 6.80751e-09, "switching": 4.21847e-07, "total": 2.47989e-06}}, "/panic_top/MEM": {"energy": {"dynamic": 6.044012515199999e-08, "internal": 5.2972105439999996e-08, "leakage": 3.206835024e-09, "switching": 7.468019712e-09, "total": 6.364684776e-08}, "power": {"dynamic": 0.0002150588, "internal": 0.000188486, "leakage": 1.14106e-05, "switching": 2.65728e-05, "total": 0.000226469}}, "/panic_top/MMIO": {"energy": {"dynamic": 1.685270412e-11, "internal": 8.191697711999999e-12, "leakage": 2.3695606559999998e-14, "switching": 8.661006408e-12, "total": 1.6876423896e-11}, "power": {"dynamic": 5.996550000000001e-08, "internal": 2.91478e-08, "leakage": 8.4314e-11, "switching": 3.08177e-08, "total": 6.00499e-08}}, "/panic_top/SCALAR": {"energy": {"dynamic": 2.4817546343999997e-08, "internal": 1.2929554343999999e-08, "leakage": 1.32819504e-11, "switching": 1.1887992e-08, "total": 2.4830811432e-08}, "power": {"dynamic": 8.83061e-05, "internal": 4.60061e-05, "leakage": 4.726e-08, "switching": 4.23e-05, "total": 8.83533e-05}}, "/panic_top/VCU": {"energy": {"dynamic": 4.534156029599999e-08, "internal": 3.2077343519999995e-08, "leakage": 9.144704352e-10, "switching": 1.3264216776e-08, "total": 4.625609256e-08}, "power": {"dynamic": 0.0001613349, "internal": 0.000114138, "leakage": 3.25388e-06, "switching": 4.71969e-05, "total": 0.000164589}}}, "perf": 14052}