{"icache": {"read_latency": 0, "destiny": {"leakage_power": 0.000295922, "hit_dynamic_energy": 0.00356465, "read_latency": 0.243833, "write_dynamic_energy": 0.00285388, "miss_dynamic_energy": 0.00356465}, "write_latency": 0, "invalid_latency": 0, "line_size": 4, "sets": 2, "type": "cache", "children": ["main"], "size": 128}, "power": {"avg": {"total": 1372067.874546744, "compute": 278200.727, "vrf": 0.0, "memory": {"total": 1093867.147546744, "parts": {"main": {"read": 502322.3367588182, "write": 50694.02333183913, "leakage": 37702.5}, "icache": {"read": 306485.24227520346, "write": 0.0, "leakage": 295.922}, "dcache": {"read": 133595.73168021918, "write": 62397.591500664006, "leakage": 373.7999999999999}}}}, "dynamic": 277858.55, "leakage": 342.177}, "insns": 2572538, "energy": {"total": 49127.09605832735, "compute": 9961.01876034405, "vrf": 0, "memory": {"total": 39166.0772979833, "parts": {"icache": {"read": 10973.75007245, "write": 0.0, "leakage": 10.595531598300001}, "main": {"read": 17985.726616, "write": 1815.1071095, "leakage": 1349.943667875}, "dcache": {"read": 4783.41521217, "write": 2234.15512332, "leakage": 13.383965069999997}}}}, "frequency": 100000000.0, "dcache": {"read_latency": 0, "destiny": {"leakage_power": 0.0003738, "hit_dynamic_energy": 0.00790113, "read_latency": 0.304819, "write_dynamic_energy": 0.00609866, "miss_dynamic_energy": 0.00790113}, "write_latency": 0, "invalid_latency": 0, "line_size": 4, "sets": 8, "type": "cache", "children": ["main"], "size": 256}, "vrf": {"destiny": {"leakage_power": 0.00233276, "read_dynamic_energy": 0.00473775, "read_latency": 0.0549339, "write_dynamic_energy": 0.00455963}}, "cycles": 3580515, "main": {"read_latency": 1, "destiny": {"leakage_power": 0.0377025, "read_dynamic_energy": 0.040280500000000004, "read_latency": 1.29522, "write_latency": 10.3834, "write_dynamic_energy": 0.0667687}, "write_latency": 1, "line_size": 4, "type": "main_mem", "size": 64}}