{"physical": {"/base_top": {"energy": {"dynamic": 2.41598046816e-07, "internal": 1.9225899504e-07, "leakage": 1.0382141952e-08, "switching": 4.9339051776000006e-08, "total": 2.5198006176e-07}, "power": {"dynamic": 0.0003804454, "internal": 0.000302751, "leakage": 1.63488e-05, "switching": 7.76944e-05, "total": 0.000396794}}, "/base_top/ARBITER": {"energy": {"dynamic": 1.15610746608e-09, "internal": 4.1659068528e-10, "leakage": 5.5829605104e-13, "switching": 7.395167807999999e-10, "total": 1.156661856e-09}, "power": {"dynamic": 1.8205269999999999e-06, "internal": 6.56007e-07, "leakage": 8.79151e-10, "switching": 1.16452e-06, "total": 1.8214e-06}}, "/base_top/I2C_DEVICE": {"energy": {"dynamic": 1.02441858624e-09, "internal": 8.909103168000001e-10, "leakage": 3.8324219472e-12, "switching": 1.3350826944e-10, "total": 1.0282504176e-09}, "power": {"dynamic": 1.6131560000000001e-06, "internal": 1.40292e-06, "leakage": 6.03493e-09, "switching": 2.10236e-07, "total": 1.61919e-06}}, "/base_top/MEM": {"energy": {"dynamic": 1.3763964916800002e-07, "internal": 1.3096302912e-07, "leakage": 7.2188172e-09, "switching": 6.676620048000001e-09, "total": 1.4485833936e-07}, "power": {"dynamic": 0.0002167417, "internal": 0.000206228, "leakage": 1.13675e-05, "switching": 1.05137e-05, "total": 0.000228109}}, "/base_top/MMIO": {"energy": {"dynamic": 4.8474889344e-11, "internal": 2.4026928911999997e-11, "leakage": 5.3137607039999997e-14, "switching": 2.4447960432e-11, "total": 4.8527978688e-11}, "power": {"dynamic": 7.63336e-08, "internal": 3.78353e-08, "leakage": 8.3676e-11, "switching": 3.84983e-08, "total": 7.64172e-08}}, "/base_top/SCALAR": {"energy": {"dynamic": 7.455274344000001e-08, "internal": 3.9425251824000005e-08, "leakage": 2.8539777167999998e-11, "switching": 3.5127491616e-08, "total": 7.458100272e-08}, "power": {"dynamic": 0.00011739850000000001, "internal": 6.20831e-05, "leakage": 4.49417e-08, "switching": 5.53154e-05, "total": 0.000117443}}, "/base_top/VCU": {"energy": {"dynamic": 2.47962989232e-08, "internal": 2.0357731296e-08, "leakage": 3.130175664e-09, "switching": 4.4385676272e-09, "total": 2.7926455536e-08}, "power": {"dynamic": 3.904683e-05, "internal": 3.20574e-05, "leakage": 4.9291e-06, "switching": 6.98943e-06, "total": 4.39759e-05}}}, "perf": 31752}