{"physical": {"/manic_top": {"energy": {"dynamic": 8.137650322232e-06, "internal": 6.236619365040001e-06, "leakage": 6.03115211592e-07, "switching": 1.901030957192e-06, "total": 8.740756875280001e-06}, "power": {"dynamic": 0.0001879681, "internal": 0.000144057, "leakage": 1.39311e-05, "switching": 4.39111e-05, "total": 0.000201899}}, "/manic_top/ARBITER": {"energy": {"dynamic": 5.26383194664e-08, "internal": 2.21165189392e-08, "leakage": 3.38276326264e-11, "switching": 3.05218005272e-08, "total": 5.2672087788e-08}, "power": {"dynamic": 1.21587e-06, "internal": 5.1086e-07, "leakage": 7.8137e-10, "switching": 7.0501e-07, "total": 1.21665e-06}}, "/manic_top/I2C_DEVICE": {"energy": {"dynamic": 3.7428253514624e-08, "internal": 3.666209359024e-08, "leakage": 2.6635629516399997e-10, "switching": 7.66159924384e-10, "total": 3.7694581669520004e-08}, "power": {"dynamic": 8.645391999999999e-07, "internal": 8.46842e-07, "leakage": 6.15245e-09, "switching": 1.76972e-08, "total": 8.70691e-07}}, "/manic_top/MEM": {"energy": {"dynamic": 3.3011569183672003e-06, "internal": 3.1908769397840003e-06, "leakage": 4.92117006784e-07, "switching": 1.102799785832e-07, "total": 3.793273492224e-06}, "power": {"dynamic": 7.625201e-05, "internal": 7.37047e-05, "leakage": 1.13672e-05, "switching": 2.54731e-06, "total": 8.76192e-05}}, "/manic_top/MMIO": {"energy": {"dynamic": 8.470909022248001e-10, "internal": 4.107565651608e-10, "leakage": 3.8698929480800006e-12, "switching": 4.3633433706400005e-10, "total": 8.5096170432e-10}, "power": {"dynamic": 1.956659e-08, "internal": 9.48789e-09, "leakage": 8.9389e-11, "switching": 1.00787e-08, "total": 1.9656e-08}}, "/manic_top/SCALAR": {"energy": {"dynamic": 9.596225351752e-07, "internal": 5.47345529688e-07, "leakage": 1.928547810024e-09, "switching": 4.1227700548720004e-07, "total": 9.6155295756e-07}, "power": {"dynamic": 2.216591e-05, "internal": 1.26429e-05, "leakage": 4.45467e-08, "switching": 9.52301e-06, "total": 2.22105e-05}}, "/manic_top/VCU": {"energy": {"dynamic": 3.5056496483600005e-06, "internal": 2.433834462232e-06, "leakage": 1.087582394752e-07, "switching": 1.071815186128e-06, "total": 3.6144052902719996e-06}, "power": {"dynamic": 8.097550000000001e-05, "internal": 5.62181e-05, "leakage": 2.51216e-06, "switching": 2.47574e-05, "total": 8.34876e-05}}}, "perf": 2164636}