{"main": {"read_latency": 0, "destiny": {"leakage_power": 0.0377025, "read_dynamic_energy": 0.040280500000000004, "read_latency": 1.29522, "write_latency": 10.3834, "write_dynamic_energy": 0.0667687}, "write_latency": 0, "line_size": 4, "type": "main_mem", "size": 64}, "icache": {"line_size": 4, "destiny": {"leakage_power": 0.000295922, "hit_dynamic_energy": 0.00356465, "read_latency": 0.243833, "write_dynamic_energy": 0.00285388, "miss_dynamic_energy": 0.00356465}, "write_latency": 0, "invalid_latency": 1, "read_latency": 0, "sets": 2, "type": "cache", "children": ["main"], "size": 128}, "power": {"avg": {"total": 784384.4033349949, "compute": 214252.938, "vrf": 65402.11327152495, "memory": {"total": 504729.3520634699, "parts": {"main": {"read": 79776.61914731002, "write": 6212.486624796465, "leakage": 37702.5}, "icache": {"read": 104026.70488153392, "write": 0.0, "leakage": 295.922}, "dcache": {"read": 255888.12341740605, "write": 20453.195992423487, "leakage": 373.8}}}}, "dynamic": 213357.812, "leakage": 895.126}, "energy": {"total": 236.0447984956, "compute": 64.47513663234, "vrf": 19.681457946800002, "memory": {"total": 151.88820391646, "parts": {"icache": {"read": 31.3047563, "write": 0.0, "leakage": 0.08905180746000001}, "main": {"read": 24.007178000000003, "write": 1.8695236, "leakage": 11.345813325}, "dcache": {"read": 77.00441298, "write": 6.154980269999999, "leakage": 0.11248763399999999}}}}, "frequency": 100000000.0, "dcache": {"line_size": 4, "destiny": {"leakage_power": 0.0003738, "hit_dynamic_energy": 0.00790113, "read_latency": 0.304819, "write_dynamic_energy": 0.00609866, "miss_dynamic_energy": 0.00790113}, "write_latency": 0, "invalid_latency": 1, "read_latency": 0, "sets": 8, "type": "cache", "children": ["main"], "size": 256}, "vrf": {"destiny": {"leakage_power": 0.00233276, "read_dynamic_energy": 0.00473775, "read_latency": 0.0549339, "write_dynamic_energy": 0.00455963}}, "cycles": 30093}