{
    "cgra_minus_noc": {
        "energy": {
            "dynamic": 0.0,
            "internal": 0.0,
            "leakage": 0.0,
            "switching": 0.0,
            "total": 0.0
        }
    },
    "noc": {
        "energy": {
            "dynamic": 0.0,
            "internal": 0.0,
            "leakage": 0.0,
            "switching": 0.0,
            "total": 0.0
        }
    },
    "perf": 297539,
    "physical": {
        "/dmm_top": {
            "energy": {
                "dynamic": 2.472824016036e-06,
                "internal": 2.19792654378e-06,
                "leakage": 7.1747364304e-08,
                "switching": 2.7489747225600003e-07,
                "total": 2.54457138034e-06
            },
            "power": {
                "dynamic": 0.0004155462,
                "internal": 0.000369351,
                "leakage": 1.20568e-05,
                "switching": 4.61952e-05,
                "total": 0.000427603
            }
        },
        "/dmm_top/ALIGNER": {
            "energy": {
                "dynamic": 1.8074578424958001e-09,
                "internal": 1.7679053286400001e-09,
                "leakage": 1.0603456850800001e-11,
                "switching": 3.95525138558e-11,
                "total": 1.81805850248e-09
            },
            "power": {
                "dynamic": 3.0373461000000003e-07,
                "internal": 2.97088e-07,
                "leakage": 1.78186e-09,
                "switching": 6.64661e-09,
                "total": 3.05516e-07
            }
        },
        "/dmm_top/CORE": {
            "energy": {
                "dynamic": 7.374649909110001e-08,
                "internal": 6.871187142600001e-08,
                "leakage": 3.8478338558e-09,
                "switching": 5.0346276651e-09,
                "total": 7.7594005654e-08
            },
            "power": {
                "dynamic": 1.2392745e-05,
                "internal": 1.15467e-05,
                "leakage": 6.4661e-07,
                "switching": 8.46045e-07,
                "total": 1.30393e-05
            }
        },
        "/dmm_top/DMM": {
            "energy": {
                "dynamic": 4.95288775102e-07,
                "internal": 3.197056555e-07,
                "leakage": 1.78757265654e-10,
                "switching": 1.75583119602e-07,
                "total": 4.9546789358e-07
            },
            "power": {
                "dynamic": 8.32309e-05,
                "internal": 5.3725e-05,
                "leakage": 3.00393e-08,
                "switching": 2.95059e-05,
                "total": 8.3261e-05
            }
        },
        "/dmm_top/INSN_DATA_CONFLICT": {
            "energy": {
                "dynamic": 1.64073716004e-12,
                "internal": 4.6027498066e-13,
                "leakage": 2.6998688859999998e-14,
                "switching": 1.18046217938e-12,
                "total": 1.6677358489e-12
            },
            "power": {
                "dynamic": 2.75718e-10,
                "internal": 7.7347e-11,
                "leakage": 4.537e-12,
                "switching": 1.98371e-10,
                "total": 2.80255e-10
            }
        },
        "/dmm_top/MM": {
            "energy": {
                "dynamic": 1.8601782423356e-06,
                "internal": 1.8077398499600001e-06,
                "leakage": 6.770916499600001e-08,
                "switching": 5.24383923756e-08,
                "total": 1.9278860981600003e-06
            },
            "power": {
                "dynamic": 0.00031259402,
                "internal": 0.000303782,
                "leakage": 1.13782e-05,
                "switching": 8.81202e-06,
                "total": 0.000323972
            }
        },
        "/dmm_top/MMIO": {
            "energy": {
                "dynamic": 2.8478052768000003e-13,
                "internal": 1.2438915434e-13,
                "leakage": 3.8226025486e-13,
                "switching": 1.6039137334000002e-13,
                "total": 6.6704078254e-13
            },
            "power": {
                "dynamic": 4.7856e-11,
                "internal": 2.0903e-11,
                "leakage": 6.4237e-11,
                "switching": 2.6953e-11,
                "total": 1.12093e-10
            }
        }
    }
}
