{"physical": {"/panic_top": {"energy": {"dynamic": 4.17052944e-09, "internal": 3.1867604999999996e-09, "leakage": 2.0585842199999998e-10, "switching": 9.8376894e-10, "total": 4.3763920199999995e-09}, "power": {"dynamic": 0.000300904, "internal": 0.000229925, "leakage": 1.48527e-05, "switching": 7.0979e-05, "total": 0.000315757}}, "/panic_top/I2C_DEVICE": {"energy": {"dynamic": 1.2989259359999998e-10, "internal": 9.948042719999999e-11, "leakage": 9.547946099999999e-14, "switching": 3.04121664e-11, "total": 1.29988089e-10}, "power": {"dynamic": 9.37176e-06, "internal": 7.17752e-06, "leakage": 6.88885e-09, "switching": 2.19424e-06, "total": 9.37865e-06}}, "/panic_top/MEM": {"energy": {"dynamic": 1.86461352e-09, "internal": 1.617462e-09, "leakage": 1.5810795e-10, "switching": 2.4715152e-10, "total": 2.0227145400000003e-09}, "power": {"dynamic": 0.000134532, "internal": 0.0001167, "leakage": 1.14075e-05, "switching": 1.7832e-05, "total": 0.000145939}}, "/panic_top/MMIO": {"energy": {"dynamic": 7.09349256e-13, "internal": 3.4266770999999996e-13, "leakage": 1.1422164599999999e-15, "switching": 3.66681546e-13, "total": 7.104913199999999e-13}, "power": {"dynamic": 5.1179600000000004e-08, "internal": 2.47235e-08, "leakage": 8.2411e-11, "switching": 2.64561e-08, "total": 5.1262e-08}}, "/panic_top/SCALAR": {"energy": {"dynamic": 9.96618546e-10, "internal": 5.395046579999999e-10, "leakage": 6.77447694e-13, "switching": 4.57113888e-10, "total": 9.972949140000001e-10}, "power": {"dynamic": 7.19061e-05, "internal": 3.89253e-05, "leakage": 4.88779e-08, "switching": 3.29808e-05, "total": 7.19549e-05}}, "/panic_top/VCU": {"energy": {"dynamic": 1.1769607079999998e-09, "internal": 9.291633119999999e-10, "leakage": 4.69727874e-11, "switching": 2.47797396e-10, "total": 1.223933634e-09}, "power": {"dynamic": 8.491779999999999e-05, "internal": 6.70392e-05, "leakage": 3.38909e-06, "switching": 1.78786e-05, "total": 8.83069e-05}}}, "perf": 693}