{"icache": {"read_latency": 0, "destiny": {"leakage_power": 0.000295922, "hit_dynamic_energy": 0.00356465, "read_latency": 0.243833, "write_dynamic_energy": 0.00285388, "miss_dynamic_energy": 0.00356465}, "write_latency": 0, "invalid_latency": 0, "line_size": 4, "sets": 2, "type": "cache", "children": ["main"], "size": 128}, "power": {"avg": {"total": 933238.7450442533, "compute": 190172.72700000004, "vrf": 60659.31341118624, "memory": {"total": 682406.704633067, "parts": {"main": {"read": 389931.0848186847, "write": 42679.43945912723, "leakage": 37702.5}, "icache": {"read": 96203.92224953903, "write": 0.0, "leakage": 295.922}, "dcache": {"read": 106764.22526121695, "write": 8533.688844499078, "leakage": 295.922}}}}, "dynamic": 189402.864, "leakage": 769.863}, "energy": {"total": 303.6758876374, "compute": 61.88220536580001, "vrf": 19.738540584000003, "memory": {"total": 222.0551416876, "parts": {"icache": {"read": 31.3047563, "write": 0.0, "leakage": 0.0962930188}, "main": {"read": 126.88357500000001, "write": 13.8878896, "leakage": 12.2683935}, "dcache": {"read": 34.7410789, "write": 2.77686235, "leakage": 0.0962930188}}}}, "frequency": 100000000.0, "dcache": {"read_latency": 0, "destiny": {"leakage_power": 0.000295922, "hit_dynamic_energy": 0.00356465, "read_latency": 0.243833, "write_dynamic_energy": 0.00285388, "miss_dynamic_energy": 0.00356465}, "write_latency": 0, "invalid_latency": 0, "line_size": 4, "sets": 2, "type": "cache", "children": ["main"], "size": 128}, "vrf": {"destiny": {"leakage_power": 0.00233276, "read_dynamic_energy": 0.00473775, "read_latency": 0.0549339, "write_dynamic_energy": 0.00455963}}, "cycles": 32540, "main": {"read_latency": 1, "destiny": {"leakage_power": 0.0377025, "read_dynamic_energy": 0.040280500000000004, "read_latency": 1.29522, "write_latency": 10.3834, "write_dynamic_energy": 0.0667687}, "write_latency": 1, "line_size": 4, "type": "main_mem", "size": 64}}