{"physical": {"/base_top": {"energy": {"dynamic": 2.0836463890720002e-06, "internal": 1.8321100800000001e-06, "leakage": 7.800828911200001e-08, "switching": 2.51536309072e-07, "total": 2.1616513384e-06}, "power": {"dynamic": 0.0004367206, "internal": 0.000384, "leakage": 1.63501e-05, "switching": 5.27206e-05, "total": 0.00045307}}, "/base_top/ARBITER": {"energy": {"dynamic": 1.8053297834400002e-08, "internal": 5.9537852256e-09, "leakage": 4.15899484624e-12, "switching": 1.2099512608800002e-08, "total": 1.80574487088e-08}, "power": {"dynamic": 3.78387e-06, "internal": 1.24788e-06, "leakage": 8.71702e-10, "switching": 2.53599e-06, "total": 3.78474e-06}}, "/base_top/I2C_DEVICE": {"energy": {"dynamic": 5.046682715168e-09, "internal": 4.6916474541600005e-09, "leakage": 2.8827107039999998e-11, "switching": 3.5503526100800005e-10, "total": 5.075517456e-09}, "power": {"dynamic": 1.0577564e-06, "internal": 9.83343e-07, "leakage": 6.042e-09, "switching": 7.44134e-08, "total": 1.0638e-06}}, "/base_top/MEM": {"energy": {"dynamic": 9.025091146520001e-07, "internal": 8.6785718576e-07, "leakage": 5.4236183712e-08, "switching": 3.4651928892e-08, "total": 9.5674315136e-07}, "power": {"dynamic": 0.00018916085, "internal": 0.000181898, "leakage": 1.13676e-05, "switching": 7.26285e-06, "total": 0.000200528}}, "/base_top/MMIO": {"energy": {"dynamic": 1.80321140616e-10, "internal": 8.7290503072e-11, "leakage": 4.1583650584e-13, "switching": 9.3030637544e-11, "total": 1.8073718228000002e-10}, "power": {"dynamic": 3.77943e-08, "internal": 1.82956e-08, "leakage": 8.7157e-11, "switching": 1.94987e-08, "total": 3.78815e-08}}, "/base_top/SCALAR": {"energy": {"dynamic": 2.22991652336e-07, "internal": 1.2308773932e-07, "leakage": 2.14011450272e-10, "switching": 9.990391301600001e-08, "total": 2.2320539851200003e-07}, "power": {"dynamic": 4.67378e-05, "internal": 2.57985e-05, "leakage": 4.48556e-08, "switching": 2.09393e-05, "total": 4.67826e-05}}, "/base_top/VCU": {"energy": {"dynamic": 9.17692011272e-07, "internal": 8.2958326112e-07, "leakage": 2.3523768604000002e-08, "switching": 8.810875015200001e-08, "total": 9.4121315576e-07}, "power": {"dynamic": 0.0001923431, "internal": 0.000173876, "leakage": 4.93045e-06, "switching": 1.84671e-05, "total": 0.000197273}}}, "perf": 238556}