{"physical": {"/panic_top": {"energy": {"dynamic": 1.6561627752e-07, "internal": 1.2656980872e-07, "leakage": 5.656166496e-09, "switching": 3.90464688e-08, "total": 1.7127229032000001e-07}, "power": {"dynamic": 0.000431023, "internal": 0.000329403, "leakage": 1.47204e-05, "switching": 0.00010162, "total": 0.000445743}}, "/panic_top/I2C_DEVICE": {"energy": {"dynamic": 8.244142010400001e-10, "internal": 6.944984304e-10, "leakage": 2.6130241200000002e-12, "switching": 1.2991577063999998e-10, "total": 8.270266487999999e-10}, "power": {"dynamic": 2.145571e-06, "internal": 1.80746e-06, "leakage": 6.8005e-09, "switching": 3.38111e-07, "total": 2.15237e-06}}, "/panic_top/MEM": {"energy": {"dynamic": 8.313474276e-08, "internal": 7.226555376e-08, "leakage": 4.384408944e-09, "switching": 1.0869189e-08, "total": 8.751911327999999e-08}, "power": {"dynamic": 0.0002163615, "internal": 0.000188074, "leakage": 1.14106e-05, "switching": 2.82875e-05, "total": 0.000227772}}, "/panic_top/MMIO": {"energy": {"dynamic": 3.0945075791999995e-11, "internal": 1.4887455648e-11, "leakage": 3.195455112e-14, "switching": 1.6057620144e-11, "total": 3.0977006136e-11}, "power": {"dynamic": 8.053579999999999e-08, "internal": 3.87452e-08, "leakage": 8.3163e-11, "switching": 4.17906e-08, "total": 8.06189e-08}}, "/panic_top/SCALAR": {"energy": {"dynamic": 4.0488598368000006e-08, "internal": 2.1839471544e-08, "leakage": 1.8251476848e-11, "switching": 1.8649126824e-08, "total": 4.0506965040000005e-08}, "power": {"dynamic": 0.00010537320000000001, "internal": 5.68381e-05, "leakage": 4.75002e-08, "switching": 4.85351e-05, "total": 0.000105421}}, "/panic_top/VCU": {"energy": {"dynamic": 4.1035986672e-08, "internal": 3.1708483824e-08, "leakage": 1.2507818904e-09, "switching": 9.327502848e-09, "total": 4.228676472e-08}, "power": {"dynamic": 0.0001067978, "internal": 8.25226e-05, "leakage": 3.25521e-06, "switching": 2.42752e-05, "total": 0.000110053}}}, "perf": 19212}