{"icache": {"read_latency": 0, "destiny": {"leakage_power": 0.000295922, "hit_dynamic_energy": 0.00356465, "read_latency": 0.243833, "write_dynamic_energy": 0.00285388, "miss_dynamic_energy": 0.00356465}, "write_latency": 0, "invalid_latency": 1, "line_size": 4, "sets": 2, "type": "cache", "children": ["main"], "size": 128}, "power": {"avg": {"total": 732596.9847358756, "compute": 212136.91599999997, "vrf": 2332.7599999999998, "memory": {"total": 518127.3087358756, "parts": {"icache": {"read": 161489.38172385626, "write": 0.0, "leakage": 295.922}, "main": {"read": 15053.44129554656, "write": 1124.785950430626, "leakage": 37702.5}, "dcache": {"read": 183771.62635890194, "write": 118315.85140714025, "leakage": 373.79999999999995}}}}, "dynamic": 211368.681, "leakage": 768.235}, "insns": 281845, "energy": {"total": 6610.15665954318, "compute": 1914.09230074556, "vrf": 21.0482835316, "memory": {"total": 4675.0160752660195, "parts": {"main": {"read": 135.825846, "write": 10.1488424, "leakage": 340.186264275}, "icache": {"read": 1457.10415725, "write": 0.0, "leakage": 2.6700775730200004}, "dcache": {"read": 1658.1548451899998, "write": 1067.5532788199998, "leakage": 3.3727637579999996}}}}, "frequency": 100000000.0, "dcache": {"read_latency": 0, "destiny": {"leakage_power": 0.0003738, "hit_dynamic_energy": 0.00790113, "read_latency": 0.304819, "write_dynamic_energy": 0.00609866, "miss_dynamic_energy": 0.00790113}, "write_latency": 0, "invalid_latency": 1, "line_size": 4, "sets": 8, "type": "cache", "children": ["main"], "size": 256}, "vrf": {"destiny": {"leakage_power": 0.00233276, "read_dynamic_energy": 0.00473775, "read_latency": 0.0549339, "write_dynamic_energy": 0.00455963}}, "cycles": 902291, "main": {"read_latency": 0, "destiny": {"leakage_power": 0.0377025, "read_dynamic_energy": 0.040280500000000004, "read_latency": 1.29522, "write_latency": 10.3834, "write_dynamic_energy": 0.0667687}, "write_latency": 0, "line_size": 4, "type": "main_mem", "size": 64}}