{"main": {"read_latency": 0, "destiny": {"leakage_power": 0.0377025, "read_dynamic_energy": 0.040280500000000004, "read_latency": 1.29522, "write_latency": 10.3834, "write_dynamic_energy": 0.0667687}, "write_latency": 0, "line_size": 4, "type": "main_mem", "size": 64}, "icache": {"line_size": 4, "destiny": {"leakage_power": 0.000295922, "hit_dynamic_energy": 0.00356465, "read_latency": 0.243833, "write_dynamic_energy": 0.00285388, "miss_dynamic_energy": 0.00356465}, "write_latency": 0, "invalid_latency": 1, "read_latency": 0, "sets": 2, "type": "cache", "children": ["main"], "size": 128}, "power": {"avg": {"total": 1092922.846713007, "compute": 225538.713, "vrf": 295367.01287946594, "memory": {"total": 572017.1208335412, "parts": {"main": {"read": 89981.74932139975, "write": 9306.76619470325, "leakage": 37702.5}, "icache": {"read": 114711.59287653143, "write": 0.0, "leakage": 295.92199999999997}, "dcache": {"read": 297618.311092363, "write": 22026.47934854376, "leakage": 373.8}}}}, "dynamic": 224769.601, "leakage": 769.112}, "energy": {"total": 297.9526264709, "compute": 61.486363938059995, "vrf": 80.5229550512, "memory": {"total": 155.94330748164, "parts": {"icache": {"read": 31.27267445, "write": 0.0, "leakage": 0.08067425564}, "main": {"read": 24.5308245, "write": 2.5372106, "leakage": 10.27845555}, "dcache": {"read": 81.13670397, "write": 6.004858799999999, "leakage": 0.101905356}}}}, "frequency": 100000000.0, "dcache": {"line_size": 4, "destiny": {"leakage_power": 0.0003738, "hit_dynamic_energy": 0.00790113, "read_latency": 0.304819, "write_dynamic_energy": 0.00609866, "miss_dynamic_energy": 0.00790113}, "write_latency": 0, "invalid_latency": 1, "read_latency": 0, "sets": 8, "type": "cache", "children": ["main"], "size": 256}, "vrf": {"destiny": {"leakage_power": 0.00233276, "read_dynamic_energy": 0.00473775, "read_latency": 0.0549339, "write_dynamic_energy": 0.00455963}}, "cycles": 27262}