{
    "cgra_minus_noc": {
        "energy": {
            "dynamic": 0.0,
            "internal": 0.0,
            "leakage": 0.0,
            "switching": 0.0,
            "total": 0.0
        }
    },
    "noc": {
        "energy": {
            "dynamic": 0.0,
            "internal": 0.0,
            "leakage": 0.0,
            "switching": 0.0,
            "total": 0.0
        }
    },
    "perf": 3542,
    "physical": {
        "/manic_top": {
            "energy": {
                "dynamic": 1.9131900480000002e-08,
                "internal": 1.557644088e-08,
                "leakage": 1.0301694480000001e-09,
                "switching": 3.5554596000000003e-09,
                "total": 2.016205576e-08
            },
            "power": {
                "dynamic": 0.000270072,
                "internal": 0.000219882,
                "leakage": 1.45422e-05,
                "switching": 5.019e-05,
                "total": 0.000284614
            }
        },
        "/manic_top/ALIGNER": {
            "energy": {
                "dynamic": 4.669057316e-10,
                "internal": 2.7674566920000007e-10,
                "leakage": 1.314032412e-13,
                "switching": 1.901600624e-10,
                "total": 4.670367856e-10
            },
            "power": {
                "dynamic": 6.59099e-06,
                "internal": 3.90663e-06,
                "leakage": 1.85493e-09,
                "switching": 2.68436e-06,
                "total": 6.59284e-06
            }
        },
        "/manic_top/CORE": {
            "energy": {
                "dynamic": 6.0433604e-09,
                "internal": 4.825953748e-09,
                "leakage": 4.60977132e-11,
                "switching": 1.217406652e-09,
                "total": 6.089463072e-09
            },
            "power": {
                "dynamic": 8.531e-05,
                "internal": 6.81247e-05,
                "leakage": 6.5073e-07,
                "switching": 1.71853e-05,
                "total": 8.59608e-05
            }
        },
        "/manic_top/INSN_DATA_CONFLICT": {
            "energy": {
                "dynamic": 7.142811368e-12,
                "internal": 2.001322092e-12,
                "leakage": 3.7049320000000005e-16,
                "switching": 5.1414892760000005e-12,
                "total": 7.143151400000001e-12
            },
            "power": {
                "dynamic": 1.008302e-07,
                "internal": 2.82513e-08,
                "leakage": 5.23e-12,
                "switching": 7.25789e-08,
                "total": 1.00835e-07
            }
        },
        "/manic_top/MM": {
            "energy": {
                "dynamic": 7.857210807600001e-09,
                "internal": 7.457468480000001e-09,
                "leakage": 8.056774880000001e-10,
                "switching": 3.997423276e-10,
                "total": 8.66288192e-09
            },
            "power": {
                "dynamic": 0.00011091489000000001,
                "internal": 0.000105272,
                "leakage": 1.13732e-05,
                "switching": 5.64289e-06,
                "total": 0.000122288
            }
        },
        "/manic_top/VECTOR": {
            "energy": {
                "dynamic": 4.0898978119999995e-09,
                "internal": 3.0087731520000002e-09,
                "leakage": 1.7826390120000003e-10,
                "switching": 1.08112466e-09,
                "total": 4.268159588000001e-09
            },
            "power": {
                "dynamic": 5.7734299999999994e-05,
                "internal": 4.24728e-05,
                "leakage": 2.51643e-06,
                "switching": 1.52615e-05,
                "total": 6.02507e-05
            }
        }
    }
}
