{"physical": {"/scalar_design_top": {"energy": {"dynamic": 2.0936164976564003e-05, "internal": 1.815282823068e-05, "leakage": 5.199724705200001e-07, "switching": 2.7833367458840003e-06, "total": 2.1456154753540002e-05}, "power": {"dynamic": 0.0004838926, "internal": 0.000419562, "leakage": 1.2018e-05, "switching": 6.43306e-05, "total": 0.000495911}}, "/scalar_design_top/I2C_DEVICE": {"energy": {"dynamic": 3.96494813892442e-08, "internal": 3.9490736623600004e-08, "leakage": 2.588816507058e-10, "switching": 1.587447656442e-10, "total": 3.990834140688e-08}, "power": {"dynamic": 9.1640903e-07, "internal": 9.1274e-07, "leakage": 5.98347e-09, "switching": 3.66903e-09, "total": 9.22392e-07}}, "/scalar_design_top/MEM": {"energy": {"dynamic": 1.1926726845944002e-05, "internal": 1.1355933967380001e-05, "leakage": 4.9165478189e-07, "switching": 5.70792878564e-07, "total": 1.2418377301220002e-05}, "power": {"dynamic": 0.0002756596, "internal": 0.000262467, "leakage": 1.13635e-05, "switching": 1.31926e-05, "total": 0.000287023}}, "/scalar_design_top/MMIO": {"energy": {"dynamic": 1.446564451374e-10, "internal": 7.18702504768e-11, "leakage": 2.8975333958e-12, "switching": 7.27861946606e-11, "total": 1.475539785332e-10}, "power": {"dynamic": 3.3434099999999997e-09, "internal": 1.66112e-09, "leakage": 6.697e-11, "switching": 1.68229e-09, "total": 3.41038e-09}}, "/scalar_design_top/SCALAR": {"energy": {"dynamic": 8.696736430384e-06, "internal": 6.74103767656e-06, "leakage": 2.801811387664e-08, "switching": 1.955698753824e-06, "total": 8.72474692942e-06}, "power": {"dynamic": 0.0002010056, "internal": 0.000155804, "leakage": 6.47576e-07, "switching": 4.52016e-05, "total": 0.000201653}}}, "perf": 2163307}