{"physical": {"/panic_top": {"energy": {"dynamic": 1.0311140316e-06, "internal": 7.517266586399999e-07, "leakage": 1.968141e-08, "switching": 2.7938737296e-07, "total": 1.0507941184799998e-06}, "power": {"dynamic": 0.000779305, "internal": 0.000568147, "leakage": 1.4875e-05, "switching": 0.000211158, "total": 0.000794179}}, "/panic_top/I2C_DEVICE": {"energy": {"dynamic": 1.7336417961599997e-09, "internal": 1.5803477592e-09, "leakage": 8.998552351199999e-12, "switching": 1.5329403696e-10, "total": 1.7426416583999999e-09}, "power": {"dynamic": 1.310268e-06, "internal": 1.19441e-06, "leakage": 6.80101e-09, "switching": 1.15858e-07, "total": 1.31707e-06}}, "/panic_top/MEM": {"energy": {"dynamic": 4.487497761359999e-07, "internal": 3.9767430095999995e-07, "leakage": 1.5094020648e-08, "switching": 5.1075475175999995e-08, "total": 4.6384485527999996e-07}, "power": {"dynamic": 0.00033916029999999997, "internal": 0.000300558, "leakage": 1.14079e-05, "switching": 3.86023e-05, "total": 0.000350569}}, "/panic_top/MMIO": {"energy": {"dynamic": 5.448356767199999e-11, "internal": 2.6999322095999997e-11, "leakage": 1.1538797208e-13, "switching": 2.7484245575999998e-11, "total": 5.4599076048e-11}, "power": {"dynamic": 4.11781e-08, "internal": 2.04058e-08, "leakage": 8.7209e-11, "switching": 2.07723e-08, "total": 4.12654e-08}}, "/panic_top/SCALAR": {"energy": {"dynamic": 7.898960243999998e-08, "internal": 4.3700404295999995e-08, "leakage": 6.450937716e-11, "switching": 3.5289198144e-08, "total": 7.9054170696e-08}, "power": {"dynamic": 5.969949999999999e-05, "internal": 3.30283e-05, "leakage": 4.87555e-08, "switching": 2.66712e-05, "total": 5.97483e-05}}, "/panic_top/VCU": {"energy": {"dynamic": 5.0147041872e-07, "internal": 3.0868918848e-07, "leakage": 4.5135327936e-09, "switching": 1.9278123023999998e-07, "total": 5.0598358104e-07}, "power": {"dynamic": 0.000379006, "internal": 0.000233304, "leakage": 3.41128e-06, "switching": 0.000145702, "total": 0.000382417}}}, "perf": 66156}