{"physical": {"/base_top": {"energy": {"dynamic": 8.554220974259999e-07, "internal": 7.5340908006e-07, "leakage": 2.8988987351999998e-08, "switching": 1.02013017366e-07, "total": 8.8440984372e-07}, "power": {"dynamic": 0.00048248789999999996, "internal": 0.000424949, "leakage": 1.63508e-05, "switching": 5.75389e-05, "total": 0.000498838}}, "/base_top/ARBITER": {"energy": {"dynamic": 6.7729321998e-09, "internal": 2.2812596274e-09, "leakage": 1.548042561e-12, "switching": 4.4916725724e-09, "total": 6.7744923869999995e-09}, "power": {"dynamic": 3.82017e-06, "internal": 1.28671e-06, "leakage": 8.7315e-10, "switching": 2.53346e-06, "total": 3.82105e-06}}, "/base_top/I2C_DEVICE": {"energy": {"dynamic": 2.046201823848e-09, "internal": 1.8994747278e-09, "leakage": 1.07025827922e-11, "switching": 1.46727096048e-10, "total": 2.0569117998e-09}, "power": {"dynamic": 1.1541292000000001e-06, "internal": 1.07137e-06, "leakage": 6.03663e-09, "switching": 8.27592e-08, "total": 1.16017e-06}}, "/base_top/MEM": {"energy": {"dynamic": 3.317367004458e-07, "internal": 3.1956711617999997e-07, "leakage": 2.0153718156e-08, "switching": 1.21695842658e-08, "total": 3.5189135826e-07}, "power": {"dynamic": 0.00018711107, "internal": 0.000180247, "leakage": 1.13674e-05, "switching": 6.86407e-06, "total": 0.000198479}}, "/base_top/MMIO": {"energy": {"dynamic": 6.1789263822e-11, "internal": 3.0407339352000005e-11, "leakage": 1.5483262314e-13, "switching": 3.138192447e-11, "total": 6.194404148399999e-11}, "power": {"dynamic": 3.48513e-08, "internal": 1.71508e-08, "leakage": 8.7331e-11, "switching": 1.77005e-08, "total": 3.49386e-08}}, "/base_top/SCALAR": {"energy": {"dynamic": 9.2775999966e-08, "internal": 4.9941769566e-08, "leakage": 8.063295661199999e-11, "switching": 4.28342304e-08, "total": 9.2856668736e-08}, "power": {"dynamic": 5.23289e-05, "internal": 2.81689e-05, "leakage": 4.54798e-08, "switching": 2.416e-05, "total": 5.23744e-05}}, "/base_top/VCU": {"energy": {"dynamic": 4.1572783590000005e-07, "internal": 3.793737012e-07, "leakage": 8.7417288816e-09, "switching": 3.6354134700000004e-08, "total": 4.2447020304e-07}, "power": {"dynamic": 0.00023448500000000002, "internal": 0.00021398, "leakage": 4.93064e-06, "switching": 2.0505e-05, "total": 0.000239416}}}, "perf": 88647}