{"physical": {"/manic_top": {"energy": {"dynamic": 4.66422070452e-07, "internal": 3.6397182952e-07, "leakage": 3.4410143716e-08, "switching": 1.0245024093199999e-07, "total": 5.008312259599999e-07}, "power": {"dynamic": 0.0001887951, "internal": 0.000147326, "leakage": 1.39283e-05, "switching": 4.14691e-05, "total": 0.000202723}}, "/manic_top/ARBITER": {"energy": {"dynamic": 2.3819642106e-09, "internal": 1.0545291094e-09, "leakage": 1.93849845904e-12, "switching": 1.3274351012e-09, "total": 2.3839010982800003e-09}, "power": {"dynamic": 9.64155e-07, "internal": 4.26845e-07, "leakage": 7.84652e-10, "switching": 5.3731e-07, "total": 9.64939e-07}}, "/manic_top/I2C_DEVICE": {"energy": {"dynamic": 1.10194332924e-08, "internal": 8.684495429999999e-09, "leakage": 1.52819449744e-11, "switching": 2.3349378624e-09, "total": 1.10347258112e-08}, "power": {"dynamic": 4.46037e-06, "internal": 3.51525e-06, "leakage": 6.18572e-09, "switching": 9.4512e-07, "total": 4.46656e-06}}, "/manic_top/MEM": {"energy": {"dynamic": 1.8475146425839997e-07, "internal": 1.7724968086799998e-07, "leakage": 2.8082647891999998e-08, "switching": 7.5017833904e-09, "total": 2.1283406273999998e-07}, "power": {"dynamic": 7.478241999999999e-05, "internal": 7.17459e-05, "leakage": 1.13671e-05, "switching": 3.03652e-06, "total": 8.61495e-05}}, "/manic_top/MMIO": {"energy": {"dynamic": 6.4251801848e-11, "internal": 3.1128799052e-11, "leakage": 2.0301745151999998e-13, "switching": 3.3123002796e-11, "total": 6.4454878592e-11}, "power": {"dynamic": 2.60074e-08, "internal": 1.26001e-08, "leakage": 8.2176e-11, "switching": 1.34073e-08, "total": 2.60896e-08}}, "/manic_top/SCALAR": {"energy": {"dynamic": 8.4270178356e-08, "internal": 4.6153513484000004e-08, "leakage": 1.11024674696e-10, "switching": 3.8116664872e-08, "total": 8.4381104704e-08}, "power": {"dynamic": 3.4110300000000004e-05, "internal": 1.86817e-05, "leakage": 4.49398e-08, "switching": 1.54286e-05, "total": 3.41552e-05}}, "/manic_top/VCU": {"energy": {"dynamic": 1.68178425532e-07, "internal": 1.30548700152e-07, "leakage": 6.198435859200001e-09, "switching": 3.762972538e-08, "total": 1.74376960212e-07}, "power": {"dynamic": 6.80741e-05, "internal": 5.28426e-05, "leakage": 2.50896e-06, "switching": 1.52315e-05, "total": 7.05831e-05}}}, "perf": 123526}