{"physical": {"/panic_top": {"energy": {"dynamic": 1.3043190204000002e-07, "internal": 9.673739754e-08, "leakage": 3.843477522e-09, "switching": 3.36945045e-08, "total": 1.3427530146000002e-07}, "power": {"dynamic": 0.000501006, "internal": 0.000371581, "leakage": 1.47633e-05, "switching": 0.000129425, "total": 0.000515769}}, "/panic_top/I2C_DEVICE": {"energy": {"dynamic": 6.750673474800001e-10, "internal": 5.550006222000001e-10, "leakage": 1.9430788308e-12, "switching": 1.2006672528e-10, "total": 6.770089631999999e-10}, "power": {"dynamic": 2.593022e-06, "internal": 2.13183e-06, "leakage": 7.46362e-09, "switching": 4.61192e-07, "total": 2.60048e-06}}, "/panic_top/MEM": {"energy": {"dynamic": 5.9059951380000005e-08, "internal": 5.147911092000001e-08, "leakage": 2.9704794e-09, "switching": 7.580840460000001e-09, "total": 6.203043078e-08}, "power": {"dynamic": 0.000226857, "internal": 0.000197738, "leakage": 1.141e-05, "switching": 2.9119e-05, "total": 0.000238267}}, "/panic_top/MMIO": {"energy": {"dynamic": 1.8917554032000003e-11, "internal": 9.809767404000001e-12, "leakage": 2.995029462e-14, "switching": 9.107786628e-12, "total": 1.8947493132e-11}, "power": {"dynamic": 7.266480000000001e-08, "internal": 3.76806e-08, "leakage": 1.15043e-10, "switching": 3.49842e-08, "total": 7.27798e-08}}, "/panic_top/SCALAR": {"energy": {"dynamic": 2.4326299770000004e-08, "internal": 1.2827446446e-08, "leakage": 1.2847492626000002e-11, "switching": 1.1498853324e-08, "total": 2.4339134532000003e-08}, "power": {"dynamic": 9.344050000000001e-05, "internal": 4.92719e-05, "leakage": 4.93489e-08, "switching": 4.41686e-05, "total": 9.34898e-05}}, "/panic_top/VCU": {"energy": {"dynamic": 4.6310867274e-08, "internal": 3.18512973e-08, "leakage": 8.581170876000001e-10, "switching": 1.4459569974000001e-08, "total": 4.716918222e-08}, "power": {"dynamic": 0.0001778861, "internal": 0.000122345, "leakage": 3.29614e-06, "switching": 5.55411e-05, "total": 0.000181183}}}, "perf": 13017}