{"physical": {"/manic_top": {"energy": {"dynamic": 3.51513618048e-07, "internal": 2.6759522376e-07, "leakage": 3.027501504e-08, "switching": 8.391839428799999e-08, "total": 3.8178732888e-07}, "power": {"dynamic": 0.0001617136, "internal": 0.000123107, "leakage": 1.3928e-05, "switching": 3.86066e-05, "total": 0.000175641}}, "/manic_top/ARBITER": {"energy": {"dynamic": 9.4192727544e-10, "internal": 5.514843528e-10, "leakage": 1.6851801988799999e-12, "switching": 3.9044292263999995e-10, "total": 9.4361187744e-10}, "power": {"dynamic": 4.33333e-07, "internal": 2.5371e-07, "leakage": 7.75266e-10, "switching": 1.79623e-07, "total": 4.34108e-07}}, "/manic_top/I2C_DEVICE": {"energy": {"dynamic": 8.61480248112e-09, "internal": 6.8441357952e-09, "leakage": 1.34426022768e-11, "switching": 1.77066668592e-09, "total": 8.6282488656e-09}, "power": {"dynamic": 3.963234e-06, "internal": 3.14864e-06, "leakage": 6.18426e-09, "switching": 8.14594e-07, "total": 3.96942e-06}}, "/manic_top/MEM": {"energy": {"dynamic": 1.000115819568e-07, "internal": 9.5119802064e-08, "leakage": 2.4708437928e-08, "switching": 4.8917798928e-09, "total": 1.24720106832e-07}, "power": {"dynamic": 4.601026e-05, "internal": 4.37598e-05, "leakage": 1.13671e-05, "switching": 2.25046e-06, "total": 5.73774e-05}}, "/manic_top/MMIO": {"energy": {"dynamic": 3.48485247072e-11, "internal": 1.6605176256e-11, "leakage": 1.9307277863999997e-13, "switching": 1.82433484512e-11, "total": 3.5041677912e-11}, "power": {"dynamic": 1.603204e-08, "internal": 7.6392e-09, "leakage": 8.8823e-11, "switching": 8.39284e-09, "total": 1.61209e-08}}, "/manic_top/SCALAR": {"energy": {"dynamic": 6.3552751632e-08, "internal": 3.5159926104e-08, "leakage": 9.7128282384e-11, "switching": 2.8392825527999998e-08, "total": 6.365013249599999e-08}, "power": {"dynamic": 2.92374e-05, "internal": 1.61753e-05, "leakage": 4.46838e-08, "switching": 1.30621e-05, "total": 2.92822e-05}}, "/manic_top/VCU": {"energy": {"dynamic": 1.6463169741599998e-07, "internal": 1.29752176032e-07, "leakage": 5.453589225599999e-09, "switching": 3.4879521384e-08, "total": 1.70085243168e-07}, "power": {"dynamic": 7.57387e-05, "internal": 5.96924e-05, "leakage": 2.50892e-06, "switching": 1.60463e-05, "total": 7.82476e-05}}}, "perf": 108684}