{"icache": {"read_latency": 0, "destiny": {"leakage_power": 0.000295922, "hit_dynamic_energy": 0.00356465, "read_latency": 0.243833, "write_dynamic_energy": 0.00285388, "miss_dynamic_energy": 0.00356465}, "write_latency": 0, "invalid_latency": 0, "line_size": 4, "sets": 2, "type": "cache", "children": ["main"], "size": 128}, "power": {"avg": {"total": 1068470.4902222601, "compute": 239598.29, "vrf": 278647.8367020646, "memory": {"total": 550224.3635201956, "parts": {"main": {"read": 290940.8721304149, "write": 77605.23455161079, "leakage": 37702.49999999999}, "icache": {"read": 62682.95717661487, "write": 0.0, "leakage": 295.922}, "dcache": {"read": 66617.51905629996, "write": 14083.436605255089, "leakage": 295.922}}}}, "dynamic": 238831.086, "leakage": 767.204}, "energy": {"total": 16065.21243453974, "compute": 3602.5304049359, "vrf": 4189.6680647796, "memory": {"total": 8273.01396482424, "parts": {"icache": {"read": 942.48276605, "write": 0.0, "leakage": 4.44939737462}, "main": {"read": 4374.5025805000005, "write": 1166.8498012, "leakage": 566.883856275}, "dcache": {"read": 1001.64169745, "write": 211.7544686, "leakage": 4.44939737462}}}}, "frequency": 100000000.0, "dcache": {"read_latency": 0, "destiny": {"leakage_power": 0.000295922, "hit_dynamic_energy": 0.00356465, "read_latency": 0.243833, "write_dynamic_energy": 0.00285388, "miss_dynamic_energy": 0.00356465}, "write_latency": 0, "invalid_latency": 0, "line_size": 4, "sets": 2, "type": "cache", "children": ["main"], "size": 128}, "vrf": {"destiny": {"leakage_power": 0.00233276, "read_dynamic_energy": 0.00473775, "read_latency": 0.0549339, "write_dynamic_energy": 0.00455963}}, "cycles": 1503571, "main": {"read_latency": 1, "destiny": {"leakage_power": 0.0377025, "read_dynamic_energy": 0.040280500000000004, "read_latency": 1.29522, "write_latency": 10.3834, "write_dynamic_energy": 0.0667687}, "write_latency": 1, "line_size": 4, "type": "main_mem", "size": 64}}