{"physical": {"/panic_top": {"energy": {"dynamic": 3.7325948800000004e-07, "internal": 2.9770085120000003e-07, "leakage": 8.809415808e-09, "switching": 7.55586368e-08, "total": 3.8206908159999995e-07}, "power": {"dynamic": 0.0006298250000000001, "internal": 0.00050233, "leakage": 1.48647e-05, "switching": 0.000127495, "total": 0.00064469}}, "/panic_top/I2C_DEVICE": {"energy": {"dynamic": 1.00788980992e-09, "internal": 8.816171903999999e-10, "leakage": 4.0337330431999996e-12, "switching": 1.2627261952e-10, "total": 1.0119268736e-09}, "power": {"dynamic": 1.7006780000000001e-06, "internal": 1.48761e-06, "leakage": 6.80638e-09, "switching": 2.13068e-07, "total": 1.70749e-06}}, "/panic_top/MEM": {"energy": {"dynamic": 2.08636363648e-07, "internal": 1.8887555328e-07, "leakage": 6.7604222719999996e-09, "switching": 1.9760810368e-08, "total": 2.1539678591999999e-07}, "power": {"dynamic": 0.0003520457, "internal": 0.000318702, "leakage": 1.14073e-05, "switching": 3.33437e-05, "total": 0.000363453}}, "/panic_top/MMIO": {"energy": {"dynamic": 2.0229884928e-11, "internal": 1.0036773248e-11, "leakage": 5.1544863999999996e-14, "switching": 1.019311168e-11, "total": 2.0281444607999997e-11}, "power": {"dynamic": 3.4135200000000005e-08, "internal": 1.69357e-08, "leakage": 8.6975e-11, "switching": 1.71995e-08, "total": 3.42222e-08}}, "/panic_top/SCALAR": {"energy": {"dynamic": 2.6610662016e-08, "internal": 1.4710628608e-08, "leakage": 2.8932981119999995e-11, "switching": 1.1900033408e-08, "total": 2.6639582848e-08}, "power": {"dynamic": 4.4901900000000005e-05, "internal": 2.48222e-05, "leakage": 4.88205e-08, "switching": 2.00797e-05, "total": 4.49507e-05}}, "/panic_top/VCU": {"energy": {"dynamic": 1.36939309824e-07, "internal": 9.320271488e-08, "leakage": 2.015805696e-09, "switching": 4.3736594944e-08, "total": 1.3895511552e-07}, "power": {"dynamic": 0.0002310666, "internal": 0.000157267, "leakage": 3.4014e-06, "switching": 7.37996e-05, "total": 0.000234468}}}, "perf": 29632}