{"icache": {"read_latency": 0, "destiny": {"leakage_power": 0.000295922, "hit_dynamic_energy": 0.00356465, "read_latency": 0.243833, "write_dynamic_energy": 0.00285388, "miss_dynamic_energy": 0.00356465}, "write_latency": 0, "invalid_latency": 0, "line_size": 4, "sets": 2, "type": "cache", "children": ["main"], "size": 128}, "power": {"avg": {"total": 941665.5365473037, "compute": 239656.419, "vrf": 291540.8899399042, "memory": {"total": 410468.2276073993, "parts": {"icache": {"read": 65607.78745959913, "write": 0.0, "leakage": 295.922}, "main": {"read": 71013.91070634253, "write": 7864.2127443630225, "leakage": 37702.5}, "dcache": {"read": 187580.40886615837, "write": 39655.88683093626, "leakage": 747.599}}}}, "dynamic": 238889.137, "leakage": 767.282}, "energy": {"total": 13527.411515372001, "compute": 3442.76271806679, "vrf": 4188.1044157516, "memory": {"total": 5896.54438155361, "parts": {"main": {"read": 1020.1439430000001, "write": 112.9726404, "leakage": 541.611870525}, "icache": {"read": 942.48276605, "write": 0.0, "leakage": 4.2510408580200005}, "dcache": {"read": 2694.66948133, "write": 569.67307324, "leakage": 10.73956615059}}}}, "frequency": 100000000.0, "dcache": {"read_latency": 0, "destiny": {"leakage_power": 0.000747599, "hit_dynamic_energy": 0.00958981, "read_latency": 0.305483, "write_dynamic_energy": 0.00778734, "miss_dynamic_energy": 0.00958981}, "write_latency": 0, "invalid_latency": 0, "line_size": 4, "sets": 8, "type": "cache", "children": ["main"], "size": 512}, "vrf": {"destiny": {"leakage_power": 0.00233276, "read_dynamic_energy": 0.00473775, "read_latency": 0.0549339, "write_dynamic_energy": 0.00455963}}, "cycles": 1436541, "main": {"read_latency": 1, "destiny": {"leakage_power": 0.0377025, "read_dynamic_energy": 0.040280500000000004, "read_latency": 1.29522, "write_latency": 10.3834, "write_dynamic_energy": 0.0667687}, "write_latency": 1, "line_size": 4, "type": "main_mem", "size": 64}}