{"physical": {"/panic_top": {"energy": {"dynamic": 6.789055104e-09, "internal": 5.5036987200000004e-09, "leakage": 2.81092032e-10, "switching": 1.285356384e-09, "total": 7.07015088e-09}, "power": {"dynamic": 0.0003626632, "internal": 0.000294001, "leakage": 1.50156e-05, "switching": 6.86622e-05, "total": 0.000377679}}, "/panic_top/I2C_DEVICE": {"energy": {"dynamic": 1.620315216e-10, "internal": 1.246091184e-10, "leakage": 1.318165056e-13, "switching": 3.7422403199999996e-11, "total": 1.621633104e-10}, "power": {"dynamic": 8.65553e-06, "internal": 6.65647e-06, "leakage": 7.04148e-09, "switching": 1.99906e-06, "total": 8.66257e-06}}, "/panic_top/MEM": {"energy": {"dynamic": 3.523989456e-09, "internal": 3.15379584e-09, "leakage": 2.13634512e-10, "switching": 3.70193616e-10, "total": 3.7376352e-09}, "power": {"dynamic": 0.0001882473, "internal": 0.000168472, "leakage": 1.14121e-05, "switching": 1.97753e-05, "total": 0.00019966}}, "/panic_top/MMIO": {"energy": {"dynamic": 5.4132624e-13, "internal": 2.59857936e-13, "leakage": 1.57560624e-15, "switching": 2.81468304e-13, "total": 5.42902464e-13}, "power": {"dynamic": 2.8917e-08, "internal": 1.38813e-08, "leakage": 8.4167e-11, "switching": 1.50357e-08, "total": 2.90012e-08}}, "/panic_top/SCALAR": {"energy": {"dynamic": 8.56153584e-10, "internal": 4.75929792e-10, "leakage": 9.61794288e-13, "switching": 3.8022379199999997e-10, "total": 8.57115792e-10}, "power": {"dynamic": 4.57347e-05, "internal": 2.54236e-05, "leakage": 5.13779e-08, "switching": 2.03111e-05, "total": 4.57861e-05}}, "/panic_top/VCU": {"energy": {"dynamic": 2.244653424e-09, "internal": 1.748333808e-09, "leakage": 6.63582816e-11, "switching": 4.96319616e-10, "total": 2.31100272e-09}, "power": {"dynamic": 0.0001199067, "internal": 9.33939e-05, "leakage": 3.54478e-06, "switching": 2.65128e-05, "total": 0.000123451}}}, "perf": 936}