{"physical": {"/panic_top": {"energy": {"dynamic": 1.358698558e-07, "internal": 1.033725728e-07, "leakage": 5.8340426199999995e-09, "switching": 3.2497283e-08, "total": 1.417040168e-07}, "power": {"dynamic": 0.000344323, "internal": 0.000261968, "leakage": 1.47847e-05, "switching": 8.2355e-05, "total": 0.000359108}}, "/panic_top/I2C_DEVICE": {"energy": {"dynamic": 8.149614610000001e-10, "internal": 6.9202975e-10, "leakage": 2.6865275580000002e-12, "switching": 1.22931711e-10, "total": 8.176467140000001e-10}, "power": {"dynamic": 2.065285e-06, "internal": 1.75375e-06, "leakage": 6.80823e-09, "switching": 3.11535e-07, "total": 2.07209e-06}}, "/panic_top/MEM": {"energy": {"dynamic": 6.347582952e-08, "internal": 5.5337125599999995e-08, "leakage": 4.50207032e-09, "switching": 8.13870392e-09, "total": 6.79781366e-08}, "power": {"dynamic": 0.0001608612, "internal": 0.000140236, "leakage": 1.14092e-05, "switching": 2.06252e-05, "total": 0.000172271}}, "/panic_top/MMIO": {"energy": {"dynamic": 1.746325976e-11, "internal": 8.4801513e-12, "leakage": 3.3988871e-14, "switching": 8.98310846e-12, "total": 1.749723482e-11}, "power": {"dynamic": 4.42556e-08, "internal": 2.14905e-08, "leakage": 8.6135e-11, "switching": 2.27651e-08, "total": 4.43417e-08}}, "/panic_top/SCALAR": {"energy": {"dynamic": 2.577495632e-08, "internal": 1.3532294019999999e-08, "leakage": 1.904173868e-11, "switching": 1.22426623e-08, "total": 2.5794015499999996e-08}, "power": {"dynamic": 6.53192e-05, "internal": 3.42937e-05, "leakage": 4.82558e-08, "switching": 3.10255e-05, "total": 6.53675e-05}}, "/panic_top/VCU": {"energy": {"dynamic": 4.574704342e-08, "internal": 3.3783955219999995e-08, "leakage": 1.31013119e-09, "switching": 1.1963088200000001e-08, "total": 4.70572338e-08}, "power": {"dynamic": 0.0001159327, "internal": 8.56157e-05, "leakage": 3.32015e-06, "switching": 3.0317e-05, "total": 0.000119253}}}, "perf": 19730}