{"physical": {"/panic_top": {"energy": {"dynamic": 5.685078312000001e-09, "internal": 4.30493184e-09, "leakage": 2.6459360400000005e-10, "switching": 1.3801464720000001e-09, "total": 5.949677280000001e-09}, "power": {"dynamic": 0.00031795740000000003, "internal": 0.000240768, "leakage": 1.47983e-05, "switching": 7.71894e-05, "total": 0.000332756}}, "/panic_top/I2C_DEVICE": {"energy": {"dynamic": 1.5772359240000002e-10, "internal": 1.209283404e-10, "leakage": 1.2300689040000003e-13, "switching": 3.6795252e-11, "total": 1.5784660680000002e-10}, "power": {"dynamic": 8.82123e-06, "internal": 6.76333e-06, "leakage": 6.87958e-09, "switching": 2.0579e-06, "total": 8.82811e-06}}, "/panic_top/MEM": {"energy": {"dynamic": 2.5476264360000003e-09, "internal": 2.2110229200000003e-09, "leakage": 2.0399470800000004e-10, "switching": 3.36603516e-10, "total": 2.75162472e-09}, "power": {"dynamic": 0.0001424847, "internal": 0.000123659, "leakage": 1.14091e-05, "switching": 1.88257e-05, "total": 0.000153894}}, "/panic_top/MMIO": {"energy": {"dynamic": 1.182504528e-12, "internal": 5.80928352e-13, "leakage": 1.4279862e-15, "switching": 6.01576176e-13, "total": 1.1839331400000001e-12}, "power": {"dynamic": 6.61356e-08, "internal": 3.24904e-08, "leakage": 7.9865e-11, "switching": 3.36452e-08, "total": 6.62155e-08}}, "/panic_top/SCALAR": {"energy": {"dynamic": 1.502284752e-09, "internal": 8.024293680000001e-10, "leakage": 8.76869172e-13, "switching": 6.998553840000001e-10, "total": 1.503160872e-09}, "power": {"dynamic": 8.40204e-05, "internal": 4.48786e-05, "leakage": 4.90419e-08, "switching": 3.91418e-05, "total": 8.40694e-05}}, "/panic_top/VCU": {"energy": {"dynamic": 1.4736767520000003e-09, "internal": 1.1687637480000003e-09, "leakage": 5.9593146e-11, "switching": 3.0491300400000004e-10, "total": 1.5332707920000003e-09}, "power": {"dynamic": 8.242040000000001e-05, "internal": 6.53671e-05, "leakage": 3.33295e-06, "switching": 1.70533e-05, "total": 8.57534e-05}}}, "perf": 894}