{"physical": {"/manic_top": {"energy": {"dynamic": 1.8402163997179998e-06, "internal": 1.4188771189e-06, "leakage": 8.626406265599999e-08, "switching": 4.21339280818e-07, "total": 1.92648108166e-06}, "power": {"dynamic": 0.0002971513, "internal": 0.000229115, "leakage": 1.39296e-05, "switching": 6.80363e-05, "total": 0.000311081}}, "/manic_top/ARBITER": {"energy": {"dynamic": 8.90883783876e-09, "internal": 3.54201246986e-09, "leakage": 4.8478698937599994e-12, "switching": 5.3668253689e-09, "total": 8.913693041e-09}, "power": {"dynamic": 1.438566e-06, "internal": 5.71951e-07, "leakage": 7.82816e-10, "switching": 8.66615e-07, "total": 1.43935e-06}}, "/manic_top/I2C_DEVICE": {"energy": {"dynamic": 6.1431269991979995e-09, "internal": 5.74351846412e-09, "leakage": 3.80884422868e-11, "switching": 3.9960853507799994e-10, "total": 6.181217423199999e-09}, "power": {"dynamic": 9.919693e-07, "internal": 9.27442e-07, "leakage": 6.15038e-09, "switching": 6.45273e-08, "total": 9.9812e-07}}, "/manic_top/MEM": {"energy": {"dynamic": 9.679309510654e-07, "internal": 9.229219258e-07, "leakage": 7.0394858906e-08, "switching": 4.5009025265399994e-08, "total": 1.0383258719e-06}, "power": {"dynamic": 0.00015629789, "internal": 0.00014903, "leakage": 1.13671e-05, "switching": 7.26789e-06, "total": 0.000167665}}, "/manic_top/MMIO": {"energy": {"dynamic": 2.86418536428e-10, "internal": 1.4114518797600001e-10, "leakage": 5.3591152582e-13, "switching": 1.45273348452e-10, "total": 2.86954218818e-10}, "power": {"dynamic": 4.62498e-08, "internal": 2.27916e-08, "leakage": 8.6537e-11, "switching": 2.34582e-08, "total": 4.63363e-08}}, "/manic_top/SCALAR": {"energy": {"dynamic": 4.98154896972e-07, "internal": 2.5866833076799996e-07, "leakage": 2.77522493038e-10, "switching": 2.3948656620399996e-07, "total": 4.98431717814e-07}, "power": {"dynamic": 8.04402e-05, "internal": 4.17688e-05, "leakage": 4.48133e-08, "switching": 3.86714e-05, "total": 8.04849e-05}}, "/manic_top/VCU": {"energy": {"dynamic": 3.17986020992e-07, "internal": 2.2659612811399998e-07, "leakage": 1.55469273156e-08, "switching": 9.1389892878e-08, "total": 3.33533196022e-07}, "power": {"dynamic": 5.13472e-05, "internal": 3.65899e-05, "leakage": 2.51046e-06, "switching": 1.47573e-05, "total": 5.38577e-05}}}, "perf": 309643}