{"physical": {"/panic_top": {"energy": {"dynamic": 1.167992916e-08, "internal": 9.06302484e-09, "leakage": 6.43860068e-10, "switching": 2.61690432e-09, "total": 1.2323793599999999e-08}, "power": {"dynamic": 0.000267153, "internal": 0.000207297, "leakage": 1.47269e-05, "switching": 5.9856e-05, "total": 0.00028188}}, "/panic_top/I2C_DEVICE": {"energy": {"dynamic": 2.7724469640000003e-10, "internal": 2.1595843760000003e-10, "leakage": 3.000779036e-13, "switching": 6.12862588e-11, "total": 2.775446156e-10}, "power": {"dynamic": 6.34137e-06, "internal": 4.93958e-06, "leakage": 6.86363e-09, "switching": 1.40179e-06, "total": 6.34823e-06}}, "/panic_top/MEM": {"energy": {"dynamic": 4.61654782e-09, "internal": 4.038836112000001e-09, "leakage": 4.988583160000001e-10, "switching": 5.77711708e-10, "total": 5.115414880000001e-09}, "power": {"dynamic": 0.00010559350000000001, "internal": 9.23796e-05, "leakage": 1.14103e-05, "switching": 1.32139e-05, "total": 0.000117004}}, "/panic_top/MMIO": {"energy": {"dynamic": 1.3559233359999999e-12, "internal": 6.74376628e-13, "leakage": 3.71414516e-15, "switching": 6.81546708e-13, "total": 1.3596351640000002e-12}, "power": {"dynamic": 3.10138e-08, "internal": 1.54249e-08, "leakage": 8.4953e-11, "switching": 1.55889e-08, "total": 3.10987e-08}}, "/panic_top/SCALAR": {"energy": {"dynamic": 1.991703948e-09, "internal": 1.0790052280000001e-09, "leakage": 2.067938512e-12, "switching": 9.1269872e-10, "total": 1.9937719039999998e-09}, "power": {"dynamic": 4.55559e-05, "internal": 2.46799e-05, "leakage": 4.72996e-08, "switching": 2.0876e-05, "total": 4.56032e-05}}, "/panic_top/VCU": {"energy": {"dynamic": 4.790863832000001e-09, "internal": 3.727532224e-09, "leakage": 1.4262250960000002e-10, "switching": 1.0633316080000001e-09, "total": 4.93349596e-09}, "power": {"dynamic": 0.0001095806, "internal": 8.52592e-05, "leakage": 3.26218e-06, "switching": 2.43214e-05, "total": 0.000112843}}}, "perf": 2186}