{"physical": {"/dot_design_top": {"energy": {"dynamic": 3.23736553283e-06, "internal": 2.6409372781999996e-06, "leakage": 8.523057959e-08, "switching": 5.9642825463e-07, "total": 3.3226020581e-06}, "power": {"dynamic": 0.0004355923, "internal": 0.000355342, "leakage": 1.14679e-05, "switching": 8.02503e-05, "total": 0.000447061}}, "/dot_design_top/DOT": {"energy": {"dynamic": 7.8756551601e-07, "internal": 5.2556689718e-07, "leakage": 2.9444865384999996e-10, "switching": 2.6199861883e-07, "total": 7.878620568e-07}, "power": {"dynamic": 0.0001059681, "internal": 7.07158e-05, "leakage": 3.96185e-08, "switching": 3.52523e-05, "total": 0.000106008}}, "/dot_design_top/I2C_DEVICE": {"energy": {"dynamic": 7.76337916861e-09, "internal": 7.461531116e-09, "leakage": 4.485235189499999e-11, "switching": 3.0184805261e-10, "total": 7.808238581e-09}, "power": {"dynamic": 1.0445741e-06, "internal": 1.00396e-06, "leakage": 6.03495e-09, "switching": 4.06141e-08, "total": 1.05061e-06}}, "/dot_design_top/MEM": {"energy": {"dynamic": 2.10396879641e-06, "internal": 1.9574293375e-06, "leakage": 8.454088071e-08, "switching": 1.4653945891e-07, "total": 2.1885081907e-06}, "power": {"dynamic": 0.0002830921, "internal": 0.000263375, "leakage": 1.13751e-05, "switching": 1.97171e-05, "total": 0.000294467}}, "/dot_design_top/MMIO": {"energy": {"dynamic": 2.8395750148999997e-10, "internal": 1.2794806076e-10, "leakage": 6.827944590999999e-13, "switching": 1.5600944073e-10, "total": 2.8464051148e-10}, "power": {"dynamic": 3.82069e-08, "internal": 1.72156e-08, "leakage": 9.1871e-11, "switching": 2.09913e-08, "total": 3.82988e-08}}, "/dot_design_top/SCALAR": {"energy": {"dynamic": 2.9775296551e-07, "internal": 1.5003328911999997e-07, "leakage": 3.4752053673999997e-10, "switching": 1.4771967639e-07, "total": 2.9810078779e-07}, "power": {"dynamic": 4.00631e-05, "internal": 2.01872e-05, "leakage": 4.67594e-08, "switching": 1.98759e-05, "total": 4.01099e-05}}}, "perf": 371605}