{
    "cgra_minus_noc": {
        "energy": {
            "dynamic": 0.0,
            "internal": 0.0,
            "leakage": 0.0,
            "switching": 0.0,
            "total": 0.0
        }
    },
    "count": 7751,
    "noc": {
        "energy": {
            "dynamic": 0.0,
            "internal": 0.0,
            "leakage": 0.0,
            "switching": 0.0,
            "total": 0.0
        }
    },
    "perf": 12949,
    "physical": {
        "/vector_top": {
            "energy": {
                "dynamic": 9.2796056128e-08,
                "internal": 7.771394146e-08,
                "leakage": 4.393233128000001e-09,
                "switching": 1.5082114668e-08,
                "total": 9.718923746e-08
            },
            "power": {
                "dynamic": 0.0003583136,
                "internal": 0.000300077,
                "leakage": 1.69636e-05,
                "switching": 5.82366e-05,
                "total": 0.000375277
            }
        },
        "/vector_top/ALIGNER": {
            "energy": {
                "dynamic": 2.7111347198000004e-09,
                "internal": 1.6431529958000001e-09,
                "leakage": 5.547455192000001e-13,
                "switching": 1.067981724e-09,
                "total": 2.7117018860000002e-09
            },
            "power": {
                "dynamic": 1.046851e-05,
                "internal": 6.34471e-06,
                "leakage": 2.14204e-09,
                "switching": 4.1238e-06,
                "total": 1.04707e-05
            }
        },
        "/vector_top/CORE": {
            "energy": {
                "dynamic": 3.5728595922e-08,
                "internal": 2.792477748e-08,
                "leakage": 1.683680776e-10,
                "switching": 7.803818442000001e-09,
                "total": 3.589695882e-08
            },
            "power": {
                "dynamic": 0.0001379589,
                "internal": 0.000107826,
                "leakage": 6.5012e-07,
                "switching": 3.01329e-05,
                "total": 0.000138609
            }
        },
        "/vector_top/INSN_DATA_CONFLICT": {
            "energy": {
                "dynamic": 4.1561136298e-11,
                "internal": 1.1976555998000001e-11,
                "leakage": 1.4844733600000002e-15,
                "switching": 2.95845803e-11,
                "total": 4.156266428e-11
            },
            "power": {
                "dynamic": 1.604801e-07,
                "internal": 4.62451e-08,
                "leakage": 5.732e-12,
                "switching": 1.14235e-07,
                "total": 1.60486e-07
            }
        },
        "/vector_top/MM": {
            "energy": {
                "dynamic": 4.05541547232e-08,
                "internal": 3.819022672000001e-08,
                "leakage": 2.9474772780000002e-09,
                "switching": 2.3639280032000002e-09,
                "total": 4.3501647540000006e-08
            },
            "power": {
                "dynamic": 0.00015659184,
                "internal": 0.000147464,
                "leakage": 1.13811e-05,
                "switching": 9.12784e-06,
                "total": 0.000167973
            }
        },
        "/vector_top/VECTOR": {
            "energy": {
                "dynamic": 1.2088616644000002e-08,
                "internal": 9.912796174e-09,
                "leakage": 1.2768257858e-09,
                "switching": 2.1758204700000003e-09,
                "total": 1.336543984e-08
            },
            "power": {
                "dynamic": 4.66778e-05,
                "internal": 3.82763e-05,
                "leakage": 4.93021e-06,
                "switching": 8.4015e-06,
                "total": 5.1608e-05
            }
        }
    }
}
