{"physical": {"/manic_top": {"energy": {"dynamic": 3.231857741772e-06, "internal": 2.6017502667199996e-06, "leakage": 2.64638795272e-07, "switching": 6.30107475052e-07, "total": 3.4964984365199996e-06}, "power": {"dynamic": 0.0001701447, "internal": 0.000136972, "leakage": 1.39322e-05, "switching": 3.31727e-05, "total": 0.000184077}}, "/manic_top/ARBITER": {"energy": {"dynamic": 3.329566787212e-08, "internal": 1.270002949932e-08, "leakage": 1.481969275724e-11, "switching": 2.05956383728e-08, "total": 3.33105407692e-08}, "power": {"dynamic": 1.752887e-06, "internal": 6.68607e-07, "leakage": 7.80199e-10, "switching": 1.08428e-06, "total": 1.75367e-06}}, "/manic_top/I2C_DEVICE": {"energy": {"dynamic": 1.59953052362516e-08, "internal": 1.5842123703759998e-08, "leakage": 1.1692376476079999e-10, "switching": 1.531815324916e-10, "total": 1.611222919096e-08}, "power": {"dynamic": 8.4209041e-07, "internal": 8.34026e-07, "leakage": 6.15558e-09, "switching": 8.06441e-09, "total": 8.48246e-07}}, "/manic_top/MEM": {"energy": {"dynamic": 1.336389636132e-06, "internal": 1.3056105270280002e-06, "leakage": 2.15917235872e-07, "switching": 3.0779109104e-08, "total": 1.5523068720039998e-06}, "power": {"dynamic": 7.035570000000001e-05, "internal": 6.87353e-05, "leakage": 1.13672e-05, "switching": 1.6204e-06, "total": 8.17229e-05}}, "/manic_top/MMIO": {"energy": {"dynamic": 6.00131844296e-11, "internal": 2.91354925212e-11, "leakage": 1.73866636184e-12, "switching": 3.0877691908399996e-11, "total": 6.175196476e-11}, "power": {"dynamic": 3.1594599999999998e-09, "internal": 1.53387e-09, "leakage": 9.1534e-11, "switching": 1.62559e-09, "total": 3.251e-09}}, "/manic_top/SCALAR": {"energy": {"dynamic": 1.3143899050999997e-07, "internal": 7.98889213984e-08, "leakage": 8.650327672560001e-10, "switching": 5.155006911159999e-08, "total": 1.323040118804e-07}, "power": {"dynamic": 6.919749999999999e-06, "internal": 4.20584e-06, "leakage": 4.55406e-08, "switching": 2.71391e-06, "total": 6.96529e-06}}, "/manic_top/VCU": {"energy": {"dynamic": 1.5929024730759998e-06, "internal": 1.186067004968e-06, "leakage": 4.771863607199999e-08, "switching": 4.06835468108e-07, "total": 1.640621109148e-06}, "power": {"dynamic": 8.38601e-05, "internal": 6.24418e-05, "leakage": 2.5122e-06, "switching": 2.14183e-05, "total": 8.63723e-05}}}, "perf": 949738}