{"physical": {"/panic_top": {"energy": {"dynamic": 2.1835491156000002e-07, "internal": 1.6252249584e-07, "leakage": 6.716323764e-09, "switching": 5.5832415720000005e-08, "total": 2.2507087134e-07}, "power": {"dynamic": 0.00047992200000000003, "internal": 0.000357208, "leakage": 1.47618e-05, "switching": 0.000122714, "total": 0.000494683}}, "/panic_top/I2C_DEVICE": {"energy": {"dynamic": 9.0457940652e-10, "internal": 7.681381842e-10, "leakage": 3.387144108e-12, "switching": 1.3644122232e-10, "total": 9.079671876000001e-10}, "power": {"dynamic": 1.988174e-06, "internal": 1.68829e-06, "leakage": 7.4446e-09, "switching": 2.99884e-07, "total": 1.99562e-06}}, "/panic_top/MEM": {"energy": {"dynamic": 1.1556501099600001e-07, "internal": 9.866605284e-08, "leakage": 5.19109431e-09, "switching": 1.6898958155999998e-08, "total": 1.2075624180000001e-07}, "power": {"dynamic": 0.0002540002, "internal": 0.000216858, "leakage": 1.14095e-05, "switching": 3.71422e-05, "total": 0.00026541}}, "/panic_top/MMIO": {"energy": {"dynamic": 4.9594139442e-11, "internal": 2.5895323194e-11, "leakage": 5.09554851e-14, "switching": 2.3698816248e-11, "total": 4.96451427e-11}, "power": {"dynamic": 1.090029e-07, "internal": 5.69153e-08, "leakage": 1.11995e-10, "switching": 5.20876e-08, "total": 1.09115e-07}}, "/panic_top/SCALAR": {"energy": {"dynamic": 6.7829965332e-08, "internal": 3.6645499638e-08, "leakage": 2.249898849e-11, "switching": 3.1184465694e-08, "total": 6.785253234e-08}, "power": {"dynamic": 0.0001490834, "internal": 8.05431e-05, "leakage": 4.94505e-08, "switching": 6.85403e-05, "total": 0.000149133}}, "/panic_top/VCU": {"energy": {"dynamic": 3.3899740836e-08, "internal": 2.6379103428e-08, "leakage": 1.4992136976000002e-09, "switching": 7.520637408e-09, "total": 3.5398945434e-08}, "power": {"dynamic": 7.45082e-05, "internal": 5.79786e-05, "leakage": 3.29512e-06, "switching": 1.65296e-05, "total": 7.78033e-05}}}, "perf": 22749}