{"physical": {"/manic_top": {"energy": {"dynamic": 9.232633491594e-06, "internal": 7.3664601269999996e-06, "leakage": 4.828904363280001e-07, "switching": 1.866173364594e-06, "total": 9.71551353066e-06}, "power": {"dynamic": 0.0002663961, "internal": 0.00021255, "leakage": 1.39332e-05, "switching": 5.38461e-05, "total": 0.000280329}}, "/manic_top/ARBITER": {"energy": {"dynamic": 4.217749837166e-08, "internal": 1.72221980645e-08, "leakage": 2.70231770888e-11, "switching": 2.495530030716e-08, "total": 4.22045659104e-08}, "power": {"dynamic": 1.216979e-06, "internal": 4.96925e-07, "leakage": 7.7972e-10, "switching": 7.20054e-07, "total": 1.21776e-06}}, "/manic_top/I2C_DEVICE": {"energy": {"dynamic": 3.0669361707794e-08, "internal": 3.011414445124e-08, "leakage": 2.12681192841e-10, "switching": 5.55217256554e-10, "total": 3.088205156502e-08}, "power": {"dynamic": 8.849261e-07, "internal": 8.68906e-07, "leakage": 6.13665e-09, "switching": 1.60201e-08, "total": 8.91063e-07}}, "/manic_top/MEM": {"energy": {"dynamic": 2.0492785059498e-06, "internal": 1.975639204684e-06, "leakage": 3.93959188688e-07, "switching": 7.36393012658e-08, "total": 2.4432352686100003e-06}, "power": {"dynamic": 5.912937e-05, "internal": 5.70046e-05, "leakage": 1.13672e-05, "switching": 2.12477e-06, "total": 7.04965e-05}}, "/manic_top/MMIO": {"energy": {"dynamic": 6.217642388342001e-10, "internal": 3.049763013134e-10, "leakage": 2.72803360356e-12, "switching": 3.167879375208e-10, "total": 6.24490747506e-10}, "power": {"dynamic": 1.794023e-08, "internal": 8.79971e-09, "leakage": 7.8714e-11, "switching": 9.14052e-09, "total": 1.80189e-08}}, "/manic_top/SCALAR": {"energy": {"dynamic": 8.9738768322e-07, "internal": 4.8466836813e-07, "leakage": 1.5788970155340001e-09, "switching": 4.1271931509e-07, "total": 8.9896460129e-07}, "power": {"dynamic": 2.5892999999999998e-05, "internal": 1.39845e-05, "leakage": 4.55571e-08, "switching": 1.19085e-05, "total": 2.59385e-05}}, "/manic_top/VCU": {"energy": {"dynamic": 5.990292391696e-06, "internal": 4.855452038920001e-06, "leakage": 8.71023692542e-08, "switching": 1.1348403527759999e-06, "total": 6.077372926700001e-06}, "power": {"dynamic": 0.0001728424, "internal": 0.000140098, "leakage": 2.51323e-06, "switching": 3.27444e-05, "total": 0.000175355}}}, "perf": 1732877}