{"physical": {"/scalar_top": {"energy": {"dynamic": 3.30355195794e-05, "internal": 2.51736898268e-05, "leakage": 8.322433433799999e-07, "switching": 7.8618297526e-06, "total": 3.3867784793799994e-05}, "power": {"dynamic": 0.000453141, "internal": 0.000345302, "leakage": 1.14157e-05, "switching": 0.000107839, "total": 0.000464557}}, "/scalar_top/I2C_DEVICE": {"energy": {"dynamic": 8.63058881526e-08, "internal": 7.8387193748e-08, "leakage": 4.4011928386799997e-10, "switching": 7.9186944046e-09, "total": 8.674629759199999e-08}, "power": {"dynamic": 1.183839e-06, "internal": 1.07522e-06, "leakage": 6.03702e-09, "switching": 1.08619e-07, "total": 1.18988e-06}}, "/scalar_top/MEM": {"energy": {"dynamic": 1.9098416213919997e-05, "internal": 1.81698601888e-05, "leakage": 8.284304955599999e-07, "switching": 9.285560251199999e-07, "total": 1.9926832128799997e-05}, "power": {"dynamic": 0.0002619688, "internal": 0.000249232, "leakage": 1.13634e-05, "switching": 1.27368e-05, "total": 0.000273332}}, "/scalar_top/MMIO": {"energy": {"dynamic": 1.1811232931139999e-08, "internal": 5.894735633119999e-09, "leakage": 4.907054950599999e-12, "switching": 5.91649729802e-09, "total": 1.1816110168599999e-08}, "power": {"dynamic": 1.620121e-07, "internal": 8.08568e-08, "leakage": 6.7309e-11, "switching": 8.11553e-08, "total": 1.62079e-07}}, "/scalar_top/SCALAR": {"energy": {"dynamic": 1.3560141755099997e-05, "internal": 6.88717690766e-06, "leakage": 3.3067232558399995e-09, "switching": 6.672964847439999e-06, "total": 1.3563458859799999e-05}, "power": {"dynamic": 0.0001860015, "internal": 9.44699e-05, "leakage": 4.53576e-08, "switching": 9.15316e-05, "total": 0.000186047}}}, "perf": 3645170}