{"physical": {"/manic_top": {"energy": {"dynamic": 5.052564522719999e-07, "internal": 3.857117133e-07, "leakage": 3.7770276941999994e-08, "switching": 1.1954473897199998e-07, "total": 5.430248313599999e-07}, "power": {"dynamic": 0.0001863576, "internal": 0.000142265, "leakage": 1.39311e-05, "switching": 4.40926e-05, "total": 0.000200288}}, "/manic_top/ARBITER": {"energy": {"dynamic": 3.2213495990999995e-09, "internal": 1.36561169058e-09, "leakage": 2.1199300302e-12, "switching": 1.8557379085199998e-09, "total": 3.2234779068e-09}, "power": {"dynamic": 1.188155e-06, "internal": 5.03689e-07, "leakage": 7.8191e-10, "switching": 6.84466e-07, "total": 1.18894e-06}}, "/manic_top/I2C_DEVICE": {"energy": {"dynamic": 2.71495063872e-09, "internal": 2.57448775296e-09, "leakage": 1.66828686894e-11, "switching": 1.4046288576e-10, "total": 2.7316354866e-09}, "power": {"dynamic": 1.001376e-06, "internal": 9.49568e-07, "leakage": 6.15327e-09, "switching": 5.1808e-08, "total": 1.00753e-06}}, "/manic_top/MEM": {"energy": {"dynamic": 2.028642168312e-07, "internal": 1.95748186146e-07, "leakage": 3.0818979984e-08, "switching": 7.1160306852e-09, "total": 2.3368303414199997e-07}, "power": {"dynamic": 7.482396e-05, "internal": 7.21993e-05, "leakage": 1.13672e-05, "switching": 2.62466e-06, "total": 8.61911e-05}}, "/manic_top/MMIO": {"energy": {"dynamic": 4.605638884259999e-11, "internal": 2.27554592454e-11, "leakage": 2.4177846594e-13, "switching": 2.3300929597199997e-11, "total": 4.629814833e-11}, "power": {"dynamic": 1.6987329999999998e-08, "internal": 8.39307e-09, "leakage": 8.9177e-11, "switching": 8.59426e-09, "total": 1.70765e-08}}, "/manic_top/SCALAR": {"energy": {"dynamic": 6.5488976856e-08, "internal": 3.6912175812e-08, "leakage": 1.2149166605399998e-10, "switching": 2.8576801043999998e-08, "total": 6.5610710634e-08}, "power": {"dynamic": 2.41548e-05, "internal": 1.36146e-05, "leakage": 4.48107e-08, "switching": 1.05402e-05, "total": 2.41997e-05}}, "/manic_top/VCU": {"energy": {"dynamic": 2.1335430658199998e-07, "internal": 1.4874376500599998e-07, "leakage": 6.810123732599999e-09, "switching": 6.461054157599999e-08, "total": 2.201646201e-07}, "power": {"dynamic": 7.86931e-05, "internal": 5.48623e-05, "leakage": 2.51183e-06, "switching": 2.38308e-05, "total": 8.1205e-05}}}, "perf": 135561}