{"physical": {"/manic_top": {"energy": {"dynamic": 6.11004201756e-07, "internal": 4.6358604552e-07, "leakage": 2.462750042e-08, "switching": 1.47418156236e-07, "total": 6.3563205574e-07}, "power": {"dynamic": 0.0003456258, "internal": 0.000262236, "leakage": 1.3931e-05, "switching": 8.33898e-05, "total": 0.000359557}}, "/manic_top/ARBITER": {"energy": {"dynamic": 2.75083045356e-09, "internal": 1.0267392490799999e-09, "leakage": 1.3941824039e-12, "switching": 1.7240912044800002e-09, "total": 2.752230567e-09}, "power": {"dynamic": 1.556058e-06, "internal": 5.80794e-07, "leakage": 7.88645e-10, "switching": 9.75264e-07, "total": 1.55685e-06}}, "/manic_top/I2C_DEVICE": {"energy": {"dynamic": 2.28192326984e-09, "internal": 2.0728219845999998e-09, "leakage": 1.08719515744e-11, "switching": 2.0910128524e-10, "total": 2.2927918272e-09}, "power": {"dynamic": 1.290812e-06, "internal": 1.17253e-06, "leakage": 6.14992e-09, "switching": 1.18282e-07, "total": 1.29696e-06}}, "/manic_top/MEM": {"energy": {"dynamic": 2.844889438044e-07, "internal": 2.7139395858e-07, "leakage": 2.0095163504e-08, "switching": 1.3094985224400001e-08, "total": 3.0458477908e-07}, "power": {"dynamic": 0.00016092641999999999, "internal": 0.000153519, "leakage": 1.13672e-05, "switching": 7.40742e-06, "total": 0.000172294}}, "/manic_top/MMIO": {"energy": {"dynamic": 1.77482233502e-10, "internal": 8.9033956134e-11, "leakage": 1.307391281e-13, "switching": 8.844827736800001e-11, "total": 1.776128754e-10}, "power": {"dynamic": 1.003961e-07, "internal": 5.03637e-08, "leakage": 7.3955e-11, "switching": 5.00324e-08, "total": 1.0047e-07}}, "/manic_top/SCALAR": {"energy": {"dynamic": 1.92756551866e-07, "internal": 1.01894316288e-07, "leakage": 8.049273380399999e-11, "switching": 9.0862235578e-08, "total": 1.9283734124e-07}, "power": {"dynamic": 0.0001090363, "internal": 5.76384e-05, "leakage": 4.55322e-08, "switching": 5.13979e-05, "total": 0.000109082}}, "/manic_top/VCU": {"energy": {"dynamic": 1.1689798141e-07, "internal": 8.6722885048e-08, "leakage": 4.4390667328e-09, "switching": 3.0175096362e-08, "total": 1.2133697743e-07}, "power": {"dynamic": 6.61255e-05, "internal": 4.90564e-05, "leakage": 2.51104e-06, "switching": 1.70691e-05, "total": 6.86365e-05}}}, "perf": 88391}