{"physical": {"/panic_top": {"energy": {"dynamic": 2.5907496000000005e-07, "internal": 1.9647442720000002e-07, "leakage": 5.787234176e-09, "switching": 6.26005328e-08, "total": 2.648620384e-07}, "power": {"dynamic": 0.00066525, "internal": 0.000504505, "leakage": 1.48604e-05, "switching": 0.000160745, "total": 0.00068011}}, "/panic_top/I2C_DEVICE": {"energy": {"dynamic": 8.0266349024e-10, "internal": 6.836580256e-10, "leakage": 2.6493135872000002e-12, "switching": 1.1900546464e-10, "total": 8.053112928000001e-10}, "power": {"dynamic": 2.061071e-06, "internal": 1.75549e-06, "leakage": 6.80288e-09, "switching": 3.05581e-07, "total": 2.06787e-06}}, "/panic_top/MEM": {"energy": {"dynamic": 1.2752095968e-07, "internal": 1.1386602496000001e-07, "leakage": 4.442653632e-09, "switching": 1.3654934720000001e-08, "total": 1.319636912e-07}, "power": {"dynamic": 0.000327447, "internal": 0.000292384, "leakage": 1.14078e-05, "switching": 3.5063e-05, "total": 0.000338855}}, "/panic_top/MMIO": {"energy": {"dynamic": 2.2396188128e-11, "internal": 1.130855872e-11, "leakage": 3.181062752e-14, "switching": 1.1087629408e-11, "total": 2.2428005376000003e-11}, "power": {"dynamic": 5.75087e-08, "internal": 2.9038e-08, "leakage": 8.1683e-11, "switching": 2.84707e-08, "total": 5.75904e-08}}, "/panic_top/SCALAR": {"energy": {"dynamic": 2.6069230432000002e-08, "internal": 1.3909277984000001e-08, "leakage": 1.9129020192e-11, "switching": 1.2159952448e-08, "total": 2.608839088e-08}, "power": {"dynamic": 6.69403e-05, "internal": 3.57161e-05, "leakage": 4.91193e-08, "switching": 3.12242e-05, "total": 6.69895e-05}}, "/panic_top/VCU": {"energy": {"dynamic": 1.04615929248e-07, "internal": 6.798337248000001e-08, "leakage": 1.3226589664e-09, "switching": 3.6632556768e-08, "total": 1.0593858432e-07}, "power": {"dynamic": 0.0002686317, "internal": 0.000174567, "leakage": 3.39631e-06, "switching": 9.40647e-05, "total": 0.000272028}}}, "perf": 19472}