{"physical": {"/manic_top": {"energy": {"dynamic": 1.842339375096e-06, "internal": 1.40413836024e-06, "leakage": 1.07044208436e-07, "switching": 4.38201014856e-07, "total": 1.94938281516e-06}, "power": {"dynamic": 0.0002397718, "internal": 0.000182742, "leakage": 1.39313e-05, "switching": 5.70298e-05, "total": 0.000253703}}, "/manic_top/ARBITER": {"energy": {"dynamic": 5.25422762436e-09, "internal": 2.5396231344e-09, "leakage": 5.99946394344e-12, "switching": 2.7146044899599997e-09, "total": 5.26022860968e-09}, "power": {"dynamic": 6.838130000000001e-07, "internal": 3.3052e-07, "leakage": 7.80802e-10, "switching": 3.53293e-07, "total": 6.84594e-07}}, "/manic_top/I2C_DEVICE": {"energy": {"dynamic": 7.507543057608e-09, "internal": 7.0898452812e-09, "leakage": 4.7260256604e-11, "switching": 4.17697776408e-10, "total": 7.554802545839999e-09}, "power": {"dynamic": 9.770714e-07, "internal": 9.2271e-07, "leakage": 6.1507e-09, "switching": 5.43614e-08, "total": 9.83222e-07}}, "/manic_top/MEM": {"energy": {"dynamic": 6.288138230351999e-07, "internal": 5.96208264564e-07, "leakage": 8.7342381984e-08, "switching": 3.26055584712e-08, "total": 7.16155743996e-07}, "power": {"dynamic": 8.183716e-05, "internal": 7.75937e-05, "leakage": 1.13672e-05, "switching": 4.24346e-06, "total": 9.32043e-05}}, "/manic_top/MMIO": {"energy": {"dynamic": 3.6829222517999994e-10, "internal": 1.8003570657599998e-10, "leakage": 6.686987841600001e-13, "switching": 1.88256518604e-10, "total": 3.6896070882e-10}, "power": {"dynamic": 4.7931499999999995e-08, "internal": 2.34308e-08, "leakage": 8.7028e-11, "switching": 2.45007e-08, "total": 4.80185e-08}}, "/manic_top/SCALAR": {"energy": {"dynamic": 4.52830049364e-07, "internal": 2.43726061656e-07, "leakage": 3.45488480964e-10, "switching": 2.09103987708e-07, "total": 4.5317581676399995e-07}, "power": {"dynamic": 5.89337e-05, "internal": 3.17198e-05, "leakage": 4.49637e-08, "switching": 2.72139e-05, "total": 5.89787e-05}}, "/manic_top/VCU": {"energy": {"dynamic": 6.9770482716e-07, "internal": 5.533507795199999e-07, "leakage": 1.93004289192e-08, "switching": 1.4435404764e-07, "total": 7.17005563428e-07}, "power": {"dynamic": 9.0803e-05, "internal": 7.2016e-05, "leakage": 2.51186e-06, "switching": 1.8787e-05, "total": 9.33149e-05}}}, "perf": 384186}