{"main": {"read_latency": 1, "destiny": {"leakage_power": 0.0377025, "read_dynamic_energy": 0.040280500000000004, "read_latency": 1.29522, "write_latency": 10.3834, "write_dynamic_energy": 0.0667687}, "write_latency": 1, "line_size": 4, "type": "main_mem", "size": 64}, "icache": {"line_size": 4, "destiny": {"leakage_power": 0.000591843, "hit_dynamic_energy": 0.00540088, "read_latency": 0.2445, "write_dynamic_energy": 0.00469011, "miss_dynamic_energy": 0.00540088}, "write_latency": 0, "invalid_latency": 0, "read_latency": 0, "sets": 2, "type": "cache", "children": ["main"], "size": 256}, "power": {"avg": {"total": 726242.7174624761, "compute": 166643.49, "vrf": 2332.76, "memory": {"total": 557266.4674624761, "parts": {"icache": {"read": 100242.32982480979, "write": 0.0, "leakage": 591.843}, "main": {"read": 4021.7352222433615, "write": 1516.4342841299406, "leakage": 37702.5}, "dcache": {"read": 242584.1029019427, "write": 170233.72222935036, "leakage": 373.79999999999995}}}}, "dynamic": 165875.428, "leakage": 768.062}, "energy": {"total": 4924.3831573075895, "compute": 1129.9478475987, "vrf": 15.8175824388, "memory": {"total": 3778.6177272700897, "parts": {"main": {"read": 27.269898500000004, "write": 10.2823798, "leakage": 255.646702575}, "icache": {"read": 679.70614888, "write": 0.0, "leakage": 4.01306840109}, "dcache": {"read": 1644.87304566, "write": 1154.29188396, "leakage": 2.5345994939999996}}}}, "frequency": 100000000.0, "dcache": {"line_size": 4, "destiny": {"leakage_power": 0.0003738, "hit_dynamic_energy": 0.00790113, "read_latency": 0.304819, "write_dynamic_energy": 0.00609866, "miss_dynamic_energy": 0.00790113}, "write_latency": 0, "invalid_latency": 0, "read_latency": 0, "sets": 8, "type": "cache", "children": ["main"], "size": 256}, "vrf": {"destiny": {"leakage_power": 0.00233276, "read_dynamic_energy": 0.00473775, "read_latency": 0.0549339, "write_dynamic_energy": 0.00455963}}, "cycles": 678063}