{"main": {"read_latency": 1, "destiny": {"leakage_power": 0.0377025, "read_dynamic_energy": 0.040280500000000004, "read_latency": 1.29522, "write_latency": 10.3834, "write_dynamic_energy": 0.0667687}, "write_latency": 1, "line_size": 4, "type": "main_mem", "size": 64}, "icache": {"line_size": 4, "destiny": {"leakage_power": 0.000295922, "hit_dynamic_energy": 0.00356465, "read_latency": 0.243833, "write_dynamic_energy": 0.00285388, "miss_dynamic_energy": 0.00356465}, "write_latency": 0, "invalid_latency": 0, "read_latency": 0, "sets": 2, "type": "cache", "children": ["main"], "size": 128}, "power": {"avg": {"total": 753000.4797933808, "compute": 187493.244, "vrf": 50135.04088373292, "memory": {"total": 515372.19490964775, "parts": {"icache": {"read": 91336.19592913352, "write": 0.0, "leakage": 295.922}, "main": {"read": 96309.55123629828, "write": 17269.491056276034, "leakage": 37702.5}, "dcache": {"read": 249359.23138746098, "write": 22725.503300478907, "leakage": 373.79999999999995}}}}, "dynamic": 186731.231, "leakage": 762.013}, "energy": {"total": 14105.302877551982, "compute": 3512.14782072972, "vrf": 939.1361033894, "memory": {"total": 9654.01895343286, "parts": {"main": {"read": 1804.0830340000002, "write": 323.4943515, "leakage": 706.248131325}, "icache": {"read": 1710.92149585, "write": 0.0, "leakage": 5.54324937386}, "dcache": {"read": 4671.02953905, "write": 425.69708213999996, "leakage": 7.002070193999999}}}}, "frequency": 100000000.0, "dcache": {"line_size": 4, "destiny": {"leakage_power": 0.0003738, "hit_dynamic_energy": 0.00790113, "read_latency": 0.304819, "write_dynamic_energy": 0.00609866, "miss_dynamic_energy": 0.00790113}, "write_latency": 0, "invalid_latency": 0, "read_latency": 0, "sets": 8, "type": "cache", "children": ["main"], "size": 256}, "vrf": {"destiny": {"leakage_power": 0.00116638, "read_dynamic_energy": 0.00356587, "read_latency": 0.0528274, "write_dynamic_energy": 0.0033877399999999998}}, "cycles": 1873213}