{"main": {"read_latency": 0, "destiny": {"leakage_power": 0.0377025, "read_dynamic_energy": 0.040280500000000004, "read_latency": 1.29522, "write_latency": 10.3834, "write_dynamic_energy": 0.0667687}, "write_latency": 0, "line_size": 4, "type": "main_mem", "size": 64}, "icache": {"read_latency": 0, "destiny": {"leakage_power": 0.000295922, "hit_dynamic_energy": 0.00356465, "read_latency": 0.243833, "write_dynamic_energy": 0.00285388, "miss_dynamic_energy": 0.00356465}, "write_latency": 0, "invalid_latency": 1, "line_size": 4, "sets": 2, "type": "cache", "children": ["main"], "size": 128}, "power": {"avg": {"total": 815290.1975203773, "compute": 274149.36000000004, "vrf": 0.0, "memory": {"total": 541140.8375203772, "parts": {"icache": {"read": 353064.83536544297, "write": 0.0, "leakage": 295.922}, "main": {"read": 32506.59413944089, "write": 3148.406197372853, "leakage": 37702.5}, "dcache": {"read": 107321.24305826877, "write": 6727.536759851801, "leakage": 373.8}}}}, "dynamic": 273806.27, "leakage": 343.09}, "insns": 63147, "energy": {"total": 605.1491491095001, "compute": 203.48736246000004, "vrf": 0, "memory": {"total": 401.6617866495, "parts": {"main": {"read": 24.1280195, "write": 2.3369045, "leakage": 27.984680625}, "icache": {"read": 262.06237405, "write": 0.0, "leakage": 0.21964810450000002}, "dcache": {"read": 79.65919265999999, "write": 4.993514159999999, "leakage": 0.27745305}}}}, "frequency": 100000000.0, "dcache": {"read_latency": 0, "destiny": {"leakage_power": 0.0003738, "hit_dynamic_energy": 0.00790113, "read_latency": 0.304819, "write_dynamic_energy": 0.00609866, "miss_dynamic_energy": 0.00790113}, "write_latency": 0, "invalid_latency": 1, "line_size": 4, "sets": 8, "type": "cache", "children": ["main"], "size": 256}, "vrf": {"destiny": {"leakage_power": 0.00233276, "read_dynamic_energy": 0.00473775, "read_latency": 0.0549339, "write_dynamic_energy": 0.00455963}}, "cycles": 74225}