{"icache": {"line_size": 4, "destiny": {"leakage_power": 0.000295922, "hit_dynamic_energy": 0.00356465, "read_latency": 0.243833, "write_dynamic_energy": 0.00285388, "miss_dynamic_energy": 0.00356465}, "write_latency": 0, "invalid_latency": 1, "read_latency": 0, "sets": 2, "type": "cache", "children": ["main"], "size": 128}, "power": {"avg": {"total": 1124696.71124139, "compute": 160932.10300000003, "vrf": 63072.6216032675, "memory": {"total": 900691.9866381226, "parts": {"main": {"read": 657988.1237323834, "write": 31617.8882957232, "leakage": 37702.5}, "icache": {"read": 61460.3985891702, "write": 0.0, "leakage": 295.92199999999997}, "dcache": {"read": 104647.96780553811, "write": 6683.264215307808, "leakage": 295.92199999999997}}}}, "dynamic": 160162.613, "leakage": 769.49}, "energy": {"total": 22491.864782879118, "compute": 3218.3459449304805, "vrf": 1261.3363784416001, "memory": {"total": 18012.18245950704, "parts": {"icache": {"read": 1229.09488465, "write": 0.0, "leakage": 5.91789550352}, "main": {"read": 13158.5517765, "write": 632.299589, "leakage": 753.9806274}, "dcache": {"read": 2092.76680385, "write": 133.6529871, "leakage": 5.91789550352}}}}, "frequency": 100000000.0, "dcache": {"line_size": 4, "destiny": {"leakage_power": 0.000295922, "hit_dynamic_energy": 0.00356465, "read_latency": 0.243833, "write_dynamic_energy": 0.00285388, "miss_dynamic_energy": 0.00356465}, "write_latency": 0, "invalid_latency": 1, "read_latency": 0, "sets": 2, "type": "cache", "children": ["main"], "size": 128}, "vrf": {"destiny": {"leakage_power": 0.00233276, "read_dynamic_energy": 0.00473775, "read_latency": 0.0549339, "write_dynamic_energy": 0.00455963}}, "cycles": 1999816, "main": {"read_latency": 0, "destiny": {"leakage_power": 0.0377025, "read_dynamic_energy": 0.040280500000000004, "read_latency": 1.29522, "write_latency": 10.3834, "write_dynamic_energy": 0.0667687}, "write_latency": 0, "line_size": 4, "type": "main_mem", "size": 64}}