{"physical": {"/manic_top": {"energy": {"dynamic": 5.459543723299999e-07, "internal": 4.2069746589999995e-07, "leakage": 2.8628365039999997e-08, "switching": 1.2525690643e-07, "total": 5.745833539e-07}, "power": {"dynamic": 0.0002656583, "internal": 0.000204709, "leakage": 1.39304e-05, "switching": 6.09493e-05, "total": 0.000279589}}, "/manic_top/ARBITER": {"energy": {"dynamic": 2.9725397971e-09, "internal": 1.1476397685e-09, "leakage": 1.6118416462999998e-12, "switching": 1.8249000286e-09, "total": 2.974161271e-09}, "power": {"dynamic": 1.4464210000000002e-06, "internal": 5.58435e-07, "leakage": 7.84313e-10, "switching": 8.87986e-07, "total": 1.44721e-06}}, "/manic_top/I2C_DEVICE": {"energy": {"dynamic": 2.3070100478e-09, "internal": 2.1489564169999997e-09, "leakage": 1.2638022408999998e-11, "switching": 1.580536308e-10, "total": 2.3196324719999997e-09}, "power": {"dynamic": 1.122578e-06, "internal": 1.04567e-06, "leakage": 6.14959e-09, "switching": 7.6908e-08, "total": 1.12872e-06}}, "/manic_top/MEM": {"energy": {"dynamic": 2.0757266276799998e-07, "internal": 1.9837181566e-07, "leakage": 2.3360938229999998e-08, "switching": 9.200847108e-09, "total": 2.309336421e-07}, "power": {"dynamic": 0.00010100368, "internal": 9.65266e-05, "leakage": 1.13673e-05, "switching": 4.47708e-06, "total": 0.000112371}}, "/manic_top/MMIO": {"energy": {"dynamic": 6.922316636e-11, "internal": 3.347449635e-11, "leakage": 1.6206518599999998e-13, "switching": 3.5748670009999994e-11, "total": 6.938531375e-11}, "power": {"dynamic": 3.3683600000000004e-08, "internal": 1.62885e-08, "leakage": 7.886e-11, "switching": 1.73951e-08, "total": 3.37625e-08}}, "/manic_top/SCALAR": {"energy": {"dynamic": 1.0975878079999999e-07, "internal": 5.8583502639999993e-08, "leakage": 9.348834859e-11, "switching": 5.1175278159999993e-08, "total": 1.0985208233999998e-07}, "power": {"dynamic": 5.3408e-05, "internal": 2.85064e-05, "leakage": 4.54909e-08, "switching": 2.49016e-05, "total": 5.34534e-05}}, "/manic_top/VCU": {"energy": {"dynamic": 2.0994367274e-07, "internal": 1.6008180899e-07, "leakage": 5.1590613869999995e-09, "switching": 4.9861863749999996e-08, "total": 2.1510320679999996e-07}, "power": {"dynamic": 0.0001021574, "internal": 7.78949e-05, "leakage": 2.51037e-06, "switching": 2.42625e-05, "total": 0.000104668}}}, "perf": 102755}