{"physical": {"/panic_top": {"energy": {"dynamic": 1.3074823919999998e-07, "internal": 9.702990312e-08, "leakage": 4.1833366079999994e-09, "switching": 3.371833608e-08, "total": 1.3493151959999998e-07}, "power": {"dynamic": 0.00046523, "internal": 0.000345253, "leakage": 1.48852e-05, "switching": 0.000119977, "total": 0.000480115}}, "/panic_top/I2C_DEVICE": {"energy": {"dynamic": 6.963328079999999e-10, "internal": 5.770847255999999e-10, "leakage": 1.9227295392e-12, "switching": 1.192480824e-10, "total": 6.982551216e-10}, "power": {"dynamic": 2.4777e-06, "internal": 2.05339e-06, "leakage": 6.84148e-09, "switching": 4.2431e-07, "total": 2.48454e-06}}, "/panic_top/MEM": {"energy": {"dynamic": 6.023853515999999e-08, "internal": 5.2515415439999994e-08, "leakage": 3.2071160639999996e-09, "switching": 7.723119719999999e-09, "total": 6.344562312e-08}, "power": {"dynamic": 0.0002143415, "internal": 0.000186861, "leakage": 1.14116e-05, "switching": 2.74805e-05, "total": 0.000225753}}, "/panic_top/MMIO": {"energy": {"dynamic": 1.6854840023999997e-11, "internal": 8.194648631999999e-12, "leakage": 2.3695606559999998e-14, "switching": 8.660191391999998e-12, "total": 1.6878531696e-11}, "power": {"dynamic": 5.99731e-08, "internal": 2.91583e-08, "leakage": 8.4314e-11, "switching": 3.08148e-08, "total": 6.00574e-08}}, "/panic_top/SCALAR": {"energy": {"dynamic": 2.4845706551999998e-08, "internal": 1.3023365495999999e-08, "leakage": 1.3655171519999998e-11, "switching": 1.1822341056e-08, "total": 2.4859365096e-08}, "power": {"dynamic": 8.84063e-05, "internal": 4.63399e-05, "leakage": 4.8588e-08, "switching": 4.20664e-05, "total": 8.84549e-05}}, "/panic_top/VCU": {"energy": {"dynamic": 4.491665592e-08, "internal": 3.089023056e-08, "leakage": 9.605581847999998e-10, "switching": 1.4026425359999998e-08, "total": 4.587725064e-08}, "power": {"dynamic": 0.00015982300000000002, "internal": 0.000109914, "leakage": 3.41787e-06, "switching": 4.9909e-05, "total": 0.000163241}}}, "perf": 14052}