{"icache": {"line_size": 4, "destiny": {"leakage_power": 0.000295922, "hit_dynamic_energy": 0.00356465, "read_latency": 0.243833, "write_dynamic_energy": 0.00285388, "miss_dynamic_energy": 0.00356465}, "write_latency": 0, "invalid_latency": 1, "read_latency": 0, "sets": 2, "type": "cache", "children": ["main"], "size": 128}, "power": {"avg": {"total": 1327560.6107801371, "compute": 83996.87600000002, "vrf": 712228.5717258273, "memory": {"total": 531335.1630543099, "parts": {"main": {"read": 114851.94092154277, "write": 20741.042981172002, "leakage": 37702.5}, "icache": {"read": 71259.10655573754, "write": 0.0, "leakage": 295.922}, "dcache": {"read": 268935.4868215616, "write": 17175.363774295944, "leakage": 373.7999999999999}}}}, "dynamic": 83411.734, "leakage": 585.142}, "insns": 294758, "energy": {"total": 22898.0973048885, "compute": 1448.7991164670002, "vrf": 12284.69646227, "memory": {"total": 9164.6017261515, "parts": {"icache": {"read": 1229.09488465, "write": 0.0, "leakage": 5.104136636500001}, "main": {"read": 1980.9949900000001, "write": 357.7466946, "leakage": 650.302145625}, "dcache": {"read": 4638.666510569999, "write": 296.24496822, "leakage": 6.447395849999999}}}}, "frequency": 100000000.0, "dcache": {"line_size": 4, "destiny": {"leakage_power": 0.0003738, "hit_dynamic_energy": 0.00790113, "read_latency": 0.304819, "write_dynamic_energy": 0.00609866, "miss_dynamic_energy": 0.00790113}, "write_latency": 0, "invalid_latency": 1, "read_latency": 0, "sets": 8, "type": "cache", "children": ["main"], "size": 256}, "vrf": {"destiny": {"leakage_power": 0.00233276, "read_dynamic_energy": 0.00473775, "read_latency": 0.0549339, "write_dynamic_energy": 0.00455963}}, "cycles": 1724825, "main": {"read_latency": 0, "destiny": {"leakage_power": 0.0377025, "read_dynamic_energy": 0.040280500000000004, "read_latency": 1.29522, "write_latency": 10.3834, "write_dynamic_energy": 0.0667687}, "write_latency": 0, "line_size": 4, "type": "main_mem", "size": 64}}