{"physical": {"/fft_top": {"energy": {"dynamic": 1.151002682976e-06, "internal": 9.7411506256e-07, "leakage": 3.7924894787999995e-08, "switching": 1.76887620416e-07, "total": 1.18892731472e-06}, "power": {"dynamic": 0.0004375704, "internal": 0.000370324, "leakage": 1.44177e-05, "switching": 6.72464e-05, "total": 0.000451988}}, "/fft_top/ALIGNER": {"energy": {"dynamic": 8.0944162724e-10, "internal": 7.878299321999999e-10, "leakage": 5.9070738904e-12, "switching": 2.161169504e-11, "total": 8.1534696504e-10}, "power": {"dynamic": 3.07721e-07, "internal": 2.99505e-07, "leakage": 2.24566e-09, "switching": 8.216e-09, "total": 3.09966e-07}}, "/fft_top/CORE": {"energy": {"dynamic": 3.26307528742e-08, "internal": 3.0382371132e-08, "leakage": 1.70139752684e-09, "switching": 2.2483817422e-09, "total": 3.4331976792e-08}, "power": {"dynamic": 1.2405055e-05, "internal": 1.15503e-05, "leakage": 6.46811e-07, "switching": 8.54755e-07, "total": 1.30518e-05}}, "/fft_top/FFT": {"energy": {"dynamic": 8.92793431696e-07, "internal": 7.550756933199999e-07, "leakage": 6.2686541728e-09, "switching": 1.3771773837599998e-07, "total": 8.990633484799999e-07}, "power": {"dynamic": 0.0003394084, "internal": 0.000287053, "leakage": 2.38312e-06, "switching": 5.23554e-05, "total": 0.000341792}}, "/fft_top/INSN_DATA_CONFLICT": {"energy": {"dynamic": 9.217929805200001e-13, "internal": 2.6236008559999996e-13, "leakage": 1.193693672e-14, "switching": 6.5943289492e-13, "total": 9.3372991724e-13}, "power": {"dynamic": 3.50433e-10, "internal": 9.974e-11, "leakage": 4.538e-12, "switching": 2.50693e-10, "total": 3.54971e-10}}, "/fft_top/MM": {"energy": {"dynamic": 1.955150286672e-07, "internal": 1.87867866108e-07, "leakage": 2.9948611576e-08, "switching": 7.6471625592e-09, "total": 2.25463692852e-07}, "power": {"dynamic": 7.432788e-05, "internal": 7.14207e-05, "leakage": 1.13854e-05, "switching": 2.90718e-06, "total": 8.57133e-05}}, "/fft_top/MMIO": {"energy": {"dynamic": 1.6539154544e-13, "internal": 6.751287304000001e-14, "leakage": 1.6399741224e-13, "switching": 9.78786724e-14, "total": 3.2938895767999997e-13}, "power": {"dynamic": 6.2876e-11, "internal": 2.5666e-11, "leakage": 6.2346e-11, "switching": 3.721e-11, "total": 1.25222e-10}}}, "perf": 131522}