{
	"1": {
		"gopsw": 0.619535919,
		"energy": 0.042312962
	},
	"2": {
		"gopsw": 2.283058335,
		"energy": 0.011482142
	},
	"3": {
		"gopsw": 11.02752,
		"energy": 0.00237718
	},
	"4": {
		"gopsw": 7.613126151,
		"energy": 11.02752
	}
}
