{
    "284": {
        "DCONV": {
            "Baseline": {
                "Current": {
                    "Logic": 0.0152,
                    "SRAM": 0.067,
                    "Total": 0.0822
                },
                "Energy": {
                    "Logic": 0.03165248,
                    "SRAM": 0.1395208,
                    "Total": 0.17117328
                },
                "Power": {
                    "Logic": 0.00608,
                    "SRAM": 0.0268,
                    "Total": 0.03288
                },
                "Efficiency": 59.82242088,
                "Time": 5.206
            },
            "MANIC": {
                "Current": {
                    "Logic": 0.0177,
                    "SRAM": 0.0412,
                    "Total": 0.0589
                },
                "Energy": {
                    "Logic": 0.045080484,
                    "SRAM": 0.104933104,
                    "Total": 0.150013588
                },
                "Power": {
                    "Logic": 0.00708,
                    "SRAM": 0.01648,
                    "Total": 0.02356
                },
                "Efficiency": 68.26048318,
                "Time": 6.3673
            },
            "Scalar": {
                "Current": {
                    "Logic": 0.0267,
                    "SRAM": 0.0522,
                    "Total": 0.0789
                },
                "Energy": {
                    "Logic": 0.25878708,
                    "SRAM": 0.50594328,
                    "Total": 0.76473036
                },
                "Power": {
                    "Logic": 0.01068,
                    "SRAM": 0.02088,
                    "Total": 0.03156
                },
                "Efficiency": 13.39034062,
                "Time": 24.231
            }
        },
        "DMM": {
            "Baseline": {
                "Current": {
                    "Logic": 0.016,
                    "SRAM": 0.0644,
                    "Total": 0.0804
                },
                "Energy": {
                    "Logic": 0.1432832,
                    "SRAM": 0.57671488,
                    "Total": 0.71999808
                },
                "Power": {
                    "Logic": 0.0064,
                    "SRAM": 0.02576,
                    "Total": 0.03216
                },
                "Efficiency": 36.40898598,
                "Time": 22.388
            },
            "MANIC": {
                "Current": {
                    "Logic": 0.0182,
                    "SRAM": 0.0423,
                    "Total": 0.0605
                },
                "Energy": {
                    "Logic": 0.175330064,
                    "SRAM": 0.407497896,
                    "Total": 0.58282796
                },
                "Power": {
                    "Logic": 0.00728,
                    "SRAM": 0.01692,
                    "Total": 0.0242
                },
                "Efficiency": 44.97793826,
                "Time": 24.0838
            },
            "Scalar": {
                "Current": {
                    "Logic": 0.0277,
                    "SRAM": 0.0523,
                    "Total": 0.08
                },
                "Energy": {
                    "Logic": 0.60269106,
                    "SRAM": 1.13793294,
                    "Total": 1.740624
                },
                "Power": {
                    "Logic": 0.01108,
                    "SRAM": 0.02092,
                    "Total": 0.032
                },
                "Efficiency": 15.06034617,
                "Time": 54.3945
            }
        },
        "DMV": {
            "Baseline": {
                "Current": {
                    "Logic": 0.0158,
                    "SRAM": 0.0642,
                    "Total": 0.08
                },
                "Energy": {
                    "Logic": 0.00233208,
                    "SRAM": 0.00947592,
                    "Total": 0.011808
                },
                "Power": {
                    "Logic": 0.00632,
                    "SRAM": 0.02568,
                    "Total": 0.032
                },
                "Efficiency": 34.68834688,
                "Time": 0.369
            },
            "MANIC": {
                "Current": {
                    "Logic": 0.0182,
                    "SRAM": 0.0423,
                    "Total": 0.0605
                },
                "Energy": {
                    "Logic": 0.002845752,
                    "SRAM": 0.006614028,
                    "Total": 0.00945978
                },
                "Power": {
                    "Logic": 0.00728,
                    "SRAM": 0.01692,
                    "Total": 0.0242
                },
                "Efficiency": 43.29910421,
                "Time": 0.3909
            },
            "Scalar": {
                "Current": {
                    "Logic": 0.0258,
                    "SRAM": 0.052,
                    "Total": 0.0778
                },
                "Energy": {
                    "Logic": 0.010337544,
                    "SRAM": 0.02083536,
                    "Total": 0.031172904
                },
                "Power": {
                    "Logic": 0.01032,
                    "SRAM": 0.0208,
                    "Total": 0.03112
                },
                "Efficiency": 13.13961638,
                "Time": 1.0017
            }
        },
        "DWT": {
            "Baseline": {
                "Current": {
                    "Logic": 0.0197,
                    "SRAM": 0.0613,
                    "Total": 0.081
                },
                "Energy": {
                    "Logic": 0.030338,
                    "SRAM": 0.094402,
                    "Total": 0.12474
                },
                "Power": {
                    "Logic": 0.00788,
                    "SRAM": 0.02452,
                    "Total": 0.0324
                },
                "Efficiency": 78.80711881,
                "Time": 3.85
            },
            "MANIC": {
                "Current": {
                    "Logic": 0.0201,
                    "SRAM": 0.0472,
                    "Total": 0.0673
                },
                "Energy": {
                    "Logic": 0.036146232,
                    "SRAM": 0.084880704,
                    "Total": 0.121026936
                },
                "Power": {
                    "Logic": 0.00804,
                    "SRAM": 0.01888,
                    "Total": 0.02692
                },
                "Efficiency": 81.22489361,
                "Time": 4.4958
            },
            "Scalar": {
                "Current": {
                    "Logic": 0.0272,
                    "SRAM": 0.0532,
                    "Total": 0.0804
                },
                "Energy": {
                    "Logic": 0.076935744,
                    "SRAM": 0.150477264,
                    "Total": 0.227413008
                },
                "Power": {
                    "Logic": 0.01088,
                    "SRAM": 0.02128,
                    "Total": 0.03216
                },
                "Efficiency": 11.70733382,
                "Time": 7.0713
            }
        },
        "FFT": {
            "Baseline": {
                "Current": {
                    "Logic": 0.0174,
                    "SRAM": 0.0669,
                    "Total": 0.0843
                },
                "Energy": {
                    "Logic": 0.01373904,
                    "SRAM": 0.05282424,
                    "Total": 0.06656328
                },
                "Power": {
                    "Logic": 0.00696,
                    "SRAM": 0.02676,
                    "Total": 0.03372
                },
                "Efficiency": 73.84251497,
                "Time": 1.974
            },
            "MANIC": {
                "Current": {
                    "Logic": 0.0192,