{
    "284": {
        "DCONV": {
            "Baseline": {
                "Current": {
                    "Logic": 0.0136,
                    "SRAM": 0.0529,
                    "Total": 0.0665
                },
                "Energy": {
                    "Logic": 0.02793984,
                    "SRAM": 0.10867776,
                    "Total": 0.1366176
                },
                "Power": {
                    "Logic": 0.00544,
                    "SRAM": 0.02116,
                    "Total": 0.0266
                },
                "Efficiency": 74.95373949,
                "Time": 5.136
            },
            "MANIC": {
                "Current": {
                    "Logic": 0.0165,
                    "SRAM": 0.0265,
                    "Total": 0.043
                },
                "Energy": {
                    "Logic": 0.0499554,
                    "SRAM": 0.0802314,
                    "Total": 0.1301868
                },
                "Power": {
                    "Logic": 0.0066,
                    "SRAM": 0.0106,
                    "Total": 0.0172
                },
                "Efficiency": 78.65620785,
                "Time": 7.569
            },
            "Scalar": {
                "Current": {
                    "Logic": 0.0269,
                    "SRAM": 0.0378,
                    "Total": 0.0647
                },
                "Energy": {
                    "Logic": 0.19581048,
                    "SRAM": 0.27515376,
                    "Total": 0.47096424
                },
                "Power": {
                    "Logic": 0.01076,
                    "SRAM": 0.01512,
                    "Total": 0.02588
                },
                "Efficiency": 21.74262742,
                "Time": 18.198
            }
        },
        "DMM": {
            "Baseline": {
                "Current": {
                    "Logic": 0.0137,
                    "SRAM": 0.0513,
                    "Total": 0.065
                },
                "Energy": {
                    "Logic": 0.18896684,
                    "SRAM": 0.70759116,
                    "Total": 0.896558
                },
                "Power": {
                    "Logic": 0.00548,
                    "SRAM": 0.02052,
                    "Total": 0.026
                },
                "Efficiency": 36.40898598,
                "Time": 34.483
            },
            "MANIC": {
                "Current": {
                    "Logic": 0.0153,
                    "SRAM": 0.0326,
                    "Total": 0.0479
                },
                "Energy": {
                    "Logic": 0.25372908,
                    "SRAM": 0.54062536,
                    "Total": 0.79435444
                },
                "Power": {
                    "Logic": 0.00612,
                    "SRAM": 0.01304,
                    "Total": 0.01916
                },
                "Efficiency": 44.97793826,
                "Time": 41.459
            },
            "Scalar": {
                "Current": {
                    "Logic": 0.0251,
                    "SRAM": 0.0405,
                    "Total": 0.0656
                },
                "Energy": {
                    "Logic": 0.55609552,
                    "SRAM": 0.8972856,
                    "Total": 1.45338112
                },
                "Power": {
                    "Logic": 0.01004,
                    "SRAM": 0.0162,
                    "Total": 0.02624
                },
                "Efficiency": 18.03683813,
                "Time": 55.388
            }
        },
        "DMV": {
            "Baseline": {
                "Current": {
                    "Logic": 0.0151,
                    "SRAM": 0.0513,
                    "Total": 0.0664
                },
                "Energy": {
                    "Logic": 0.0022046,
                    "SRAM": 0.0074898,
                    "Total": 0.0096944
                },
                "Power": {
                    "Logic": 0.00604,
                    "SRAM": 0.02052,
                    "Total": 0.02656
                },
                "Efficiency": 42.25119657,
                "Time": 0.365
            },
            "MANIC": {
                "Current": {
                    "Logic": 0.0169,
                    "SRAM": 0.028,
                    "Total": 0.0449
                },
                "Energy": {
                    "Logic": 0.00318396,
                    "SRAM": 0.0052752,
                    "Total": 0.00845916
                },
                "Power": {
                    "Logic": 0.00676,
                    "SRAM": 0.0112,
                    "Total": 0.01796
                },
                "Efficiency": 48.4208834,
                "Time": 0.471
            },
            "Scalar": {
                "Current": {
                    "Logic": 0.0275,
                    "SRAM": 0.0391,
                    "Total": 0.0666
                },
                "Energy": {
                    "Logic": 0.009317,
                    "SRAM": 0.01324708,
                    "Total": 0.02256408
                },
                "Power": {
                    "Logic": 0.011,
                    "SRAM": 0.01564,
                    "Total": 0.02664
                },
                "Efficiency": 18.15274543,
                "Time": 0.847
            }
        },
        "DWT": {
            "Baseline": {
                "Current": {
                    "Logic": 0.0182,
                    "SRAM": 0.0514,
                    "Total": 0.0696
                },
                "Energy": {
                    "Logic": 0.03047408,
                    "SRAM": 0.08606416,
                    "Total": 0.11653824
                },
                "Power": {
                    "Logic": 0.00728,
                    "SRAM": 0.02056,
                    "Total": 0.02784
                },
                "Efficiency": 84.35342768,
                "Time": 4.186
            },
            "MANIC": {
                "Current": {
                    "Logic": 0.0185,
                    "SRAM": 0.035,
                    "Total": 0.0535
                },
                "Energy": {
                    "Logic": 0.0421134,
                    "SRAM": 0.079674,
                    "Total": 0.1217874
                },
                "Power": {
                    "Logic": 0.0074,
                    "SRAM": 0.014,
                    "Total": 0.0214
                },
                "Efficiency": 80.71770971,
                "Time": 5.691
            },
            "Scalar": {
                "Current": {
                    "Logic": 0.0232,
                    "SRAM": 0.0412,
                    "Total": 0.0644
                },
                "Energy": {
                    "Logic": 0.07138176,
                    "SRAM": 0.12676416,
                    "Total": 0.19814592
                },
                "Power": {
                    "Logic": 0.00928,
                    "SRAM": 0.01648,
                    "Total": 0.02576
                },
                "Efficiency": 13.43656231,
                "Time": 7.692
            }
        },
        "FFT": {
            "Baseline": {
                "Current": {
                    "Logic": 0.016,
                    "SRAM": 0.0537,
                    "Total": 0.0697
                },
                "Energy": {
                    "Logic": 0.0122176,
                    "SRAM": 0.04100532,
                    "Total": 0.05322292
                },
                "Power": {
                    "Logic": 0.0064,
                    "SRAM": 0.02148,
                    "Total": 0.02788
                },
                "Efficiency": 92.35119005,
                "Time": 1.909
            },
            "MANIC": {
                "Current": {
                    "Logic": 0.0177,
                    "SRAM": 0.0313,