{"physical": {"/manic_top": {"energy": {"dynamic": 1.2370299840000002e-08, "internal": 9.366814080000001e-09, "leakage": 7.554764160000001e-10, "switching": 3.00348576e-09, "total": 1.3125808800000001e-08}, "power": {"dynamic": 0.00022806600000000002, "internal": 0.000172692, "leakage": 1.39284e-05, "switching": 5.5374e-05, "total": 0.000241995}}, "/manic_top/ARBITER": {"energy": {"dynamic": 5.732273040000001e-11, "internal": 2.392651152e-11, "leakage": 4.25705352e-14, "switching": 3.339621888e-11, "total": 5.73653088e-11}, "power": {"dynamic": 1.0568350000000001e-06, "internal": 4.41123e-07, "leakage": 7.84855e-10, "switching": 6.15712e-07, "total": 1.05762e-06}}, "/manic_top/I2C_DEVICE": {"energy": {"dynamic": 2.9386201440000003e-10, "internal": 2.2886784960000003e-10, "leakage": 3.355438272e-13, "switching": 6.49941648e-11, "total": 2.941972176e-10}, "power": {"dynamic": 5.41781e-06, "internal": 4.21954e-06, "leakage": 6.18628e-09, "switching": 1.19827e-06, "total": 5.42399e-06}}, "/manic_top/MEM": {"energy": {"dynamic": 6.1148950176000006e-09, "internal": 5.8289016000000005e-09, "leakage": 6.1654608e-10, "switching": 2.859934176e-10, "total": 6.7314552e-09}, "power": {"dynamic": 0.00011273774, "internal": 0.000107465, "leakage": 1.1367e-05, "switching": 5.27274e-06, "total": 0.000124105}}, "/manic_top/MMIO": {"energy": {"dynamic": 2.522724096e-12, "internal": 1.224896496e-12, "leakage": 4.61598672e-15, "switching": 1.2978276000000002e-12, "total": 2.52733992e-12}, "power": {"dynamic": 4.65104e-08, "internal": 2.25829e-08, "leakage": 8.5103e-11, "switching": 2.39275e-08, "total": 4.65955e-08}}, "/manic_top/SCALAR": {"energy": {"dynamic": 3.5310294239999996e-09, "internal": 1.856179584e-09, "leakage": 2.4233076e-12, "switching": 1.67484984e-09, "total": 3.5334539520000004e-09}, "power": {"dynamic": 6.510009999999999e-05, "internal": 3.42216e-05, "leakage": 4.46775e-08, "switching": 3.08785e-05, "total": 6.51448e-05}}, "/manic_top/VCU": {"energy": {"dynamic": 2.01645336e-09, "internal": 1.417491888e-09, "leakage": 1.3610714400000001e-10, "switching": 5.989614720000001e-10, "total": 2.152557792e-09}, "power": {"dynamic": 3.71765e-05, "internal": 2.61337e-05, "leakage": 2.50935e-06, "switching": 1.10428e-05, "total": 3.96858e-05}}}, "perf": 2712}