{"physical": {"/panic_top": {"energy": {"dynamic": 5.5195281084e-07, "internal": 4.0667260716000003e-07, "leakage": 1.41771207e-08, "switching": 1.4528020368000002e-07, "total": 5.661294595200001e-07}, "power": {"dynamic": 0.000584671, "internal": 0.000430779, "leakage": 1.50175e-05, "switching": 0.000153892, "total": 0.000599688}}, "/panic_top/I2C_DEVICE": {"energy": {"dynamic": 1.7065061785200003e-09, "internal": 1.5070276944e-09, "leakage": 6.5515526364e-12, "switching": 1.9947848412000002e-10, "total": 1.713054984e-09}, "power": {"dynamic": 1.8076630000000001e-06, "internal": 1.59636e-06, "leakage": 6.93991e-09, "switching": 2.11303e-07, "total": 1.8146e-06}}, "/panic_top/MEM": {"energy": {"dynamic": 2.60386245648e-07, "internal": 2.2578038256000001e-07, "leakage": 1.0773667692000001e-08, "switching": 3.4605863088e-08, "total": 2.7115944132000003e-07}, "power": {"dynamic": 0.0002758212, "internal": 0.000239164, "leakage": 1.14123e-05, "switching": 3.66572e-05, "total": 0.000287233}}, "/panic_top/MMIO": {"energy": {"dynamic": 1.33013536728e-10, "internal": 6.7591470324e-11, "leakage": 6.066589848e-14, "switching": 6.5422066404e-11, "total": 1.3307376647999999e-10}, "power": {"dynamic": 1.4089819999999998e-07, "internal": 7.15981e-08, "leakage": 6.4262e-11, "switching": 6.93001e-08, "total": 1.40962e-07}}, "/panic_top/SCALAR": {"energy": {"dynamic": 1.75856432028e-07, "internal": 9.3486204312e-08, "leakage": 4.9627049952000005e-11, "switching": 8.237022771600001e-08, "total": 1.7590580532000002e-07}, "power": {"dynamic": 0.0001862807, "internal": 9.90278e-05, "leakage": 5.25688e-08, "switching": 8.72529e-05, "total": 0.000186333}}, "/panic_top/VCU": {"energy": {"dynamic": 1.1352836232000001e-07, "internal": 8.567587818000001e-08, "leakage": 3.3469522140000002e-09, "switching": 2.785248414e-08, "total": 1.1687498412e-07}, "power": {"dynamic": 0.000120258, "internal": 9.07545e-05, "leakage": 3.54535e-06, "switching": 2.95035e-05, "total": 0.000123803}}}, "perf": 47202}