{"physical": {"/manic_top": {"energy": {"dynamic": 5.159055416636e-06, "internal": 4.02862857202e-06, "leakage": 3.01936378228e-07, "switching": 1.130426844616e-06, "total": 5.46098312588e-06}, "power": {"dynamic": 0.0002380466, "internal": 0.000185887, "leakage": 1.39318e-05, "switching": 5.21596e-05, "total": 0.000251978}}, "/manic_top/ARBITER": {"energy": {"dynamic": 3.516222265748e-08, "internal": 1.366346742438e-08, "leakage": 1.69373525769e-11, "switching": 2.14987552331e-08, "total": 3.517917052120001e-08}, "power": {"dynamic": 1.6224380000000001e-06, "internal": 6.30453e-07, "leakage": 7.81515e-10, "switching": 9.91985e-07, "total": 1.62322e-06}}, "/manic_top/I2C_DEVICE": {"energy": {"dynamic": 1.939328658033e-08, "internal": 1.873852905504e-08, "leakage": 1.333099021552e-10, "switching": 6.5475752529e-10, "total": 1.9526604718020002e-08}, "power": {"dynamic": 8.948355e-07, "internal": 8.64624e-07, "leakage": 6.15112e-09, "switching": 3.02115e-08, "total": 9.00987e-07}}, "/manic_top/MEM": {"energy": {"dynamic": 2.5010216059386004e-06, "internal": 2.4021971388600002e-06, "leakage": 2.46353020066e-07, "switching": 9.882446707860001e-08, "total": 2.7473744092800003e-06}, "power": {"dynamic": 0.00011540091000000001, "internal": 0.000110841, "leakage": 1.13671e-05, "switching": 4.55991e-06, "total": 0.000126768}}, "/manic_top/MMIO": {"energy": {"dynamic": 6.09904202074e-10, "internal": 3.01533270472e-10, "leakage": 1.91614887844e-12, "switching": 3.08370931602e-10, "total": 6.11820047538e-10}, "power": {"dynamic": 2.81419e-08, "internal": 1.39132e-08, "leakage": 8.8414e-11, "switching": 1.42287e-08, "total": 2.82303e-08}}, "/manic_top/SCALAR": {"energy": {"dynamic": 1.004275789448e-06, "internal": 5.2959906879e-07, "leakage": 9.81216292008e-10, "switching": 4.74676720658e-07, "total": 1.005257551886e-06}, "power": {"dynamic": 4.63388e-05, "internal": 2.44365e-05, "leakage": 4.52748e-08, "switching": 2.19023e-05, "total": 4.63841e-05}}, "/manic_top/VCU": {"energy": {"dynamic": 1.4571196739020002e-06, "internal": 1.060808401358e-06, "leakage": 5.4444470389000005e-08, "switching": 3.9631127254400007e-07, "total": 1.5115630606680001e-06}, "power": {"dynamic": 6.72337e-05, "internal": 4.89473e-05, "leakage": 2.51215e-06, "switching": 1.82864e-05, "total": 6.97458e-05}}}, "perf": 1083623}