{"icache": {"line_size": 4, "destiny": {"leakage_power": 0.000295922, "hit_dynamic_energy": 0.00356465, "read_latency": 0.243833, "write_dynamic_energy": 0.00285388, "miss_dynamic_energy": 0.00356465}, "write_latency": 0, "invalid_latency": 1, "read_latency": 0, "sets": 2, "type": "cache", "children": ["main"], "size": 128}, "power": {"avg": {"total": 1380083.7845134358, "compute": 96570.272, "vrf": 696300.2707300609, "memory": {"total": 587213.2417833749, "parts": {"main": {"read": 36385.6814680277, "write": 1454.7722784726188, "leakage": 37702.5}, "icache": {"read": 63176.169244654346, "write": 0.0, "leakage": 295.922}, "dcache": {"read": 306421.17175159336, "write": 141403.22504062686, "leakage": 373.79999999999995}}}}, "dynamic": 95987.963, "leakage": 582.309}, "insns": 178766, "energy": {"total": 16025.21548649958, "compute": 1121.35178730144, "vrf": 8085.278594655199, "memory": {"total": 6818.58510454294, "parts": {"icache": {"read": 733.58714675, "write": 0.0, "leakage": 3.4361782019400002}, "main": {"read": 422.50216450000005, "write": 16.8924811, "leakage": 437.792758425}, "dcache": {"read": 3558.0921695099996, "write": 1641.9417264299998, "leakage": 4.340479626}}}}, "frequency": 100000000.0, "dcache": {"line_size": 4, "destiny": {"leakage_power": 0.0003738, "hit_dynamic_energy": 0.00790113, "read_latency": 0.304819, "write_dynamic_energy": 0.00609866, "miss_dynamic_energy": 0.00790113}, "write_latency": 0, "invalid_latency": 1, "read_latency": 0, "sets": 8, "type": "cache", "children": ["main"], "size": 256}, "vrf": {"destiny": {"leakage_power": 0.00233276, "read_dynamic_energy": 0.00473775, "read_latency": 0.0549339, "write_dynamic_energy": 0.00455963}}, "cycles": 1161177, "main": {"read_latency": 0, "destiny": {"leakage_power": 0.0377025, "read_dynamic_energy": 0.040280500000000004, "read_latency": 1.29522, "write_latency": 10.3834, "write_dynamic_energy": 0.0667687}, "write_latency": 0, "line_size": 4, "type": "main_mem", "size": 64}}