{"physical": {"/panic_top": {"energy": {"dynamic": 4.1500269439999996e-07, "internal": 3.030612032e-07, "leakage": 1.1220957439999999e-08, "switching": 1.1194149120000001e-07, "total": 4.2622334719999997e-07}, "power": {"dynamic": 0.000544909, "internal": 0.000397927, "leakage": 1.47334e-05, "switching": 0.000146982, "total": 0.000559642}}, "/panic_top/I2C_DEVICE": {"energy": {"dynamic": 1.3319134976e-09, "internal": 1.180266752e-09, "leakage": 5.170152064e-12, "switching": 1.516467456e-10, "total": 1.337080192e-09}, "power": {"dynamic": 1.748836e-06, "internal": 1.54972e-06, "leakage": 6.78854e-09, "switching": 1.99116e-07, "total": 1.75562e-06}}, "/panic_top/MEM": {"energy": {"dynamic": 1.7503220671999998e-07, "internal": 1.52639872e-07, "leakage": 8.69016064e-09, "switching": 2.239233472e-08, "total": 1.837230528e-07}, "power": {"dynamic": 0.0002298217, "internal": 0.00020042, "leakage": 1.14104e-05, "switching": 2.94017e-05, "total": 0.000241233}}, "/panic_top/MMIO": {"energy": {"dynamic": 5.346919424e-11, "internal": 2.648395456e-11, "leakage": 6.05944192e-14, "switching": 2.6985239679999998e-11, "total": 5.35298176e-11}, "power": {"dynamic": 7.020640000000001e-08, "internal": 3.47741e-08, "leakage": 7.9562e-11, "switching": 3.54323e-08, "total": 7.0286e-08}}, "/panic_top/SCALAR": {"energy": {"dynamic": 9.761708992e-08, "internal": 5.213258624e-08, "leakage": 3.620966272e-11, "switching": 4.548450368e-08, "total": 9.76531136e-08}, "power": {"dynamic": 0.0001281737, "internal": 6.84514e-05, "leakage": 4.75442e-08, "switching": 5.97223e-05, "total": 0.000128221}}, "/panic_top/VCU": {"energy": {"dynamic": 1.4076553791999998e-07, "internal": 9.698823679999999e-08, "leakage": 2.48921344e-09, "switching": 4.377730112e-08, "total": 1.432546752e-07}, "power": {"dynamic": 0.0001848287, "internal": 0.000127348, "leakage": 3.2684e-06, "switching": 5.74807e-05, "total": 0.000188097}}}, "perf": 38080}