{"physical": {"/vector_top": {"energy": {"dynamic": 1.0519944101126001e-05, "internal": 9.461296056e-06, "leakage": 4.0389158088000006e-07, "switching": 1.0586480451260002e-06, "total": 1.0923819008020002e-05}, "power": {"dynamic": 0.0004416437, "internal": 0.0003972, "leakage": 1.6956e-05, "switching": 4.44437e-05, "total": 0.000458599}}, "/vector_top/ALIGNER": {"energy": {"dynamic": 2.343002310742e-08, "internal": 1.639441089474e-08, "leakage": 4.44033011176e-11, "switching": 7.035612212680001e-09, "total": 2.347442355014e-08}, "power": {"dynamic": 9.83629e-07, "internal": 6.88263e-07, "leakage": 1.86412e-09, "switching": 2.95366e-07, "total": 9.85493e-07}}, "/vector_top/CORE": {"energy": {"dynamic": 4.2176514107280005e-07, "internal": 3.71632181966e-07, "leakage": 1.546740873308e-08, "switching": 5.01329591068e-08, "total": 4.3723240688600006e-07}, "power": {"dynamic": 1.770636e-05, "internal": 1.56017e-05, "leakage": 6.49346e-07, "switching": 2.10466e-06, "total": 1.83557e-05}}, "/vector_top/INSN_DATA_CONFLICT": {"energy": {"dynamic": 2.7770071103380003e-10, "internal": 8.541535168260001e-11, "leakage": 1.0988156774e-13, "switching": 1.9228535935120003e-10, "total": 2.77810044742e-10}, "power": {"dynamic": 1.165831e-08, "internal": 3.58587e-09, "leakage": 4.613e-12, "switching": 8.07244e-09, "total": 1.16629e-08}}, "/vector_top/MM": {"energy": {"dynamic": 1.199975559463e-06, "internal": 1.1620601062980001e-06, "leakage": 2.7090939653600003e-07, "switching": 3.7915453165e-08, "total": 1.4708861469980002e-06}, "power": {"dynamic": 5.037685e-05, "internal": 4.87851e-05, "leakage": 1.13732e-05, "switching": 1.59175e-06, "total": 6.17501e-05}}, "/vector_top/VECTOR": {"energy": {"dynamic": 8.72541350387e-06, "internal": 7.91092501774e-06, "leakage": 1.1746823137000001e-07, "switching": 8.144884861299999e-07, "total": 8.842881735240002e-06}, "power": {"dynamic": 0.0003663065, "internal": 0.000332113, "leakage": 4.9315e-06, "switching": 3.41935e-05, "total": 0.000371238}}}, "perf": 1190999, "count": 43904}