{"physical": {"/panic_top": {"energy": {"dynamic": 5.167880152e-08, "internal": 3.9026935920000003e-08, "leakage": 1.793192384e-09, "switching": 1.26518656e-08, "total": 5.347204264e-08}, "power": {"dynamic": 0.00042415300000000003, "internal": 0.000320313, "leakage": 1.47176e-05, "switching": 0.00010384, "total": 0.000438871}}, "/panic_top/I2C_DEVICE": {"energy": {"dynamic": 4.6215971096e-10, "internal": 3.7030587520000003e-10, "leakage": 8.315177927999999e-13, "switching": 9.185383576e-11, "total": 4.6299078160000003e-10}, "power": {"dynamic": 3.793169e-06, "internal": 3.03928e-06, "leakage": 6.82467e-09, "switching": 7.53889e-07, "total": 3.79999e-06}}, "/panic_top/MEM": {"energy": {"dynamic": 2.4243674464e-08, "internal": 2.104688528e-08, "leakage": 1.3902431359999999e-09, "switching": 3.196789184e-09, "total": 2.56339176e-08}, "power": {"dynamic": 0.0001989796, "internal": 0.000172742, "leakage": 1.14104e-05, "switching": 2.62376e-05, "total": 0.00021039}}, "/panic_top/MMIO": {"energy": {"dynamic": 5.958780144e-12, "internal": 2.865018864e-12, "leakage": 1.023041744e-14, "switching": 3.09376128e-12, "total": 5.969014704e-12}, "power": {"dynamic": 4.89066e-08, "internal": 2.35146e-08, "leakage": 8.3966e-11, "switching": 2.5392e-08, "total": 4.89906e-08}}, "/panic_top/SCALAR": {"energy": {"dynamic": 9.863398808e-09, "internal": 5.247514776e-09, "leakage": 5.770659184e-12, "switching": 4.615884032e-09, "total": 9.869174024e-09}, "power": {"dynamic": 8.09537e-05, "internal": 4.30689e-05, "leakage": 4.73626e-08, "switching": 3.78848e-05, "total": 8.10011e-05}}, "/panic_top/VCU": {"energy": {"dynamic": 1.7090411512e-08, "internal": 1.235323576e-08, "leakage": 3.963040944e-10, "switching": 4.737175752e-09, "total": 1.7486720480000002e-08}, "power": {"dynamic": 0.0001402693, "internal": 0.000101389, "leakage": 3.25266e-06, "switching": 3.88803e-05, "total": 0.000143522}}}, "perf": 6092}