{"physical": {"/panic_top": {"energy": {"dynamic": 4.255356223999999e-07, "internal": 3.0987980799999996e-07, "leakage": 1.144319232e-08, "switching": 1.1565581440000001e-07, "total": 4.3697866240000004e-07}, "power": {"dynamic": 0.0005587389999999999, "internal": 0.00040688, "leakage": 1.50252e-05, "switching": 0.000151859, "total": 0.000573764}}, "/panic_top/I2C_DEVICE": {"energy": {"dynamic": 1.325435328e-09, "internal": 1.1733057279999999e-09, "leakage": 5.297438272e-12, "switching": 1.521296e-10, "total": 1.330728448e-09}, "power": {"dynamic": 1.74033e-06, "internal": 1.54058e-06, "leakage": 6.95567e-09, "switching": 1.9975e-07, "total": 1.74728e-06}}, "/panic_top/MEM": {"energy": {"dynamic": 1.7792514432e-07, "internal": 1.543412864e-07, "leakage": 8.6913792e-09, "switching": 2.358385792e-08, "total": 1.866163712e-07}, "power": {"dynamic": 0.0002336202, "internal": 0.000202654, "leakage": 1.1412e-05, "switching": 3.09662e-05, "total": 0.000245032}}, "/panic_top/MMIO": {"energy": {"dynamic": 5.336561664e-11, "internal": 2.637786368e-11, "leakage": 6.05936576e-14, "switching": 2.698775296e-11, "total": 5.342624e-11}, "power": {"dynamic": 7.00704e-08, "internal": 3.46348e-08, "leakage": 7.9561e-11, "switching": 3.54356e-08, "total": 7.015e-08}}, "/panic_top/SCALAR": {"energy": {"dynamic": 9.792683264000002e-08, "internal": 5.26071392e-08, "leakage": 3.935621312e-11, "switching": 4.531969344e-08, "total": 9.79661312e-08}, "power": {"dynamic": 0.00012858040000000002, "internal": 6.90745e-05, "leakage": 5.16757e-08, "switching": 5.95059e-05, "total": 0.000128632}}, "/panic_top/VCU": {"energy": {"dynamic": 1.4809822272e-07, "internal": 1.016385664e-07, "leakage": 2.706871104e-09, "switching": 4.645965632e-08, "total": 1.5080517759999998e-07}, "power": {"dynamic": 0.0001944567, "internal": 0.000133454, "leakage": 3.55419e-06, "switching": 6.10027e-05, "total": 0.000198011}}}, "perf": 38080}