{"physical": {"/manic_top": {"energy": {"dynamic": 8.596014825369999e-06, "internal": 6.690763032099999e-06, "leakage": 5.1415492337e-07, "switching": 1.9052517932699997e-06, "total": 9.1101918888e-06}, "power": {"dynamic": 0.00023295369999999999, "internal": 0.000181321, "leakage": 1.39337e-05, "switching": 5.16327e-05, "total": 0.000246888}}, "/manic_top/ARBITER": {"energy": {"dynamic": 5.093903824579999e-08, "internal": 2.0183764298399998e-08, "leakage": 2.8781598298699997e-11, "switching": 3.0755273947399996e-08, "total": 5.0967894124e-08}, "power": {"dynamic": 1.3804579999999999e-06, "internal": 5.46984e-07, "leakage": 7.79987e-10, "switching": 8.33474e-07, "total": 1.38124e-06}}, "/manic_top/I2C_DEVICE": {"energy": {"dynamic": 3.250258962266e-08, "internal": 3.19451176719e-08, "leakage": 2.2632454934399997e-10, "switching": 5.574719507599999e-10, "total": 3.2728912696e-08}, "power": {"dynamic": 8.808266e-07, "internal": 8.65719e-07, "leakage": 6.13344e-09, "switching": 1.51076e-08, "total": 8.8696e-07}}, "/manic_top/MEM": {"energy": {"dynamic": 2.077091499959e-06, "internal": 2.00156843429e-06, "leakage": 4.1945081672e-07, "switching": 7.5523065669e-08, "total": 2.49654268568e-06}, "power": {"dynamic": 5.628959e-05, "internal": 5.42429e-05, "leakage": 1.13672e-05, "switching": 2.04669e-06, "total": 6.76568e-05}}, "/manic_top/MMIO": {"energy": {"dynamic": 6.25722744721e-10, "internal": 3.07222114578e-10, "leakage": 2.8318612743999996e-12, "switching": 3.18500630143e-10, "total": 6.285563034e-10}, "power": {"dynamic": 1.695721e-08, "internal": 8.32578e-09, "leakage": 7.6744e-11, "switching": 8.63143e-09, "total": 1.7034e-08}}, "/manic_top/SCALAR": {"energy": {"dynamic": 9.016539434999999e-07, "internal": 4.8865326426e-07, "leakage": 1.6908732823e-09, "switching": 4.1300067924e-07, "total": 9.0334396808e-07}, "power": {"dynamic": 2.4435e-05, "internal": 1.32426e-05, "leakage": 4.5823e-08, "switching": 1.11924e-05, "total": 2.44808e-05}}, "/manic_top/VCU": {"energy": {"dynamic": 5.296573933819999e-06, "internal": 4.1448775327e-06, "leakage": 9.2746187344e-08, "switching": 1.1516964011199999e-06, "total": 5.3892965051e-06}, "power": {"dynamic": 0.00014353819999999998, "internal": 0.000112327, "leakage": 2.51344e-06, "switching": 3.12112e-05, "total": 0.000146051}}}, "perf": 1845005}