{"physical": {"/scalar_top": {"energy": {"dynamic": 4.40646489792e-07, "internal": 3.6967494168000004e-07, "leakage": 1.4610981088000001e-08, "switching": 7.097154811200001e-08, "total": 4.5525747088000005e-07}, "power": {"dynamic": 0.00036239759999999997, "internal": 0.000304029, "leakage": 1.20164e-05, "switching": 5.83686e-05, "total": 0.000374414}}, "/scalar_top/ALIGNER": {"energy": {"dynamic": 1.1886055731200001e-08, "internal": 7.975948832e-09, "leakage": 2.3114517608000005e-12, "switching": 3.910106899200001e-09, "total": 1.18883659792e-08}, "power": {"dynamic": 9.77536e-06, "internal": 6.5596e-06, "leakage": 1.90099e-09, "switching": 3.21576e-06, "total": 9.77726e-06}}, "/scalar_top/CORE": {"energy": {"dynamic": 2.5452269718400004e-07, "internal": 2.021527796e-07, "leakage": 7.8610079144e-10, "switching": 5.2369917584e-08, "total": 2.5530915424000004e-07}, "power": {"dynamic": 0.0002093252, "internal": 0.000166255, "leakage": 6.46507e-07, "switching": 4.30702e-05, "total": 0.000209972}}, "/scalar_top/INSN_DATA_CONFLICT": {"energy": {"dynamic": 2.4995047320800005e-10, "internal": 7.2424937288e-11, "leakage": 7.34658864e-15, "switching": 1.7752553592000002e-10, "total": 2.4995789032000003e-10}, "power": {"dynamic": 2.055649e-07, "internal": 5.95639e-08, "leakage": 6.042e-12, "switching": 1.46001e-07, "total": 2.05571e-07}}, "/scalar_top/MM": {"energy": {"dynamic": 1.6701655822560003e-07, "internal": 1.5938036176e-07, "leakage": 1.3822578560000001e-08, "switching": 7.636196465600001e-09, "total": 1.8083891792000003e-07}, "power": {"dynamic": 0.00013735818, "internal": 0.000131078, "leakage": 1.1368e-05, "switching": 6.28018e-06, "total": 0.000148726}}}, "perf": 60796, "count": 59148}