{"physical": {"/sort_design_top": {"energy": {"dynamic": 1.8748490255600003e-07, "internal": 1.6952920256e-07, "leakage": 7.776653664e-09, "switching": 1.7955699996000002e-08, "total": 1.9526189580000002e-07}, "power": {"dynamic": 0.0002760541, "internal": 0.000249616, "leakage": 1.14504e-05, "switching": 2.64381e-05, "total": 0.000287505}}, "/sort_design_top/I2C_DEVICE": {"energy": {"dynamic": 9.5935492876e-10, "internal": 8.548654836e-10, "leakage": 4.204204148e-12, "switching": 1.0448944516e-10, "total": 9.6355825e-10}, "power": {"dynamic": 1.412561e-06, "internal": 1.25871e-06, "leakage": 6.1903e-09, "switching": 1.53851e-07, "total": 1.41875e-06}}, "/sort_design_top/MEM": {"energy": {"dynamic": 1.6442728472400003e-07, "internal": 1.5577213760000002e-07, "leakage": 7.724018764000001e-09, "switching": 8.655147124000001e-09, "total": 1.7215143932000002e-07}, "power": {"dynamic": 0.0002421039, "internal": 0.00022936, "leakage": 1.13729e-05, "switching": 1.27439e-05, "total": 0.000253477}}, "/sort_design_top/MMIO": {"energy": {"dynamic": 1.12707824488e-12, "internal": 5.1493503704e-13, "leakage": 6.330518276000001e-14, "switching": 6.121432078400001e-13, "total": 1.1903841068000002e-12}, "power": {"dynamic": 1.6595179999999999e-09, "internal": 7.58194e-10, "leakage": 9.3211e-11, "switching": 9.01324e-10, "total": 1.75273e-09}}, "/sort_design_top/SCALAR": {"energy": {"dynamic": 2.0958605936000002e-09, "internal": 1.4153490652e-09, "leakage": 3.0705027348000003e-11, "switching": 6.805115284000001e-10, "total": 2.1265654172e-09}, "power": {"dynamic": 3.08596e-06, "internal": 2.08397e-06, "leakage": 4.52103e-08, "switching": 1.00199e-06, "total": 3.13117e-06}}, "/sort_design_top/SORT": {"energy": {"dynamic": 1.63302256184e-08, "internal": 1.1482422288e-08, "leakage": 1.7496452004e-11, "switching": 4.847803330400001e-09, "total": 1.634772078e-08}, "power": {"dynamic": 2.404474e-05, "internal": 1.69068e-05, "leakage": 2.57619e-08, "switching": 7.13794e-06, "total": 2.40705e-05}}}, "perf": 33958}