{"physical": {"/panic_design_top": {"energy": {"dynamic": 4.911617158559999e-07, "internal": 3.822244524e-07, "leakage": 3.6662838492e-08, "switching": 1.0893726345599998e-07, "total": 5.278243546799999e-07}, "power": {"dynamic": 0.0002459892, "internal": 0.00019143, "leakage": 1.83619e-05, "switching": 5.45592e-05, "total": 0.000264351}}, "/panic_design_top/CGRA": {"energy": {"dynamic": 3.2629385157599997e-07, "internal": 2.3144316552e-07, "leakage": 1.37673482016e-08, "switching": 9.485068605599999e-08, "total": 3.4006056084e-07}, "power": {"dynamic": 0.0001634182, "internal": 0.000115914, "leakage": 6.89512e-06, "switching": 4.75042e-05, "total": 0.000170313}}, "/panic_design_top/I2C_DEVICE": {"energy": {"dynamic": 2.3495648371439997e-09, "internal": 2.2342050527999997e-09, "leakage": 1.4145399592799998e-11, "switching": 1.15359784344e-10, "total": 2.3637097175999994e-09}, "power": {"dynamic": 1.1767358e-06, "internal": 1.11896e-06, "leakage": 7.08446e-09, "switching": 5.77758e-08, "total": 1.18382e-06}}, "/panic_design_top/MEM": {"energy": {"dynamic": 1.5604076163479997e-07, "internal": 1.4382884712e-07, "leakage": 2.2782717803999996e-08, "switching": 1.2211914514799998e-08, "total": 1.7882365913999998e-07}, "power": {"dynamic": 7.815011e-05, "internal": 7.2034e-05, "leakage": 1.14103e-05, "switching": 6.11611e-06, "total": 8.95605e-05}}, "/panic_design_top/MMIO": {"energy": {"dynamic": 1.83448569024e-12, "internal": 8.607487811999999e-13, "leakage": 1.7975311368e-13, "switching": 9.7373690904e-13, "total": 2.0142308172e-12}, "power": {"dynamic": 9.18768e-10, "internal": 4.3109e-10, "leakage": 9.0026e-11, "switching": 4.87678e-10, "total": 1.00879e-09}}, "/panic_design_top/SCALAR": {"energy": {"dynamic": 6.468115075799999e-09, "internal": 4.714580782799999e-09, "leakage": 9.784630506e-11, "switching": 1.7535342929999997e-09, "total": 6.5659424123999996e-09}, "power": {"dynamic": 3.2394349999999998e-06, "internal": 2.36121e-06, "leakage": 4.90045e-08, "switching": 8.78225e-07, "total": 3.28843e-06}}}, "perf": 99834}