{"physical": {"/manic_top": {"energy": {"dynamic": 7.62538479744e-07, "internal": 6.1135061472e-07, "leakage": 6.0887232576e-08, "switching": 1.51187865024e-07, "total": 8.234257123199999e-07}, "power": {"dynamic": 0.0001744588, "internal": 0.000139869, "leakage": 1.39302e-05, "switching": 3.45898e-05, "total": 0.000188389}}, "/manic_top/ARBITER": {"energy": {"dynamic": 7.42563558144e-09, "internal": 2.84521559424e-09, "leakage": 3.41294919744e-12, "switching": 4.5804199872e-09, "total": 7.4290536096e-09}, "power": {"dynamic": 1.698888e-06, "internal": 6.50948e-07, "leakage": 7.80838e-10, "switching": 1.04794e-06, "total": 1.69967e-06}}, "/manic_top/I2C_DEVICE": {"energy": {"dynamic": 4.046343034176e-09, "internal": 3.91312647936e-09, "leakage": 2.6906612774399998e-11, "switching": 1.33216554816e-10, "total": 4.07324929728e-09}, "power": {"dynamic": 9.257502e-07, "internal": 8.95272e-07, "leakage": 6.15588e-09, "switching": 3.04782e-08, "total": 9.31906e-07}}, "/manic_top/MEM": {"energy": {"dynamic": 3.3286043260799994e-07, "internal": 3.2366541235199997e-07, "leakage": 4.9684667135999995e-08, "switching": 9.195020255999999e-09, "total": 3.8254509974399997e-07}, "power": {"dynamic": 7.61541e-05, "internal": 7.40504e-05, "leakage": 1.13672e-05, "switching": 2.1037e-06, "total": 8.75213e-05}}, "/manic_top/MMIO": {"energy": {"dynamic": 2.92153552992e-11, "internal": 1.40210399904e-11, "leakage": 3.9789431903999996e-13, "switching": 1.51943153088e-11, "total": 2.9613192796799997e-11}, "power": {"dynamic": 6.68409e-09, "internal": 3.20783e-09, "leakage": 9.1033e-11, "switching": 3.47626e-09, "total": 6.77511e-09}}, "/manic_top/SCALAR": {"energy": {"dynamic": 5.501137117439999e-08, "internal": 3.16386585888e-08, "leakage": 1.979353008e-10, "switching": 2.33727125856e-08, "total": 5.5209459456e-08}, "power": {"dynamic": 1.258588e-05, "internal": 7.23851e-06, "leakage": 4.5285e-08, "switching": 5.34737e-06, "total": 1.26312e-05}}, "/manic_top/VCU": {"energy": {"dynamic": 3.3512717097600003e-07, "internal": 2.48828516256e-07, "leakage": 1.0972963113599999e-08, "switching": 8.629865471999999e-08, "total": 3.46100265216e-07}, "power": {"dynamic": 7.667270000000001e-05, "internal": 5.69287e-05, "leakage": 2.51047e-06, "switching": 1.9744e-05, "total": 7.91832e-05}}}, "perf": 218544}