{"physical": {"/base_top": {"energy": {"dynamic": 1.3703431351999998e-08, "internal": 1.176915792e-08, "leakage": 9.60708372e-10, "switching": 1.934273432e-09, "total": 1.4664145600000002e-08}, "power": {"dynamic": 0.00023321019999999999, "internal": 0.000200292, "leakage": 1.63497e-05, "switching": 3.29182e-05, "total": 0.00024956}}, "/base_top/ARBITER": {"energy": {"dynamic": 7.458395048e-11, "internal": 2.958701148e-11, "leakage": 5.1776374e-14, "switching": 4.4996939e-11, "total": 7.46357768e-11}, "power": {"dynamic": 1.269298e-06, "internal": 5.03523e-07, "leakage": 8.8115e-10, "switching": 7.65775e-07, "total": 1.27018e-06}}, "/base_top/I2C_DEVICE": {"energy": {"dynamic": 3.05951568e-10, "internal": 2.393424072e-10, "leakage": 3.558934548e-13, "switching": 6.66091608e-11, "total": 3.063076536e-10}, "power": {"dynamic": 5.2068e-06, "internal": 4.07322e-06, "leakage": 6.05673e-09, "switching": 1.13358e-06, "total": 5.21286e-06}}, "/base_top/MEM": {"energy": {"dynamic": 5.4965819791999995e-09, "internal": 5.283005831999999e-09, "leakage": 6.67948424e-10, "switching": 2.135761472e-10, "total": 6.1645116e-09}, "power": {"dynamic": 9.354291999999999e-05, "internal": 8.99082e-05, "leakage": 1.13674e-05, "switching": 3.63472e-06, "total": 0.00010491}}, "/base_top/MMIO": {"energy": {"dynamic": 1.402489556e-12, "internal": 6.72208524e-13, "leakage": 5.0765702e-15, "switching": 7.30281032e-13, "total": 1.407560544e-12}, "power": {"dynamic": 2.3868099999999998e-08, "internal": 1.14399e-08, "leakage": 8.6395e-11, "switching": 1.24282e-08, "total": 2.39544e-08}}, "/base_top/SCALAR": {"energy": {"dynamic": 2.00829928e-09, "internal": 1.107884544e-09, "leakage": 2.636402548e-12, "switching": 9.00414736e-10, "total": 2.010937604e-09}, "power": {"dynamic": 3.4178e-05, "internal": 1.88544e-05, "leakage": 4.48673e-08, "switching": 1.53236e-05, "total": 3.42229e-05}}, "/base_top/VCU": {"energy": {"dynamic": 5.6150215732e-09, "internal": 5.103870096e-09, "leakage": 2.896962016e-10, "switching": 5.111514772000001e-10, "total": 5.90473364e-09}, "power": {"dynamic": 9.555857000000001e-05, "internal": 8.68596e-05, "leakage": 4.93016e-06, "switching": 8.69897e-06, "total": 0.000100489}}}, "perf": 2938}