{"main": {"read_latency": 0, "destiny": {"leakage_power": 0.0377025, "read_dynamic_energy": 0.040280500000000004, "read_latency": 1.29522, "write_latency": 10.3834, "write_dynamic_energy": 0.0667687}, "write_latency": 0, "line_size": 4, "type": "main_mem", "size": 64}, "icache": {"read_latency": 0, "destiny": {"leakage_power": 0.000147961, "hit_dynamic_energy": 0.00296197, "read_latency": 0.243648, "write_dynamic_energy": 0.0022512, "miss_dynamic_energy": 0.00296197}, "write_latency": 0, "invalid_latency": 1, "line_size": 4, "sets": 2, "type": "cache", "children": ["main"], "size": 64}, "power": {"avg": {"total": 941993.5321056563, "compute": 236596.404, "vrf": 289875.13335442875, "memory": {"total": 415521.9947512276, "parts": {"main": {"read": 118516.74629359324, "write": 18521.40650013185, "leakage": 37702.5}, "icache": {"read": 54115.915529707665, "write": 0.0, "leakage": 147.961}, "dcache": {"read": 153659.01279844524, "write": 32484.652629349628, "leakage": 373.79999999999995}}}}, "dynamic": 235829.059, "leakage": 767.345}, "energy": {"total": 13610.51600778775, "compute": 3418.49390072652, "vrf": 4188.2985480388, "memory": {"total": 6003.72355902243, "parts": {"icache": {"read": 781.9008406, "write": 0.0, "leakage": 2.1378337434300003}, "main": {"read": 1712.4046160000003, "write": 267.6089496, "leakage": 544.749472575}, "dcache": {"read": 2220.16222209, "write": 469.35872651999995, "leakage": 5.400897894}}}}, "frequency": 100000000.0, "dcache": {"read_latency": 0, "destiny": {"leakage_power": 0.0003738, "hit_dynamic_energy": 0.00790113, "read_latency": 0.304819, "write_dynamic_energy": 0.00609866, "miss_dynamic_energy": 0.00790113}, "write_latency": 0, "invalid_latency": 1, "line_size": 4, "sets": 8, "type": "cache", "children": ["main"], "size": 256}, "vrf": {"destiny": {"leakage_power": 0.00233276, "read_dynamic_energy": 0.00473775, "read_latency": 0.0549339, "write_dynamic_energy": 0.00455963}}, "cycles": 1444863}