{
    "cgra_minus_noc": {
        "energy": {
            "dynamic": 3.114793673394572e-08,
            "internal": 1.9533004610320006e-08,
            "leakage": 1.07709026736e-10,
            "switching": 1.1614932123625676e-08,
            "total": 3.125564576068169e-08
        }
    },
    "noc": {
        "energy": {
            "dynamic": 2.89046502864e-10,
            "internal": 1.685832778968e-08,
            "leakage": 2.89046502864e-10,
            "switching": 2.2404905076374328e-08,
            "total": 3.955227936891829e-08
        }
    },
    "perf": 8116,
    "physical": {
        "/flow_top": {
            "energy": {
                "dynamic": 9.041857048000002e-08,
                "internal": 5.484322072e-08,
                "leakage": 2.3589154e-09,
                "switching": 3.557534976e-08,
                "total": 9.277740472e-08
            },
            "power": {
                "dynamic": 0.0005570390000000001,
                "internal": 0.000337871,
                "leakage": 1.45325e-05,
                "switching": 0.000219168,
                "total": 0.000571571
            }
        },
        "/flow_top/ALIGNER": {
            "energy": {
                "dynamic": 1.6162234864000002e-10,
                "internal": 1.1802254736000001e-10,
                "leakage": 3.5372125120000006e-13,
                "switching": 4.359980128e-11,
                "total": 1.6197604391999999e-10
            },
            "power": {
                "dynamic": 9.957020000000001e-07,
                "internal": 7.27098e-07,
                "leakage": 2.17916e-09,
                "switching": 2.68604e-07,
                "total": 9.97881e-07
            }
        },
        "/flow_top/CGRA": {
            "energy": {
                "dynamic": 7.041116960000001e-08,
                "internal": 3.6391332400000005e-08,
                "leakage": 3.967555296e-10,
                "switching": 3.4019837200000004e-08,
                "total": 7.0808042e-08
            },
            "power": {
                "dynamic": 0.00043378000000000004,
                "internal": 0.000224195,
                "leakage": 2.44428e-06,
                "switching": 0.000209585,
                "total": 0.000436225
            }
        },
        "/flow_top/CORE": {
            "energy": {
                "dynamic": 3.182989692e-09,
                "internal": 2.812421248e-09,
                "leakage": 1.0557195408e-10,
                "switching": 3.70568444e-10,
                "total": 3.2885707359999998e-09
            },
            "power": {
                "dynamic": 1.960935e-05,
                "internal": 1.73264e-05,
                "leakage": 6.50394e-07,
                "switching": 2.28295e-06,
                "total": 2.02598e-05
            }
        },
        "/flow_top/INSN_DATA_CONFLICT": {
            "energy": {
                "dynamic": 1.6261396151999999e-12,
                "internal": 4.41534748e-13,
                "leakage": 7.489444800000001e-16,
                "switching": 1.1846048672e-12,
                "total": 1.626884664e-12
            },
            "power": {
                "dynamic": 1.001811e-08,
                "internal": 2.72015e-09,
                "leakage": 4.614e-12,
                "switching": 7.29796e-09,
                "total": 1.00227e-08
            }
        },
        "/flow_top/MM": {
            "energy": {
                "dynamic": 1.6659242472e-08,
                "internal": 1.5519918392000002e-08,
                "leakage": 1.856015576e-09,
                "switching": 1.1393240800000001e-09,
                "total": 1.851519312e-08
            },
            "power": {
                "dynamic": 0.0001026321,
                "internal": 9.56131e-05,
                "leakage": 1.14343e-05,
                "switching": 7.019e-06,
                "total": 0.000114066
            }
        }
    }
}
