{"physical": {"/manic_top": {"energy": {"dynamic": 1.375086694534e-06, "internal": 1.08405689462e-06, "leakage": 8.018145051e-08, "switching": 2.91029799914e-07, "total": 1.45526699388e-06}, "power": {"dynamic": 0.0002389037, "internal": 0.000188341, "leakage": 1.39305e-05, "switching": 5.05627e-05, "total": 0.000252834}}, "/manic_top/ARBITER": {"energy": {"dynamic": 1.169374263316e-08, "internal": 4.22522083396e-09, "leakage": 4.50950653958e-12, "switching": 7.468521799200001e-09, "total": 1.1698243684399999e-08}, "power": {"dynamic": 2.031638e-06, "internal": 7.34078e-07, "leakage": 7.83469e-10, "switching": 1.29756e-06, "total": 2.03242e-06}}, "/manic_top/I2C_DEVICE": {"energy": {"dynamic": 5.51409570537e-09, "internal": 5.22857537636e-09, "leakage": 3.54132005738e-11, "switching": 2.8552032901e-10, "total": 5.5495083879200004e-09}, "power": {"dynamic": 9.580035e-07, "internal": 9.08398e-07, "leakage": 6.15259e-09, "switching": 4.96055e-08, "total": 9.64156e-07}}, "/manic_top/MEM": {"energy": {"dynamic": 6.303300360014e-07, "internal": 6.0606482272e-07, "leakage": 6.5426981522e-08, "switching": 2.42652132814e-08, "total": 6.9575776578e-07}, "power": {"dynamic": 0.00010951177, "internal": 0.000105296, "leakage": 1.13671e-05, "switching": 4.21577e-06, "total": 0.000120879}}, "/manic_top/MMIO": {"energy": {"dynamic": 1.68902235572e-10, "internal": 8.223742941400001e-11, "leakage": 5.0764605654e-13, "switching": 8.666480615800001e-11, "total": 1.69409898896e-10}, "power": {"dynamic": 2.93446e-08, "internal": 1.42877e-08, "leakage": 8.8197e-11, "switching": 1.50569e-08, "total": 2.94328e-08}}, "/manic_top/SCALAR": {"energy": {"dynamic": 2.54036569192e-07, "internal": 1.37963551908e-07, "leakage": 2.60645977298e-10, "switching": 1.16073017284e-07, "total": 2.54297307838e-07}, "power": {"dynamic": 4.41356e-05, "internal": 2.39694e-05, "leakage": 4.52839e-08, "switching": 2.01662e-05, "total": 4.41809e-05}}, "/manic_top/VCU": {"energy": {"dynamic": 4.3556304477e-07, "internal": 3.2944874725e-07, "leakage": 1.4452000647e-08, "switching": 1.0611429752000001e-07, "total": 4.5001533320799997e-07}, "power": {"dynamic": 7.56735e-05, "internal": 5.72375e-05, "leakage": 2.51085e-06, "switching": 1.8436e-05, "total": 7.81844e-05}}}, "perf": 287791}