{"physical": {"/base_design_top": {"energy": {"dynamic": 1.319637503968e-05, "internal": 1.19226728696e-05, "leakage": 4.0608166328e-07, "switching": 1.2737021700800002e-06, "total": 1.3602456702960002e-05}, "power": {"dynamic": 0.000531356, "internal": 0.00048007, "leakage": 1.6351e-05, "switching": 5.1286e-05, "total": 0.000547707}}, "/base_design_top/ARBITER": {"energy": {"dynamic": 1.401089771784e-07, "internal": 4.48247001664e-08, "leakage": 2.1787643450080002e-11, "switching": 9.5284277012e-08, "total": 1.401308322248e-07}, "power": {"dynamic": 5.64153e-06, "internal": 1.80488e-06, "leakage": 8.77286e-10, "switching": 3.83665e-06, "total": 5.64241e-06}}, "/base_design_top/I2C_DEVICE": {"energy": {"dynamic": 2.2288429486584e-08, "internal": 2.200507632648e-08, "leakage": 1.496725468008e-10, "switching": 2.83353160104e-10, "total": 2.243810426856e-08}, "power": {"dynamic": 8.974503e-07, "internal": 8.86041e-07, "leakage": 6.02661e-09, "switching": 1.14093e-08, "total": 9.03477e-07}}, "/base_design_top/MEM": {"energy": {"dynamic": 4.1723868930248e-06, "internal": 4.01668434024e-06, "leakage": 2.8231256187200005e-07, "switching": 1.5570255278480002e-07, "total": 4.4547041736000005e-06}, "power": {"dynamic": 0.00016800241, "internal": 0.000161733, "leakage": 1.13674e-05, "switching": 6.26941e-06, "total": 0.00017937}}, "/base_design_top/MMIO": {"energy": {"dynamic": 2.37286199232e-10, "internal": 1.1260986504560002e-10, "leakage": 2.1487980961600002e-12, "switching": 1.246763341864e-10, "total": 2.394346993048e-10}, "power": {"dynamic": 9.5544e-09, "internal": 4.53427e-09, "leakage": 8.6522e-11, "switching": 5.02013e-09, "total": 9.64091e-09}}, "/base_design_top/SCALAR": {"energy": {"dynamic": 4.0904202865600003e-07, "internal": 2.38748997224e-07, "leakage": 1.13053919852e-09, "switching": 1.7029303143200002e-07, "total": 4.1017203389599996e-07}, "power": {"dynamic": 1.64702e-05, "internal": 9.6133e-06, "leakage": 4.55215e-08, "switching": 6.8569e-06, "total": 1.65157e-05}}, "/base_design_top/VCU": {"energy": {"dynamic": 8.369149116664001e-06, "internal": 7.59877611576e-06, "leakage": 1.224597854464e-07, "switching": 7.703730009040001e-07, "total": 8.491604431760001e-06}, "power": {"dynamic": 0.0003369863, "internal": 0.000305967, "leakage": 4.93088e-06, "switching": 3.10193e-05, "total": 0.000341917}}}, "perf": 1241764}