{"physical": {"/manic_top": {"energy": {"dynamic": 8.188115142176001e-06, "internal": 6.55855699312e-06, "leakage": 5.18478859536e-07, "switching": 1.629558149056e-06, "total": 8.706586559040001e-06}, "power": {"dynamic": 0.00022003160000000002, "internal": 0.000176242, "leakage": 1.39326e-05, "switching": 4.37896e-05, "total": 0.000233964}}, "/manic_top/ARBITER": {"energy": {"dynamic": 7.777138237008e-08, "internal": 2.824486581328e-08, "leakage": 2.911986354696e-11, "switching": 4.9526516556799995e-08, "total": 7.78004832176e-08}, "power": {"dynamic": 2.089878e-06, "internal": 7.58998e-07, "leakage": 7.82511e-10, "switching": 1.33088e-06, "total": 2.09066e-06}}, "/manic_top/I2C_DEVICE": {"energy": {"dynamic": 3.2177335532576e-08, "internal": 3.148499585512e-08, "leakage": 2.289537088656e-10, "switching": 6.92339677456e-10, "total": 3.2406324222e-08}, "power": {"dynamic": 8.646716e-07, "internal": 8.46067e-07, "leakage": 6.15246e-09, "switching": 1.86046e-08, "total": 8.70825e-07}}, "/manic_top/MEM": {"energy": {"dynamic": 3.5166241902392e-06, "internal": 3.40059405016e-06, "leakage": 4.23007984456e-07, "switching": 1.1603014007920001e-07, "total": 3.939629569760001e-06}, "power": {"dynamic": 9.449897e-05, "internal": 9.1381e-05, "leakage": 1.13671e-05, "switching": 3.11797e-06, "total": 0.000105866}}, "/manic_top/MMIO": {"energy": {"dynamic": 7.097261313816e-10, "internal": 3.4182331828e-10, "leakage": 3.3170128436e-12, "switching": 3.679028131016e-10, "total": 7.13041469624e-10}, "power": {"dynamic": 1.907181e-08, "internal": 9.1855e-09, "leakage": 8.9135e-11, "switching": 9.88631e-09, "total": 1.91609e-08}}, "/manic_top/SCALAR": {"energy": {"dynamic": 1.048694812816e-06, "internal": 5.81507127368e-07, "leakage": 1.700040252896e-09, "switching": 4.6718768544799997e-07, "total": 1.0503954633680001e-06}, "power": {"dynamic": 2.81806e-05, "internal": 1.56263e-05, "leakage": 4.56836e-08, "switching": 1.25543e-05, "total": 2.82263e-05}}, "/manic_top/VCU": {"energy": {"dynamic": 3.269253217376e-06, "internal": 2.5109789086720003e-06, "leakage": 9.34989391336e-08, "switching": 7.58274308704e-07, "total": 3.362751784376e-06}, "power": {"dynamic": 8.78516e-05, "internal": 6.74752e-05, "leakage": 2.51251e-06, "switching": 2.03764e-05, "total": 9.03641e-05}}}, "perf": 1860668}