{
    "cycles": 4693646,
    "dcache": {
        "children": [
            "main"
        ],
        "destiny": {
            "hit_dynamic_energy": 0.00790113,
            "leakage_power": 0.0003738,
            "miss_dynamic_energy": 0.00790113,
            "read_latency": 0.304819,
            "write_dynamic_energy": 0.00609866
        },
        "invalid_latency": 0,
        "line_size": 4,
        "read_latency": 0,
        "sets": 8,
        "size": 256,
        "type": "cache",
        "write_latency": 0
    },
    "energy": {
        "compute": 12740.348216771998,
        "memory": {
            "parts": {
                "dcache": {
                    "leakage": 17.544848747999996,
                    "read": 7498.87557057,
                    "write": 3657.1170317999995
                },
                "icache": {
                    "leakage": 13.889531116120002,
                    "read": 14188.800588349999,
                    "write": 0.0
                },
                "main": {
                    "leakage": 1769.62188315,
                    "read": 26167.703178500004,
                    "write": 30904.5588
                }
            },
            "total": 56649.78426513412
        },
        "total": 84218.1088491,
        "vrf": 0
    },
    "frequency": 100000000.0,
    "icache": {
        "children": [
            "main"
        ],
        "destiny": {
            "hit_dynamic_energy": 0.00356465,
            "leakage_power": 0.000295922,
            "miss_dynamic_energy": 0.00356465,
            "read_latency": 0.243833,
            "write_dynamic_energy": 0.00285388
        },
        "invalid_latency": 0,
        "line_size": 4,
        "read_latency": 0,
        "sets": 2,
        "size": 128,
        "type": "cache",
        "write_latency": 0
    },
    "main": {
        "destiny": {
            "leakage_power": 0.0377025,
            "read_dynamic_energy": 0.040280500000000004,
            "read_latency": 1.29522,
            "write_dynamic_energy": 0.0667687,
            "write_latency": 10.3834
        },
        "line_size": 4,
        "read_latency": 1,
        "size": 64,
        "type": "main_mem",
        "write_latency": 1
    },
    "power": {
        "avg": {
            "compute": 271438.19999999995,
            "memory": {
                "parts": {
                    "dcache": {
                        "leakage": 373.7999999999999,
                        "read": 159766.53481259558,
                        "write": 77916.33693295147
                    },
                    "icache": {
                        "leakage": 295.9220000000001,
                        "read": 302298.0554637056,
                        "write": 0.0
                    },
                    "main": {
                        "leakage": 37702.5,
                        "read": 557513.3527006512,
                        "write": 71079.7455304469
                    }
                },
                "total": 1206946.2474403507
            },
            "total": 1478384.4474403504,
            "vrf": 0.0
        },
        "dynamic": 271095.894,
        "leakage": 342.306
    },
    "vrf": {
        "destiny": {
            "leakage_power": 0.00233276,
            "read_dynamic_energy": 0.00473775,
            "read_latency": 0.0549339,
            "write_dynamic_energy": 0.00455963
        }
    }
}
