{"physical": {"/scalar_top": {"energy": {"dynamic": 3.80333284896e-07, "internal": 3.1711802288e-07, "leakage": 1.1283438888e-08, "switching": 6.3215262016e-08, "total": 3.9161644224e-07}, "power": {"dynamic": 0.0004052652, "internal": 0.000337906, "leakage": 1.20231e-05, "switching": 6.73592e-05, "total": 0.000417288}}, "/scalar_top/ALIGNER": {"energy": {"dynamic": 1.24629393216e-08, "internal": 7.60802274e-09, "leakage": 1.6159030184e-12, "switching": 4.8549165816e-09, "total": 1.2464515968e-08}, "power": {"dynamic": 1.327992e-05, "internal": 8.10675e-06, "leakage": 1.72183e-09, "switching": 5.17317e-06, "total": 1.32816e-05}}, "/scalar_top/CORE": {"energy": {"dynamic": 2.04203018568e-07, "internal": 1.598512984e-07, "leakage": 6.063190812000001e-10, "switching": 4.4351720168e-08, "total": 2.0481012127999998e-07}, "power": {"dynamic": 0.0002175891, "internal": 0.00017033, "leakage": 6.46065e-07, "switching": 4.72591e-05, "total": 0.000218236}}, "/scalar_top/INSN_DATA_CONFLICT": {"energy": {"dynamic": 2.34328883504e-10, "internal": 6.6442319344e-11, "leakage": 5.8232684e-15, "switching": 1.6788656416e-10, "total": 2.3433470208e-10}, "power": {"dynamic": 2.496898e-07, "internal": 7.07978e-08, "leakage": 6.205e-12, "switching": 1.78892e-07, "total": 2.49696e-07}}, "/scalar_top/MM": {"energy": {"dynamic": 1.579984385664e-07, "internal": 1.4946795568e-07, "leakage": 1.0675491543999999e-08, "switching": 8.5304828864e-09, "total": 1.6867394888000001e-07}, "power": {"dynamic": 0.00016835568000000002, "internal": 0.000159266, "leakage": 1.13753e-05, "switching": 9.08968e-06, "total": 0.000179731}}}, "perf": 46924, "count": 42437}