{"main": {"read_latency": 1, "destiny": {"leakage_power": 0.0377025, "read_dynamic_energy": 0.040280500000000004, "read_latency": 1.29522, "write_latency": 10.3834, "write_dynamic_energy": 0.0667687}, "write_latency": 1, "line_size": 4, "type": "main_mem", "size": 64}, "icache": {"line_size": 4, "destiny": {"leakage_power": 0.000295922, "hit_dynamic_energy": 0.00356465, "read_latency": 0.243833, "write_dynamic_energy": 0.00285388, "miss_dynamic_energy": 0.00356465}, "write_latency": 0, "invalid_latency": 0, "read_latency": 0, "sets": 2, "type": "cache", "children": ["main"], "size": 128}, "power": {"avg": {"total": 944187.1132242226, "compute": 250058.79400000002, "vrf": 193153.03754716436, "memory": {"total": 500975.2816770582, "parts": {"icache": {"read": 86260.55250096707, "write": 0.0, "leakage": 295.922}, "main": {"read": 144105.7906209486, "write": 32813.46593690121, "leakage": 37702.5}, "dcache": {"read": 155170.8363146844, "write": 44252.41430355702, "leakage": 373.7999999999999}}}}, "dynamic": 249298.794, "leakage": 760.0}, "energy": {"total": 14718.52690759372, "compute": 3898.05901438458, "vrf": 3010.9796465166, "memory": {"total": 7809.488246692539, "parts": {"main": {"read": 2246.4032045000004, "write": 511.5150107, "leakage": 587.728060425}, "icache": {"read": 1344.6786609, "write": 0.0, "leakage": 4.61300081154}, "dcache": {"read": 2418.8914438499996, "write": 689.8318580399999, "leakage": 5.827007465999999}}}}, "frequency": 100000000.0, "dcache": {"line_size": 4, "destiny": {"leakage_power": 0.0003738, "hit_dynamic_energy": 0.00790113, "read_latency": 0.304819, "write_dynamic_energy": 0.00609866, "miss_dynamic_energy": 0.00790113}, "write_latency": 0, "invalid_latency": 0, "read_latency": 0, "sets": 8, "type": "cache", "children": ["main"], "size": 256}, "vrf": {"destiny": {"leakage_power": 0.00116638, "read_dynamic_energy": 0.00356587, "read_latency": 0.0528274, "write_dynamic_energy": 0.0033877399999999998}}, "cycles": 1558857}