{"physical": {"/panic_top": {"energy": {"dynamic": 4.262990886e-09, "internal": 3.23403696e-09, "leakage": 2.0459438999999998e-10, "switching": 1.028953926e-09, "total": 4.46759082e-09}, "power": {"dynamic": 0.0003075751, "internal": 0.000233336, "leakage": 1.47615e-05, "switching": 7.42391e-05, "total": 0.000322337}}, "/panic_top/I2C_DEVICE": {"energy": {"dynamic": 1.29995019e-10, "internal": 9.94151466e-11, "leakage": 1.0545200819999999e-13, "switching": 3.0579872400000003e-11, "total": 1.301004936e-10}, "power": {"dynamic": 9.37915e-06, "internal": 7.17281e-06, "leakage": 7.60837e-09, "switching": 2.20634e-06, "total": 9.38676e-06}}, "/panic_top/MEM": {"energy": {"dynamic": 1.8676031219999998e-09, "internal": 1.61022708e-09, "leakage": 1.58146758e-10, "switching": 2.5737604199999997e-10, "total": 2.02574988e-09}, "power": {"dynamic": 0.0001347477, "internal": 0.000116178, "leakage": 1.14103e-05, "switching": 1.85697e-05, "total": 0.000146158}}, "/panic_top/MMIO": {"energy": {"dynamic": 7.9405326e-13, "internal": 4.19206788e-13, "leakage": 1.60026174e-15, "switching": 3.74846472e-13, "total": 7.95652704e-13}, "power": {"dynamic": 5.7291e-08, "internal": 3.02458e-08, "leakage": 1.15459e-10, "switching": 2.70452e-08, "total": 5.74064e-08}}, "/panic_top/SCALAR": {"energy": {"dynamic": 1.0010662199999998e-09, "internal": 5.456876039999999e-10, "leakage": 6.813049319999999e-13, "switching": 4.5537861599999996e-10, "total": 1.001748132e-09}, "power": {"dynamic": 7.2227e-05, "internal": 3.93714e-05, "leakage": 4.91562e-08, "switching": 3.28556e-05, "total": 7.22762e-05}}, "/panic_top/VCU": {"energy": {"dynamic": 1.261581552e-09, "internal": 9.77562432e-10, "leakage": 4.56567804e-11, "switching": 2.8401912e-10, "total": 1.307237778e-09}, "power": {"dynamic": 9.102320000000001e-05, "internal": 7.05312e-05, "leakage": 3.29414e-06, "switching": 2.0492e-05, "total": 9.43173e-05}}}, "perf": 693}