{"physical": {"/panic_top": {"energy": {"dynamic": 1.33816257176e-07, "internal": 1.0400063744e-07, "leakage": 7.435239448e-09, "switching": 2.9815619736e-08, "total": 1.4125159664e-07}, "power": {"dynamic": 0.0002675897, "internal": 0.000207968, "leakage": 1.48681e-05, "switching": 5.96217e-05, "total": 0.000282458}}, "/panic_top/I2C_DEVICE": {"energy": {"dynamic": 8.771118154399999e-10, "internal": 7.684829376e-10, "leakage": 3.4080251967999997e-12, "switching": 1.0862887784e-10, "total": 8.805158599999999e-10}, "power": {"dynamic": 1.753943e-06, "internal": 1.53672e-06, "leakage": 6.81496e-09, "switching": 2.17223e-07, "total": 1.76075e-06}}, "/panic_top/MEM": {"energy": {"dynamic": 4.95759208784e-08, "internal": 4.4876779136e-08, "leakage": 5.704612592e-09, "switching": 4.6991417423999995e-09, "total": 5.5280343439999996e-08}, "power": {"dynamic": 9.913598e-05, "internal": 8.97392e-05, "leakage": 1.14074e-05, "switching": 9.39678e-06, "total": 0.000110543}}, "/panic_top/MMIO": {"energy": {"dynamic": 2.3187909472000003e-12, "internal": 1.157335144e-12, "leakage": 4.539676232e-14, "switching": 1.1614558032e-12, "total": 2.3641882095999997e-12}, "power": {"dynamic": 4.636840000000001e-09, "internal": 2.3143e-09, "leakage": 9.0779e-11, "switching": 2.32254e-09, "total": 4.72762e-09}}, "/panic_top/SCALAR": {"energy": {"dynamic": 4.1238997184e-09, "internal": 2.489873316e-09, "leakage": 2.4379800144e-11, "switching": 1.6340264024e-09, "total": 4.1482786183999996e-09}, "power": {"dynamic": 8.24648e-06, "internal": 4.97895e-06, "leakage": 4.87518e-08, "switching": 3.26753e-06, "total": 8.29523e-06}}, "/panic_top/VCU": {"energy": {"dynamic": 7.9233375312e-08, "internal": 5.586293663999999e-08, "leakage": 1.7026623823999999e-09, "switching": 2.3370438672e-08, "total": 8.093594767999999e-08}, "power": {"dynamic": 0.0001584414, "internal": 0.000111708, "leakage": 3.40478e-06, "switching": 4.67334e-05, "total": 0.000161846}}}, "perf": 25004}