{"physical": {"/dmm_design_top": {"energy": {"dynamic": 2.6641600763199996e-06, "internal": 2.34324021664e-06, "leakage": 6.8066833676e-08, "switching": 3.2091985967999996e-07, "total": 2.73222750416e-06}, "power": {"dynamic": 0.000448388, "internal": 0.000394376, "leakage": 1.14559e-05, "switching": 5.4012e-05, "total": 0.000459844}}, "/dmm_design_top/DMM": {"energy": {"dynamic": 4.84830099868e-07, "internal": 3.1115715099599997e-07, "leakage": 1.6571233959999998e-10, "switching": 1.7367294887199998e-07, "total": 4.849958716239999e-07}, "power": {"dynamic": 8.15987e-05, "internal": 5.23689e-05, "leakage": 2.789e-08, "switching": 2.92298e-05, "total": 8.16266e-05}}, "/dmm_design_top/I2C_DEVICE": {"energy": {"dynamic": 5.650193051376e-09, "internal": 5.540395109159999e-09, "leakage": 3.55692119452e-11, "switching": 1.09797942216e-10, "total": 5.6857632734e-09}, "power": {"dynamic": 9.509484e-07, "internal": 9.32469e-07, "leakage": 5.98643e-09, "switching": 1.84794e-08, "total": 9.56935e-07}}, "/dmm_design_top/MEM": {"energy": {"dynamic": 2.141493612932e-06, "internal": 2.02011600852e-06, "leakage": 6.7588531656e-08, "switching": 1.2137760441199998e-07, "total": 2.20907798544e-06}, "power": {"dynamic": 0.00036042130000000003, "internal": 0.000339993, "leakage": 1.13754e-05, "switching": 2.04283e-05, "total": 0.000371796}}, "/dmm_design_top/MMIO": {"energy": {"dynamic": 1.5849265283600002e-12, "internal": 6.8208838872e-13, "leakage": 3.81898911e-13, "switching": 9.0283813964e-13, "total": 1.96682543936e-12}, "power": {"dynamic": 2.6674900000000003e-10, "internal": 1.14798e-10, "leakage": 6.4275e-11, "switching": 1.51951e-10, "total": 3.31024e-10}}, "/dmm_design_top/SCALAR": {"energy": {"dynamic": 7.25300153948e-09, "internal": 6.4114454748e-09, "leakage": 2.7576577233599997e-10, "switching": 8.4155606468e-10, "total": 7.5287708768e-09}, "power": {"dynamic": 1.220707e-06, "internal": 1.07907e-06, "leakage": 4.64124e-08, "switching": 1.41637e-07, "total": 1.26712e-06}}}, "perf": 297082}