{"physical": {"/manic_top": {"energy": {"dynamic": 1.652079149796e-06, "internal": 1.26246780992e-06, "leakage": 7.2293945542e-08, "switching": 3.89611339876e-07, "total": 1.7243736142400002e-06}, "power": {"dynamic": 0.0003183798, "internal": 0.000243296, "leakage": 1.39321e-05, "switching": 7.50838e-05, "total": 0.000332312}}, "/manic_top/ARBITER": {"energy": {"dynamic": 7.3527479376400006e-09, "internal": 2.82027388216e-09, "leakage": 4.07796260466e-12, "switching": 4.53247405548e-09, "total": 7.3568368854e-09}, "power": {"dynamic": 1.416982e-06, "internal": 5.43508e-07, "leakage": 7.85883e-10, "switching": 8.73474e-07, "total": 1.41777e-06}}, "/manic_top/I2C_DEVICE": {"energy": {"dynamic": 5.729720554117999e-09, "internal": 5.3727631982e-09, "leakage": 3.18542521956e-11, "switching": 3.56957355918e-10, "total": 5.7615764668e-09}, "power": {"dynamic": 1.1042008999999998e-06, "internal": 1.03541e-06, "leakage": 6.13878e-09, "switching": 6.87909e-08, "total": 1.11034e-06}}, "/manic_top/MEM": {"energy": {"dynamic": 6.822808373198e-07, "internal": 6.5208338732e-07, "leakage": 5.8984628144e-08, "switching": 3.01974499998e-08, "total": 7.4126188504e-07}, "power": {"dynamic": 0.00013148549, "internal": 0.000125666, "leakage": 1.13672e-05, "switching": 5.81949e-06, "total": 0.000142852}}, "/manic_top/MMIO": {"energy": {"dynamic": 3.95498801968e-10, "internal": 1.9715110697799998e-10, "leakage": 3.9669020096e-13, "switching": 1.9834769499e-10, "total": 3.9589524309599997e-10}, "power": {"dynamic": 7.62184e-08, "internal": 3.79939e-08, "leakage": 7.6448e-11, "switching": 3.82245e-08, "total": 7.62948e-08}}, "/manic_top/SCALAR": {"energy": {"dynamic": 4.4385164703400005e-07, "internal": 2.3534540759e-07, "leakage": 2.3499255423e-10, "switching": 2.08506239444e-07, "total": 4.4408670963999996e-07}, "power": {"dynamic": 8.553670000000001e-05, "internal": 4.53545e-05, "leakage": 4.52865e-08, "switching": 4.01822e-05, "total": 8.5582e-05}}, "/manic_top/VCU": {"energy": {"dynamic": 4.78587465816e-07, "internal": 3.6577661431e-07, "leakage": 1.30369457382e-08, "switching": 1.1281085150599999e-07, "total": 4.91624359664e-07}, "power": {"dynamic": 9.22308e-05, "internal": 7.04905e-05, "leakage": 2.51241e-06, "switching": 2.17403e-05, "total": 9.47432e-05}}}, "perf": 259451}