{"main": {"read_latency": 1, "destiny": {"leakage_power": 0.0377025, "read_dynamic_energy": 0.040280500000000004, "read_latency": 1.29522, "write_latency": 10.3834, "write_dynamic_energy": 0.0667687}, "write_latency": 1, "line_size": 4, "type": "main_mem", "size": 64}, "icache": {"read_latency": 0, "destiny": {"leakage_power": 0.000295922, "hit_dynamic_energy": 0.00356465, "read_latency": 0.243833, "write_dynamic_energy": 0.00285388, "miss_dynamic_energy": 0.00356465}, "write_latency": 0, "invalid_latency": 0, "line_size": 4, "sets": 2, "type": "cache", "children": ["main"], "size": 128}, "power": {"avg": {"total": 1435129.8466154754, "compute": 180388.00699999998, "vrf": 859459.863102825, "memory": {"total": 395281.97651265044, "parts": {"main": {"read": 85990.06001119914, "write": 18591.727208180087, "leakage": 37702.49999999999}, "icache": {"read": 65477.56534676302, "write": 0.0, "leakage": 295.92199999999997}, "dcache": {"read": 154242.41398765316, "write": 32607.987958855017, "leakage": 373.8}}}}, "dynamic": 179808.488, "leakage": 579.519}, "insns": 223869, "energy": {"total": 20657.230309586223, "compute": 2596.50136499786, "vrf": 12371.048080304801, "memory": {"total": 5689.68086428356, "parts": {"icache": {"read": 942.48276605, "write": 0.0, "leakage": 4.25949534956}, "main": {"read": 1237.7392040000002, "write": 267.6089496, "leakage": 542.68903095}, "dcache": {"read": 2220.16222209, "write": 469.35872651999995, "leakage": 5.380469724}}}}, "frequency": 100000000.0, "dcache": {"read_latency": 0, "destiny": {"leakage_power": 0.0003738, "hit_dynamic_energy": 0.00790113, "read_latency": 0.304819, "write_dynamic_energy": 0.00609866, "miss_dynamic_energy": 0.00790113}, "write_latency": 0, "invalid_latency": 0, "line_size": 4, "sets": 8, "type": "cache", "children": ["main"], "size": 256}, "vrf": {"destiny": {"leakage_power": 0.00233276, "read_dynamic_energy": 0.00473775, "read_latency": 0.0549339, "write_dynamic_energy": 0.00455963}}, "cycles": 1439398}