{"main": {"read_latency": 1, "destiny": {"leakage_power": 0.0377025, "read_dynamic_energy": 0.040280500000000004, "read_latency": 1.29522, "write_latency": 10.3834, "write_dynamic_energy": 0.0667687}, "write_latency": 1, "line_size": 4, "type": "main_mem", "size": 64}, "icache": {"line_size": 4, "destiny": {"leakage_power": 0.000147961, "hit_dynamic_energy": 0.00296197, "read_latency": 0.243648, "write_dynamic_energy": 0.0022512, "miss_dynamic_energy": 0.00296197}, "write_latency": 0, "invalid_latency": 0, "read_latency": 0, "sets": 2, "type": "cache", "children": ["main"], "size": 64}, "power": {"avg": {"total": 932791.9327689484, "compute": 179408.736, "vrf": 69869.31539542746, "memory": {"total": 683513.8813735209, "parts": {"main": {"read": 294919.12207543815, "write": 19890.728949826527, "leakage": 37702.5}, "icache": {"read": 56098.51552352993, "write": 0.0, "leakage": 147.961}, "dcache": {"read": 257910.0230501067, "write": 16471.230774619693, "leakage": 373.7999999999999}}}}, "dynamic": 178639.263, "leakage": 769.473}, "energy": {"total": 16776.8225860092, "compute": 3226.7737622016, "vrf": 1256.6415589760002, "memory": {"total": 12293.4072648316, "parts": {"icache": {"read": 1008.9654608, "write": 0.0, "leakage": 2.6611673616000004}, "main": {"read": 5304.297362, "write": 357.7466946, "leakage": 678.102084}, "dcache": {"read": 4638.666510569999, "write": 296.24496822, "leakage": 6.723017279999999}}}}, "frequency": 100000000.0, "dcache": {"line_size": 4, "destiny": {"leakage_power": 0.0003738, "hit_dynamic_energy": 0.00790113, "read_latency": 0.304819, "write_dynamic_energy": 0.00609866, "miss_dynamic_energy": 0.00790113}, "write_latency": 0, "invalid_latency": 0, "read_latency": 0, "sets": 8, "type": "cache", "children": ["main"], "size": 256}, "vrf": {"destiny": {"leakage_power": 0.00233276, "read_dynamic_energy": 0.00473775, "read_latency": 0.0549339, "write_dynamic_energy": 0.00455963}}, "cycles": 1798560}