{"icache": {"read_latency": 0, "destiny": {"leakage_power": 0.000295922, "hit_dynamic_energy": 0.00356465, "read_latency": 0.243833, "write_dynamic_energy": 0.00285388, "miss_dynamic_energy": 0.00356465}, "write_latency": 0, "invalid_latency": 0, "line_size": 4, "sets": 2, "type": "cache", "children": ["main"], "size": 128}, "power": {"avg": {"total": 1307617.4205111908, "compute": 135210.98300000004, "vrf": 601112.5981625702, "memory": {"total": 571293.8393486209, "parts": {"main": {"read": 89859.79156745669, "write": 9294.152166746035, "leakage": 37702.50000000001}, "icache": {"read": 114556.1172570424, "write": 0.0, "leakage": 295.922}, "dcache": {"read": 297214.93083995755, "write": 21996.62551741822, "leakage": 373.8}}}}, "dynamic": 134625.508, "leakage": 585.475}, "insns": 6945, "energy": {"total": 356.96647962534996, "compute": 36.911246249170006, "vrf": 164.0977281724, "memory": {"total": 155.95750520378, "parts": {"icache": {"read": 31.27267445, "write": 0.0, "leakage": 0.08078374678}, "main": {"read": 24.5308245, "write": 2.5372106, "leakage": 10.292405475}, "dcache": {"read": 81.13670397, "write": 6.004858799999999, "leakage": 0.102043662}}}}, "frequency": 100000000.0, "dcache": {"read_latency": 0, "destiny": {"leakage_power": 0.0003738, "hit_dynamic_energy": 0.00790113, "read_latency": 0.304819, "write_dynamic_energy": 0.00609866, "miss_dynamic_energy": 0.00790113}, "write_latency": 0, "invalid_latency": 0, "line_size": 4, "sets": 8, "type": "cache", "children": ["main"], "size": 256}, "vrf": {"destiny": {"leakage_power": 0.00233276, "read_dynamic_energy": 0.00473775, "read_latency": 0.0549339, "write_dynamic_energy": 0.00455963}}, "cycles": 27299, "main": {"read_latency": 1, "destiny": {"leakage_power": 0.0377025, "read_dynamic_energy": 0.040280500000000004, "read_latency": 1.29522, "write_latency": 10.3834, "write_dynamic_energy": 0.0667687}, "write_latency": 1, "line_size": 4, "type": "main_mem", "size": 64}}