{"physical": {"/panic_design_top": {"energy": {"dynamic": 4.2883804026e-06, "internal": 3.2293019023200002e-06, "leakage": 9.512672270400001e-08, "switching": 1.05907850028e-06, "total": 4.3835104170000005e-06}, "power": {"dynamic": 0.000521115, "internal": 0.000392418, "leakage": 1.15596e-05, "switching": 0.000128697, "total": 0.000532675}}, "/panic_design_top/CGRA": {"energy": {"dynamic": 1.7501947631999999e-06, "internal": 1.07793168912e-06, "leakage": 1.059926112e-09, "switching": 6.7226307408e-07, "total": 1.7512481059200001e-06}, "power": {"dynamic": 0.00021267999999999998, "internal": 0.000130988, "leakage": 1.288e-07, "switching": 8.1692e-05, "total": 0.000212808}}, "/panic_design_top/I2C_DEVICE": {"energy": {"dynamic": 7.65053515548e-09, "internal": 7.35424136928e-09, "leakage": 5.16521415384e-11, "switching": 2.962937862e-10, "total": 7.702181865720001e-09}, "power": {"dynamic": 9.29677e-07, "internal": 8.93672e-07, "leakage": 6.27666e-09, "switching": 3.6005e-08, "total": 9.35953e-07}}, "/panic_design_top/MEM": {"energy": {"dynamic": 2.127522698604e-06, "internal": 1.967405553e-06, "leakage": 9.362982394800001e-08, "switching": 1.60117145604e-07, "total": 2.2211541684e-06}, "power": {"dynamic": 0.0002585321, "internal": 0.000239075, "leakage": 1.13777e-05, "switching": 1.94571e-05, "total": 0.00026991}}, "/panic_design_top/MMIO": {"energy": {"dynamic": 2.2176978876e-10, "internal": 1.02921458832e-10, "leakage": 8.883464580000001e-13, "switching": 1.1884832992800002e-10, "total": 2.2265854668000001e-10}, "power": {"dynamic": 2.6949e-08, "internal": 1.25068e-08, "leakage": 1.0795e-10, "switching": 1.44422e-08, "total": 2.7057e-08}}, "/panic_design_top/SCALAR": {"energy": {"dynamic": 3.306302901e-07, "internal": 1.76363311212e-07, "leakage": 3.82827536496e-10, "switching": 1.54266978888e-07, "total": 3.3101377268400004e-07}, "power": {"dynamic": 4.01775e-05, "internal": 2.14313e-05, "leakage": 4.65204e-08, "switching": 1.87462e-05, "total": 4.02241e-05}}}, "perf": 411462}