{"physical": {"/panic_top": {"energy": {"dynamic": 5.280898936e-08, "internal": 3.652056528e-08, "leakage": 1.761903872e-09, "switching": 1.628842408e-08, "total": 5.45709176e-08}, "power": {"dynamic": 0.000433429, "internal": 0.000299742, "leakage": 1.44608e-05, "switching": 0.000133687, "total": 0.00044789}}, "/panic_top/I2C_DEVICE": {"energy": {"dynamic": 4.6209440472e-10, "internal": 3.70223024e-10, "leakage": 8.321720736e-13, "switching": 9.187138072e-11, "total": 4.629262064e-10}, "power": {"dynamic": 3.792633e-06, "internal": 3.0386e-06, "leakage": 6.83004e-09, "switching": 7.54033e-07, "total": 3.79946e-06}}, "/panic_top/MEM": {"energy": {"dynamic": 2.4171459895999997e-08, "internal": 2.0996809039999997e-08, "leakage": 1.390267504e-09, "switching": 3.174650856e-09, "total": 2.5561666480000002e-08}, "power": {"dynamic": 0.00019838689999999998, "internal": 0.000172331, "leakage": 1.14106e-05, "switching": 2.60559e-05, "total": 0.000209797}}, "/panic_top/MMIO": {"energy": {"dynamic": 5.959803599999999e-12, "internal": 2.86604232e-12, "leakage": 1.023041744e-14, "switching": 3.09376128e-12, "total": 5.97003816e-12}, "power": {"dynamic": 4.8915e-08, "internal": 2.3523e-08, "leakage": 8.3966e-11, "switching": 2.5392e-08, "total": 4.8999e-08}}, "/panic_top/SCALAR": {"energy": {"dynamic": 9.862082936000001e-09, "internal": 5.2494764e-09, "leakage": 5.7851581439999995e-12, "switching": 4.612606536e-09, "total": 9.867870336e-09}, "power": {"dynamic": 8.094290000000001e-05, "internal": 4.3085e-05, "leakage": 4.74816e-08, "switching": 3.78579e-05, "total": 8.09904e-05}}, "/panic_top/VCU": {"energy": {"dynamic": 1.4501226223999998e-08, "internal": 9.895247783999999e-09, "leakage": 3.649814672e-10, "switching": 4.60597844e-09, "total": 1.486618576e-08}, "power": {"dynamic": 0.00011901859999999999, "internal": 8.12151e-05, "leakage": 2.99558e-06, "switching": 3.78035e-05, "total": 0.000122014}}}, "perf": 6092}