{"physical": {"/flow_top": {"energy": {"dynamic": 2.7629921676e-08, "internal": 2.161764216e-08, "leakage": 1.239621864e-09, "switching": 6.012279516e-09, "total": 2.886954354e-08}, "power": {"dynamic": 0.0003067946, "internal": 0.000240036, "leakage": 1.37644e-05, "switching": 6.67586e-05, "total": 0.000320559}}, "/flow_top/ALIGNER": {"energy": {"dynamic": 7.202800668000001e-11, "internal": 5.182439658000001e-11, "leakage": 2.027178552e-13, "switching": 2.0203610100000002e-11, "total": 7.223073174e-11}, "power": {"dynamic": 7.997780000000001e-07, "internal": 5.75443e-07, "leakage": 2.25092e-09, "switching": 2.24335e-07, "total": 8.02029e-07}}, "/flow_top/CGRA": {"energy": {"dynamic": 1.3987812996e-08, "internal": 9.03869178e-09, "leakage": 1.505605068e-10, "switching": 4.949121216000001e-09, "total": 1.413833928e-08}, "power": {"dynamic": 0.0001553166, "internal": 0.000100363, "leakage": 1.67178e-06, "switching": 5.49536e-05, "total": 0.000156988}}, "/flow_top/CORE": {"energy": {"dynamic": 1.5666900642e-09, "internal": 1.3822228679999999e-09, "leakage": 5.87362314e-11, "switching": 1.844671962e-10, "total": 1.6254298980000001e-09}, "power": {"dynamic": 1.739607e-05, "internal": 1.53478e-05, "leakage": 6.5219e-07, "switching": 2.04827e-06, "total": 1.80483e-05}}, "/flow_top/INSN_DATA_CONFLICT": {"energy": {"dynamic": 6.764397594000001e-13, "internal": 1.875652602e-13, "leakage": 4.1391576e-16, "switching": 4.888744992e-13, "total": 6.768540354e-13}, "power": {"dynamic": 7.51099e-09, "internal": 2.08267e-09, "leakage": 4.596e-12, "switching": 5.42832e-09, "total": 7.51559e-09}}, "/flow_top/MM": {"energy": {"dynamic": 1.20019071408e-08, "internal": 1.114420452e-08, "leakage": 1.029998208e-09, "switching": 8.577026208e-10, "total": 1.3031952179999999e-08}, "power": {"dynamic": 0.00013326568, "internal": 0.000123742, "leakage": 1.14368e-05, "switching": 9.52368e-06, "total": 0.000144703}}}, "perf": 4503, "count": 123}