{"physical": {"/manic_top": {"energy": {"dynamic": 9.22095268704e-07, "internal": 7.6932295968e-07, "leakage": 6.0887232576e-08, "switching": 1.5277230902399999e-07, "total": 9.8298468672e-07}, "power": {"dynamic": 0.0002109633, "internal": 0.000176011, "leakage": 1.39302e-05, "switching": 3.49523e-05, "total": 0.000224894}}, "/manic_top/ARBITER": {"energy": {"dynamic": 7.42563558144e-09, "internal": 2.84521559424e-09, "leakage": 3.41294919744e-12, "switching": 4.5804199872e-09, "total": 7.4290536096e-09}, "power": {"dynamic": 1.698888e-06, "internal": 6.50948e-07, "leakage": 7.80838e-10, "switching": 1.04794e-06, "total": 1.69967e-06}}, "/manic_top/I2C_DEVICE": {"energy": {"dynamic": 4.046343034176e-09, "internal": 3.91312647936e-09, "leakage": 2.6906612774399998e-11, "switching": 1.33216554816e-10, "total": 4.07324929728e-09}, "power": {"dynamic": 9.257502e-07, "internal": 8.95272e-07, "leakage": 6.15588e-09, "switching": 3.04782e-08, "total": 9.31906e-07}}, "/manic_top/MEM": {"energy": {"dynamic": 3.3278228127359996e-07, "internal": 3.2362869695999996e-07, "leakage": 4.9684667135999995e-08, "switching": 9.1535843136e-09, "total": 3.82466423904e-07}, "power": {"dynamic": 7.613621999999999e-05, "internal": 7.4042e-05, "leakage": 1.13672e-05, "switching": 2.09422e-06, "total": 8.75033e-05}}, "/manic_top/MMIO": {"energy": {"dynamic": 2.92153552992e-11, "internal": 1.40210399904e-11, "leakage": 3.9789431903999996e-13, "switching": 1.51943153088e-11, "total": 2.9613192796799997e-11}, "power": {"dynamic": 6.68409e-09, "internal": 3.20783e-09, "leakage": 9.1033e-11, "switching": 3.47626e-09, "total": 6.77511e-09}}, "/manic_top/SCALAR": {"energy": {"dynamic": 5.476515950399999e-08, "internal": 3.1547263488e-08, "leakage": 1.9791650601599999e-10, "switching": 2.3217896016e-08, "total": 5.4962941823999996e-08}, "power": {"dynamic": 1.252955e-05, "internal": 7.2176e-06, "leakage": 4.52807e-08, "switching": 5.31195e-06, "total": 1.25748e-05}}, "/manic_top/VCU": {"energy": {"dynamic": 4.95016583904e-07, "internal": 4.06935047232e-07, "leakage": 1.0972963113599999e-08, "switching": 8.808153667199999e-08, "total": 5.0599055232e-07}, "power": {"dynamic": 0.0001132533, "internal": 9.31014e-05, "leakage": 2.51047e-06, "switching": 2.01519e-05, "total": 0.000115764}}}, "perf": 218544}