{"physical": {"/vector_top": {"energy": {"dynamic": 1.318612648715e-05, "internal": 1.18352459514e-05, "leakage": 5.735926879600001e-07, "switching": 1.3508805357499999e-06, "total": 1.37597496213e-05}, "power": {"dynamic": 0.0003897865, "internal": 0.000349854, "leakage": 1.69556e-05, "switching": 3.99325e-05, "total": 0.000406743}}, "/vector_top/ALIGNER": {"energy": {"dynamic": 1.094709676e-07, "internal": 6.7626400646e-08, "leakage": 6.2432618923e-11, "switching": 4.1844566954e-08, "total": 1.09533551435e-07}, "power": {"dynamic": 3.236e-06, "internal": 1.99906e-06, "leakage": 1.84553e-09, "switching": 1.23694e-06, "total": 3.23785e-06}}, "/vector_top/CORE": {"energy": {"dynamic": 1.562700430527e-06, "internal": 1.27068527129e-06, "leakage": 2.19655052628e-08, "switching": 2.92015159237e-07, "total": 1.58466668003e-06}, "power": {"dynamic": 4.6193969999999996e-05, "internal": 3.75619e-05, "leakage": 6.49308e-07, "switching": 8.63207e-06, "total": 4.68433e-05}}, "/vector_top/INSN_DATA_CONFLICT": {"energy": {"dynamic": 1.6026062517600002e-09, "internal": 4.6072189581e-10, "leakage": 1.645109133e-13, "switching": 1.14188435595e-09, "total": 1.60277201435e-09}, "power": {"dynamic": 4.73736e-08, "internal": 1.36191e-08, "leakage": 4.863e-12, "switching": 3.37545e-08, "total": 4.73785e-08}}, "/vector_top/MM": {"energy": {"dynamic": 3.220668681019e-06, "internal": 3.0942462897e-06, "leakage": 3.8474512012e-07, "switching": 1.26422391319e-07, "total": 3.6054039907000004e-06}, "power": {"dynamic": 9.520409e-05, "internal": 9.1467e-05, "leakage": 1.13732e-05, "switching": 3.73709e-06, "total": 0.000106577}}, "/vector_top/VECTOR": {"energy": {"dynamic": 8.07852101349e-06, "internal": 7.4011643271e-06, "leakage": 1.6681805792000002e-07, "switching": 6.773566863900001e-07, "total": 8.2453356885e-06}, "power": {"dynamic": 0.0002388039, "internal": 0.000218781, "leakage": 4.9312e-06, "switching": 2.00229e-05, "total": 0.000243735}}}, "perf": 1691455, "count": 285205}