{"physical": {"/panic_top": {"energy": {"dynamic": 1.1353266436e-08, "internal": 8.73573692e-09, "leakage": 6.47523804e-10, "switching": 2.6175295160000003e-09, "total": 1.200079024e-08}, "power": {"dynamic": 0.0002596813, "internal": 0.000199811, "leakage": 1.48107e-05, "switching": 5.98703e-05, "total": 0.000274492}}, "/panic_top/I2C_DEVICE": {"energy": {"dynamic": 2.771856744e-10, "internal": 2.159055364e-10, "leakage": 3.000630388e-13, "switching": 6.1280138e-11, "total": 2.774855936e-10}, "power": {"dynamic": 6.34002e-06, "internal": 4.93837e-06, "leakage": 6.86329e-09, "switching": 1.40165e-06, "total": 6.34688e-06}}, "/panic_top/MEM": {"energy": {"dynamic": 4.5795432120000004e-09, "internal": 4.011847756e-09, "leakage": 4.98797108e-10, "switching": 5.67695456e-10, "total": 5.078340320000001e-09}, "power": {"dynamic": 0.0001047471, "internal": 9.17623e-05, "leakage": 1.14089e-05, "switching": 1.29848e-05, "total": 0.000116156}}, "/panic_top/MMIO": {"energy": {"dynamic": 1.35656602e-12, "internal": 6.75019312e-13, "leakage": 3.71418888e-15, "switching": 6.81546708e-13, "total": 1.3602822200000002e-12}, "power": {"dynamic": 3.10285e-08, "internal": 1.54396e-08, "leakage": 8.4954e-11, "switching": 1.55889e-08, "total": 3.11135e-08}}, "/panic_top/SCALAR": {"energy": {"dynamic": 1.998152648e-09, "internal": 1.0843478120000001e-09, "leakage": 2.1380522760000002e-12, "switching": 9.13804836e-10, "total": 2.000290556e-09}, "power": {"dynamic": 4.57034e-05, "internal": 2.48021e-05, "leakage": 4.89033e-08, "switching": 2.09013e-05, "total": 4.57523e-05}}, "/panic_top/VCU": {"energy": {"dynamic": 4.494870688e-09, "internal": 3.421981888e-09, "leakage": 1.4627269240000002e-10, "switching": 1.0728888e-09, "total": 4.6411403200000006e-09}, "power": {"dynamic": 0.0001028104, "internal": 7.82704e-05, "leakage": 3.34567e-06, "switching": 2.454e-05, "total": 0.000106156}}}, "perf": 2186}