{"physical": {"/base_top": {"energy": {"dynamic": 1.106033627776e-06, "internal": 1.00090683968e-06, "leakage": 4.4043284207999995e-08, "switching": 1.05126788096e-07, "total": 1.15007745072e-06}, "power": {"dynamic": 0.00041060319999999996, "internal": 0.000371576, "leakage": 1.63506e-05, "switching": 3.90272e-05, "total": 0.000426954}}, "/base_top/ARBITER": {"energy": {"dynamic": 9.161070996e-09, "internal": 3.0590507552e-09, "leakage": 2.3263455520799997e-12, "switching": 6.1020202408e-09, "total": 9.1633875608e-09}, "power": {"dynamic": 3.40095e-06, "internal": 1.13564e-06, "leakage": 8.63631e-10, "switching": 2.26531e-06, "total": 3.40181e-06}}, "/base_top/I2C_DEVICE": {"energy": {"dynamic": 2.790926965992e-09, "internal": 2.65881839344e-09, "leakage": 1.62869051312e-11, "switching": 1.32108572552e-10, "total": 2.8072186120000003e-09}, "power": {"dynamic": 1.0361019e-06, "internal": 9.87058e-07, "leakage": 6.04634e-09, "switching": 4.90439e-08, "total": 1.04215e-06}}, "/base_top/MEM": {"energy": {"dynamic": 4.505715034216e-07, "internal": 4.3675327519999995e-07, "leakage": 3.0620676768e-08, "switching": 1.38182282216e-08, "total": 4.8119091416e-07}, "power": {"dynamic": 0.00016726987, "internal": 0.00016214, "leakage": 1.13676e-05, "switching": 5.12987e-06, "total": 0.000178637}}, "/base_top/MMIO": {"energy": {"dynamic": 2.9079595503199997e-11, "internal": 1.3971175371999999e-11, "leakage": 2.4381575152e-13, "switching": 1.51084201312e-11, "total": 2.9323400480000004e-11}, "power": {"dynamic": 1.0795489999999999e-08, "internal": 5.18665e-09, "leakage": 9.0514e-11, "switching": 5.60884e-09, "total": 1.0886e-08}}, "/base_top/SCALAR": {"energy": {"dynamic": 6.0905990376e-08, "internal": 3.3570525736e-08, "leakage": 1.2189521546399998e-10, "switching": 2.7335464639999998e-08, "total": 6.102774471200001e-08}, "power": {"dynamic": 2.26107e-05, "internal": 1.24627e-05, "leakage": 4.52523e-08, "switching": 1.0148e-05, "total": 2.26559e-05}}, "/base_top/VCU": {"energy": {"dynamic": 5.731741600640001e-07, "internal": 5.2453222536e-07, "leakage": 1.3281189239999998e-08, "switching": 4.8641934704e-08, "total": 5.8645723488e-07}, "power": {"dynamic": 0.00021278480000000002, "internal": 0.000194727, "leakage": 4.9305e-06, "switching": 1.80578e-05, "total": 0.000217716}}}, "perf": 134684}