{
    "cgra_minus_noc": {
        "energy": {
            "dynamic": 2.74844798073486e-08,
            "internal": 1.82424013389e-08,
            "leakage": 1.1371918912379997e-10,
            "switching": 9.242078468448601e-09,
            "total": 2.75981989964724e-08
        }
    },
    "count": 148,
    "noc": {
        "energy": {
            "dynamic": 2.0641939327620003e-10,
            "internal": 5.276288681100001e-09,
            "leakage": 2.0641939327620003e-10,
            "switching": 5.075468175551399e-09,
            "total": 1.0558176249927599e-08
        }
    },
    "perf": 9729,
    "physical": {
        "/flow_top": {
            "energy": {
                "dynamic": 6.7003408962e-08,
                "internal": 5.0318193419999996e-08,
                "leakage": 2.672478468e-09,
                "switching": 1.6685215542e-08,
                "total": 6.967598472e-08
            },
            "power": {
                "dynamic": 0.0003443489,
                "internal": 0.000258599,
                "leakage": 1.37346e-05,
                "switching": 8.57499e-05,
                "total": 0.000358084
            }
        },
        "/flow_top/ALIGNER": {
            "energy": {
                "dynamic": 1.0653663617999999e-10,
                "internal": 8.403851826e-11,
                "leakage": 4.296151278e-13,
                "switching": 2.2498117920000002e-11,
                "total": 1.0696626881999998e-10
            },
            "power": {
                "dynamic": 5.47521e-07,
                "internal": 4.31897e-07,
                "leakage": 2.20791e-09,
                "switching": 1.15624e-07,
                "total": 5.49729e-07
            }
        },
        "/flow_top/CGRA": {
            "energy": {
                "dynamic": 3.7836236664e-08,
                "internal": 2.351869002e-08,
                "leakage": 3.201385824e-10,
                "switching": 1.4317546644e-08,
                "total": 3.8156359679999995e-08
            },
            "power": {
                "dynamic": 0.00019445079999999998,
                "internal": 0.000120869,
                "leakage": 1.64528e-06,
                "switching": 7.35818e-05,
                "total": 0.000196096
            }
        },
        "/flow_top/CORE": {
            "energy": {
                "dynamic": 2.9831604624000003e-09,
                "internal": 2.665862748e-09,
                "leakage": 1.270179324e-10,
                "switching": 3.172977144e-10,
                "total": 3.1101861780000005e-09
            },
            "power": {
                "dynamic": 1.5331280000000002e-05,
                "internal": 1.37006e-05,
                "leakage": 6.5278e-07,
                "switching": 1.63068e-06,
                "total": 1.59841e-05
            }
        },
        "/flow_top/INSN_DATA_CONFLICT": {
            "energy": {
                "dynamic": 9.389594106e-13,
                "internal": 2.616925878e-13,
                "leakage": 8.8961976e-16,
                "switching": 6.772668228e-13,
                "total": 9.39850587e-13
            },
            "power": {
                "dynamic": 4.82557e-09,
                "internal": 1.34491e-09,
                "leakage": 4.572e-12,
                "switching": 3.48066e-09,
                "total": 4.83015e-09
            }
        },
        "/flow_top/MM": {
            "energy": {
                "dynamic": 2.6075821464e-08,
                "internal": 2.404892052e-08,
                "leakage": 2.22463314e-09,
                "switching": 2.026900944e-09,
                "total": 2.830049352e-08
            },
            "power": {
                "dynamic": 0.0001340108,
                "internal": 0.000123594,
                "leakage": 1.1433e-05,
                "switching": 1.04168e-05,
                "total": 0.000145444
            }
        }
    }
}
