{"physical": {"/scalar_top": {"energy": {"dynamic": 1.5915915728000002e-07, "internal": 1.1997862068000003e-07, "leakage": 4.309198436e-09, "switching": 3.9180536600000006e-08, "total": 1.6346846896e-07}, "power": {"dynamic": 0.000421636, "internal": 0.000317841, "leakage": 1.14157e-05, "switching": 0.000103795, "total": 0.000433052}}, "/scalar_top/I2C_DEVICE": {"energy": {"dynamic": 8.4392297648e-10, "internal": 6.984814424000001e-10, "leakage": 2.2848524668e-12, "switching": 1.4544153408e-10, "total": 8.462044656000001e-10}, "power": {"dynamic": 2.235676e-06, "internal": 1.85038e-06, "leakage": 6.05291e-09, "switching": 3.85296e-07, "total": 2.24172e-06}}, "/scalar_top/MEM": {"energy": {"dynamic": 8.918485922400001e-08, "internal": 8.468839296000001e-08, "leakage": 4.289456232e-09, "switching": 4.496466264e-09, "total": 9.347423996e-08}, "power": {"dynamic": 0.0002362638, "internal": 0.000224352, "leakage": 1.13634e-05, "switching": 1.19118e-05, "total": 0.000247627}}, "/scalar_top/MMIO": {"energy": {"dynamic": 6.562346357600001e-11, "internal": 3.267108274e-11, "leakage": 2.577093708e-14, "switching": 3.2952380836e-11, "total": 6.564905672e-11}, "power": {"dynamic": 1.7384620000000002e-07, "internal": 8.65505e-08, "leakage": 6.8271e-11, "switching": 8.72957e-08, "total": 1.73914e-07}}, "/scalar_top/SCALAR": {"energy": {"dynamic": 6.764015047600002e-08, "internal": 3.4405301356e-08, "leakage": 1.7111583628000002e-11, "switching": 3.323484912e-08, "total": 6.765725032000001e-08}, "power": {"dynamic": 0.00017918870000000001, "internal": 9.11447e-05, "leakage": 4.53311e-08, "switching": 8.8044e-05, "total": 0.000179234}}}, "perf": 18874}