{"main": {"read_latency": 0, "destiny": {"leakage_power": 0.0377025, "read_dynamic_energy": 0.040280500000000004, "read_latency": 1.29522, "write_latency": 10.3834, "write_dynamic_energy": 0.0667687}, "write_latency": 0, "line_size": 4, "type": "main_mem", "size": 64}, "icache": {"read_latency": 0, "destiny": {"leakage_power": 0.000295922, "hit_dynamic_energy": 0.00356465, "read_latency": 0.243833, "write_dynamic_energy": 0.00285388, "miss_dynamic_energy": 0.00356465}, "write_latency": 0, "invalid_latency": 1, "line_size": 4, "sets": 2, "type": "cache", "children": ["main"], "size": 128}, "power": {"avg": {"total": 752801.0264880682, "compute": 206724.131, "vrf": 45759.31239164929, "memory": {"total": 500317.5830964189, "parts": {"icache": {"read": 117982.47316511621, "write": 0.0, "leakage": 295.922}, "main": {"read": 74693.31383591054, "write": 5816.631716499175, "leakage": 37702.5}, "dcache": {"read": 241156.4210821069, "write": 22296.521296786035, "leakage": 373.79999999999995}}}}, "dynamic": 205961.87, "leakage": 762.261}, "energy": {"total": 241.95777792353, "compute": 66.44320294471, "vrf": 14.7075005958, "memory": {"total": 160.80707438302, "parts": {"main": {"read": 24.007178000000003, "write": 1.8695236, "leakage": 12.117960525}, "icache": {"read": 37.9207467, "write": 0.0, "leakage": 0.09511229002}, "dcache": {"read": 77.51008529999999, "write": 7.166324909999999, "leakage": 0.12014305799999998}}}}, "frequency": 100000000.0, "dcache": {"read_latency": 0, "destiny": {"leakage_power": 0.0003738, "hit_dynamic_energy": 0.00790113, "read_latency": 0.304819, "write_dynamic_energy": 0.00609866, "miss_dynamic_energy": 0.00790113}, "write_latency": 0, "invalid_latency": 1, "line_size": 4, "sets": 8, "type": "cache", "children": ["main"], "size": 256}, "vrf": {"destiny": {"leakage_power": 0.00116638, "read_dynamic_energy": 0.00356587, "read_latency": 0.0528274, "write_dynamic_energy": 0.0033877399999999998}}, "cycles": 32141}