{"physical": {"/scalar_top": {"energy": {"dynamic": 1.10096690544e-07, "internal": 9.32125893e-08, "leakage": 3.273153542e-09, "switching": 1.6884101244e-08, "total": 1.1336976236e-07}, "power": {"dynamic": 0.0004041432, "internal": 0.000342165, "leakage": 1.20151e-05, "switching": 6.19782e-05, "total": 0.000416158}}, "/scalar_top/ALIGNER": {"energy": {"dynamic": 4.477481499e-09, "internal": 2.6557817170000003e-09, "leakage": 5.178813167999999e-13, "switching": 1.821699782e-09, "total": 4.477985476e-09}, "power": {"dynamic": 1.643595e-05, "internal": 9.74885e-06, "leakage": 1.90104e-09, "switching": 6.6871e-06, "total": 1.64378e-05}}, "/scalar_top/CORE": {"energy": {"dynamic": 5.2023693254e-08, "internal": 4.1034624600000006e-08, "leakage": 1.7575530446e-10, "switching": 1.0989068654e-08, "total": 5.219948588e-08}, "power": {"dynamic": 0.00019096870000000001, "internal": 0.00015063, "leakage": 6.45163e-07, "switching": 4.03387e-05, "total": 0.000191614}}, "/scalar_top/INSN_DATA_CONFLICT": {"energy": {"dynamic": 7.5239489106e-11, "internal": 2.0157254785999997e-11, "leakage": 1.7410362199999999e-15, "switching": 5.508223432e-11, "total": 7.524131432e-11}, "power": {"dynamic": 2.761893e-07, "internal": 7.39933e-08, "leakage": 6.391e-12, "switching": 2.02196e-07, "total": 2.76196e-07}}, "/scalar_top/MM": {"energy": {"dynamic": 5.1897728970200007e-08, "internal": 4.945049566e-08, "leakage": 3.09687056e-09, "switching": 2.4472333102e-09, "total": 5.499451508e-08}, "power": {"dynamic": 0.00019050631000000002, "internal": 0.000181523, "leakage": 1.1368e-05, "switching": 8.98331e-06, "total": 0.000201874}}}, "perf": 13621, "count": 10761}