{"main": {"read_latency": 1, "destiny": {"leakage_power": 0.0377025, "read_dynamic_energy": 0.040280500000000004, "read_latency": 1.29522, "write_latency": 10.3834, "write_dynamic_energy": 0.0667687}, "write_latency": 1, "line_size": 4, "type": "main_mem", "size": 64}, "icache": {"line_size": 4, "destiny": {"leakage_power": 0.000295922, "hit_dynamic_energy": 0.00356465, "read_latency": 0.243833, "write_dynamic_energy": 0.00285388, "miss_dynamic_energy": 0.00356465}, "write_latency": 0, "invalid_latency": 0, "read_latency": 0, "sets": 2, "type": "cache", "children": ["main"], "size": 128}, "power": {"avg": {"total": 1125603.079644788, "compute": 248722.807, "vrf": 482126.99679769913, "memory": {"total": 394753.27584708895, "parts": {"main": {"read": 85473.9693219356, "write": 18590.861854925268, "leakage": 37702.5}, "icache": {"read": 65474.51768886357, "write": 0.0, "leakage": 295.92199999999997}, "dcache": {"read": 154235.2347636101, "write": 32606.470217754508, "leakage": 373.79999999999995}}}}, "dynamic": 248032.709, "leakage": 690.098}, "energy": {"total": 16202.662370408849, "compute": 3580.27775378255, "vrf": 6940.049374454, "memory": {"total": 5682.335242172299, "parts": {"icache": {"read": 942.48276605, "write": 0.0, "leakage": 4.2596936173}, "main": {"read": 1230.3678725000002, "write": 267.6089496, "leakage": 542.714291625}, "dcache": {"read": 2220.16222209, "write": 469.35872651999995, "leakage": 5.380720169999999}}}}, "frequency": 100000000.0, "dcache": {"line_size": 4, "destiny": {"leakage_power": 0.0003738, "hit_dynamic_energy": 0.00790113, "read_latency": 0.304819, "write_dynamic_energy": 0.00609866, "miss_dynamic_energy": 0.00790113}, "write_latency": 0, "invalid_latency": 0, "read_latency": 0, "sets": 8, "type": "cache", "children": ["main"], "size": 256}, "vrf": {"destiny": {"leakage_power": 0.00233276, "read_dynamic_energy": 0.00473775, "read_latency": 0.0549339, "write_dynamic_energy": 0.00455963}}, "cycles": 1439465}