{"physical": {"/base_design_top": {"energy": {"dynamic": 1.328897560172e-05, "internal": 1.1996919583999998e-05, "leakage": 4.0616289635999996e-07, "switching": 1.29205601772e-06, "total": 1.3695158370399999e-05}, "power": {"dynamic": 0.0005349743, "internal": 0.00048296, "leakage": 1.63509e-05, "switching": 5.20143e-05, "total": 0.000551326}}, "/base_design_top/ARBITER": {"energy": {"dynamic": 1.4346498498799997e-07, "internal": 4.5842212988e-08, "leakage": 2.1732393992399998e-11, "switching": 9.762277199999998e-08, "total": 1.4348684454e-07}, "power": {"dynamic": 5.77547e-06, "internal": 1.84547e-06, "leakage": 8.74881e-10, "switching": 3.93e-06, "total": 5.77635e-06}}, "/base_design_top/I2C_DEVICE": {"energy": {"dynamic": 2.229284061316e-08, "internal": 2.20094886544e-08, "leakage": 1.49723772172e-10, "switching": 2.8335195876e-10, "total": 2.2442556188e-08}, "power": {"dynamic": 8.974429000000001e-07, "internal": 8.86036e-07, "leakage": 6.02743e-09, "switching": 1.14069e-08, "total": 9.0347e-07}}, "/base_design_top/MEM": {"energy": {"dynamic": 4.2515857380359996e-06, "internal": 4.0927539848e-06, "leakage": 2.8237076296e-07, "switching": 1.5883175323599998e-07, "total": 4.5339691696e-06}, "power": {"dynamic": 0.00017115609, "internal": 0.000164762, "leakage": 1.13674e-05, "switching": 6.39409e-06, "total": 0.000182524}}, "/base_design_top/MMIO": {"energy": {"dynamic": 2.37190546632e-10, "internal": 1.12514094992e-10, "leakage": 2.1599224608e-12, "switching": 1.2467645163999998e-10, "total": 2.3935041941199997e-10}, "power": {"dynamic": 9.54858e-09, "internal": 4.52948e-09, "leakage": 8.6952e-11, "switching": 5.0191e-09, "total": 9.63553e-09}}, "/base_design_top/SCALAR": {"energy": {"dynamic": 4.23069024196e-07, "internal": 2.38527208556e-07, "leakage": 1.12833045728e-09, "switching": 1.8454181564e-07, "total": 4.2419702675999995e-07}, "power": {"dynamic": 1.703149e-05, "internal": 9.60239e-06, "leakage": 4.54232e-08, "switching": 7.4291e-06, "total": 1.70769e-05}}, "/base_design_top/VCU": {"energy": {"dynamic": 8.36517609876e-06, "internal": 7.596169479599999e-06, "leakage": 1.22484534744e-07, "switching": 7.690066191599999e-07, "total": 8.4876665952e-06}, "power": {"dynamic": 0.0003367569, "internal": 0.000305799, "leakage": 4.93086e-06, "switching": 3.09579e-05, "total": 0.000341688}}}, "perf": 1242020}