{"physical": {"/panic_top": {"energy": {"dynamic": 5.853385776e-07, "internal": 4.062833712e-07, "leakage": 1.507778496e-08, "switching": 1.790552064e-07, "total": 6.004167791999999e-07}, "power": {"dynamic": 0.000561961, "internal": 0.000390057, "leakage": 1.44756e-05, "switching": 0.000171904, "total": 0.000576437}}, "/panic_top/I2C_DEVICE": {"energy": {"dynamic": 1.7832306575999999e-09, "internal": 1.585877664e-09, "leakage": 7.061287631999999e-12, "switching": 1.973529936e-10, "total": 1.7902916639999997e-09}, "power": {"dynamic": 1.712011e-06, "internal": 1.52254e-06, "leakage": 6.77927e-09, "switching": 1.89471e-07, "total": 1.71879e-06}}, "/panic_top/MEM": {"energy": {"dynamic": 2.7184051776e-07, "internal": 2.375795856e-07, "leakage": 1.188538512e-08, "switching": 3.4260932159999994e-08, "total": 2.8372663199999997e-07}, "power": {"dynamic": 0.0002609836, "internal": 0.000228091, "leakage": 1.14107e-05, "switching": 3.28926e-05, "total": 0.000272395}}, "/panic_top/MMIO": {"energy": {"dynamic": 1.3347926928000002e-10, "internal": 6.791669472e-11, "leakage": 6.878830559999999e-14, "switching": 6.556257456e-11, "total": 1.335477024e-10}, "power": {"dynamic": 1.2814830000000002e-07, "internal": 6.52042e-08, "leakage": 6.6041e-11, "switching": 6.29441e-08, "total": 1.28214e-07}}, "/panic_top/SCALAR": {"energy": {"dynamic": 1.7642120832e-07, "internal": 9.397825584e-08, "leakage": 5.04525e-11, "switching": 8.244295247999998e-08, "total": 1.7647203839999998e-07}, "power": {"dynamic": 0.0001693752, "internal": 9.02249e-05, "leakage": 4.84375e-08, "switching": 7.91503e-05, "total": 0.000169424}}, "/panic_top/VCU": {"energy": {"dynamic": 1.0240261248e-07, "internal": 7.291918704e-08, "leakage": 3.134611872e-09, "switching": 2.948342544e-08, "total": 1.055369952e-07}, "power": {"dynamic": 9.83128e-05, "internal": 7.00069e-05, "leakage": 3.00942e-06, "switching": 2.83059e-05, "total": 0.000101322}}}, "perf": 52080}