{"physical": {"/panic_top": {"energy": {"dynamic": 4.790272432439999e-06, "internal": 3.6368285744999995e-06, "leakage": 1.27541953968e-07, "switching": 1.15344385794e-06, "total": 4.9178178192e-06}, "power": {"dynamic": 0.000558178, "internal": 0.000423775, "leakage": 1.48616e-05, "switching": 0.000134403, "total": 0.00057304}}, "/panic_top/I2C_DEVICE": {"energy": {"dynamic": 9.075583736273998e-09, "internal": 8.6119311102e-09, "leakage": 5.83273412502e-11, "switching": 4.63652626074e-10, "total": 9.133887133799999e-09}, "power": {"dynamic": 1.0575162999999999e-06, "internal": 1.00349e-06, "leakage": 6.79649e-09, "switching": 5.40263e-08, "total": 1.06431e-06}}, "/panic_top/MEM": {"energy": {"dynamic": 2.2396564845599998e-06, "internal": 2.01675671802e-06, "leakage": 9.7899795048e-08, "switching": 2.2289976653999998e-07, "total": 2.33755113042e-06}, "power": {"dynamic": 0.000260972, "internal": 0.000234999, "leakage": 1.14076e-05, "switching": 2.5973e-05, "total": 0.000272379}}, "/panic_top/MMIO": {"energy": {"dynamic": 2.72591147136e-10, "internal": 1.34053102194e-10, "leakage": 7.4737031028e-13, "switching": 1.3853804494199998e-10, "total": 2.7333863759399997e-10}, "power": {"dynamic": 3.17632e-08, "internal": 1.56203e-08, "leakage": 8.7086e-11, "switching": 1.61429e-08, "total": 3.18503e-08}}, "/panic_top/SCALAR": {"energy": {"dynamic": 4.20844851636e-07, "internal": 2.2111814749199997e-07, "leakage": 4.19063232588e-10, "switching": 1.9972670414399998e-07, "total": 4.21264510458e-07}, "power": {"dynamic": 4.90382e-05, "internal": 2.57654e-05, "leakage": 4.88306e-08, "switching": 2.32728e-05, "total": 4.90871e-05}}, "/panic_top/VCU": {"energy": {"dynamic": 2.1198863716799998e-06, "internal": 1.3899632267399998e-06, "leakage": 2.91616538598e-08, "switching": 7.2992314494e-07, "total": 2.14904793972e-06}, "power": {"dynamic": 0.00024701599999999997, "internal": 0.000161963, "leakage": 3.39801e-06, "switching": 8.5053e-05, "total": 0.000250414}}}, "perf": 429099}