{"physical": {"/manic_top": {"energy": {"dynamic": 1.647519557922e-06, "internal": 1.25939072106e-06, "leakage": 7.2293945542e-08, "switching": 3.88128836862e-07, "total": 1.71981246566e-06}, "power": {"dynamic": 0.0003175011, "internal": 0.000242703, "leakage": 1.39321e-05, "switching": 7.47981e-05, "total": 0.000331433}}, "/manic_top/ARBITER": {"energy": {"dynamic": 7.3527479376400006e-09, "internal": 2.82027388216e-09, "leakage": 4.07796260466e-12, "switching": 4.53247405548e-09, "total": 7.3568368854e-09}, "power": {"dynamic": 1.416982e-06, "internal": 5.43508e-07, "leakage": 7.85883e-10, "switching": 8.73474e-07, "total": 1.41777e-06}}, "/manic_top/I2C_DEVICE": {"energy": {"dynamic": 5.729720554117999e-09, "internal": 5.3727631982e-09, "leakage": 3.18542521956e-11, "switching": 3.56957355918e-10, "total": 5.7615764668e-09}, "power": {"dynamic": 1.1042008999999998e-06, "internal": 1.03541e-06, "leakage": 6.13878e-09, "switching": 6.87909e-08, "total": 1.11034e-06}}, "/manic_top/MEM": {"energy": {"dynamic": 6.822545808786e-07, "internal": 6.520678202600001e-07, "leakage": 5.8984628144e-08, "switching": 3.01867606186e-08, "total": 7.4123593994e-07}, "power": {"dynamic": 0.00013148043, "internal": 0.000125663, "leakage": 1.13672e-05, "switching": 5.81743e-06, "total": 0.000142847}}, "/manic_top/MMIO": {"energy": {"dynamic": 3.95498801968e-10, "internal": 1.9715110697799998e-10, "leakage": 3.9669020096e-13, "switching": 1.9834769499e-10, "total": 3.9589524309599997e-10}, "power": {"dynamic": 7.62184e-08, "internal": 3.79939e-08, "leakage": 7.6448e-11, "switching": 3.82245e-08, "total": 7.62948e-08}}, "/manic_top/SCALAR": {"energy": {"dynamic": 4.4380494585400004e-07, "internal": 2.3532465151e-07, "leakage": 2.34982695092e-10, "switching": 2.08480294344e-07, "total": 4.4404000846e-07}, "power": {"dynamic": 8.55277e-05, "internal": 4.53505e-05, "leakage": 4.52846e-08, "switching": 4.01772e-05, "total": 8.5573e-05}}, "/manic_top/VCU": {"energy": {"dynamic": 4.74103633634e-07, "internal": 3.627384431e-07, "leakage": 1.30368419578e-08, "switching": 1.11365190534e-07, "total": 4.87140527482e-07}, "power": {"dynamic": 9.13667e-05, "internal": 6.9905e-05, "leakage": 2.51239e-06, "switching": 2.14617e-05, "total": 9.38791e-05}}}, "perf": 259451}