{"physical": {"/scalar_top": {"energy": {"dynamic": 3.3722236416e-08, "internal": 2.559636024e-08, "leakage": 1.074874064e-09, "switching": 8.125876176e-09, "total": 3.4797110480000005e-08}, "power": {"dynamic": 0.0003581376, "internal": 0.000271839, "leakage": 1.14154e-05, "switching": 8.62986e-05, "total": 0.000369553}}, "/scalar_top/I2C_DEVICE": {"energy": {"dynamic": 4.0588054056000006e-10, "internal": 3.1909694080000006e-10, "leakage": 5.722244440000001e-13, "switching": 8.678359976e-11, "total": 4.064529392e-10}, "power": {"dynamic": 4.310541e-06, "internal": 3.38888e-06, "leakage": 6.07715e-09, "switching": 9.21661e-07, "total": 4.31662e-06}}, "/scalar_top/MEM": {"energy": {"dynamic": 1.9081542832e-08, "internal": 1.812514088e-08, "leakage": 1.0699777440000001e-09, "switching": 9.56401952e-10, "total": 2.0151464080000004e-08}, "power": {"dynamic": 0.00020265019999999998, "internal": 0.000192493, "leakage": 1.13634e-05, "switching": 1.01572e-05, "total": 0.000214013}}, "/scalar_top/MMIO": {"energy": {"dynamic": 1.3283452512e-11, "internal": 6.584458144e-12, "leakage": 6.6750024e-15, "switching": 6.698994368e-12, "total": 1.3290119040000001e-11}, "power": {"dynamic": 1.410732e-07, "internal": 6.99284e-08, "leakage": 7.089e-11, "switching": 7.11448e-08, "total": 1.41144e-07}}, "/scalar_top/SCALAR": {"energy": {"dynamic": 1.3880342168000001e-08, "internal": 7.11341136e-09, "leakage": 4.239779984e-12, "switching": 6.766930808e-09, "total": 1.3884551120000002e-08}, "power": {"dynamic": 0.0001474123, "internal": 7.5546e-05, "leakage": 4.50274e-08, "switching": 7.18663e-05, "total": 0.000147457}}}, "perf": 4708}