{"main": {"read_latency": 0, "destiny": {"leakage_power": 0.0377025, "read_dynamic_energy": 0.040280500000000004, "read_latency": 1.29522, "write_latency": 10.3834, "write_dynamic_energy": 0.0667687}, "write_latency": 0, "line_size": 4, "type": "main_mem", "size": 64}, "icache": {"line_size": 4, "destiny": {"leakage_power": 0.000295922, "hit_dynamic_energy": 0.00356465, "read_latency": 0.243833, "write_dynamic_energy": 0.00285388, "miss_dynamic_energy": 0.00356465}, "write_latency": 0, "invalid_latency": 1, "read_latency": 0, "sets": 2, "type": "cache", "children": ["main"], "size": 128}, "power": {"avg": {"total": 745998.6957906435, "compute": 207767.84900000002, "vrf": 27314.368203758673, "memory": {"total": 510916.4785868848, "parts": {"main": {"read": 83396.27601448519, "write": 14956.733983138834, "leakage": 37702.5}, "icache": {"read": 123633.21821289005, "write": 0.0, "leakage": 295.922}, "dcache": {"read": 218912.0763795732, "write": 31645.951996797503, "leakage": 373.8}}}}, "dynamic": 207007.693, "leakage": 760.156}, "energy": {"total": 16138.2942258564, "compute": 4494.67096491586, "vrf": 590.8955513634598, "memory": {"total": 11052.72770957708, "parts": {"icache": {"read": 2674.57471825, "write": 0.0, "leakage": 6.4017220550800005}, "main": {"read": 1804.1233145, "write": 323.5611202, "leakage": 815.62346085}, "dcache": {"read": 4735.75559601, "write": 684.6013099799999, "leakage": 8.086467732}}}}, "frequency": 100000000.0, "dcache": {"line_size": 4, "destiny": {"leakage_power": 0.0003738, "hit_dynamic_energy": 0.00790113, "read_latency": 0.304819, "write_dynamic_energy": 0.00609866, "miss_dynamic_energy": 0.00790113}, "write_latency": 0, "invalid_latency": 1, "read_latency": 0, "sets": 8, "type": "cache", "children": ["main"], "size": 256}, "vrf": {"destiny": {"leakage_power": 0.000583189, "read_dynamic_energy": 0.00224385, "read_latency": 0.051956800000000004, "write_dynamic_energy": 0.0020657199999999996}}, "cycles": 2163314}