{"physical": {"/scalar_top": {"energy": {"dynamic": 3.4808125739399995e-07, "internal": 2.6921101878e-07, "leakage": 9.836193564e-09, "switching": 7.8870238614e-08, "total": 3.5791719246e-07}, "power": {"dynamic": 0.0004039659, "internal": 0.000312433, "leakage": 1.14154e-05, "switching": 9.15329e-05, "total": 0.000415381}}, "/scalar_top/I2C_DEVICE": {"energy": {"dynamic": 1.4357659631399998e-09, "internal": 1.2371197283999998e-09, "leakage": 5.210673435e-12, "switching": 1.9864623474e-10, "total": 1.4409712512e-09}, "power": {"dynamic": 1.6662789999999999e-06, "internal": 1.43574e-06, "leakage": 6.04725e-09, "switching": 2.30539e-07, "total": 1.67232e-06}}, "/scalar_top/MEM": {"energy": {"dynamic": 2.05382778786e-07, "internal": 1.95682986e-07, "leakage": 9.791387244e-09, "switching": 9.699792785999999e-09, "total": 2.1517373519999997e-07}, "power": {"dynamic": 0.0002383571, "internal": 0.0002271, "leakage": 1.13634e-05, "switching": 1.12571e-05, "total": 0.00024972}}, "/scalar_top/MMIO": {"energy": {"dynamic": 1.26213974982e-10, "internal": 6.2181952398e-11, "leakage": 6.041787588e-14, "switching": 6.403202258400001e-11, "total": 1.2627454968e-10}, "power": {"dynamic": 1.464777e-07, "internal": 7.21653e-08, "leakage": 7.0118e-11, "switching": 7.43124e-08, "total": 1.46548e-07}}, "/scalar_top/SCALAR": {"energy": {"dynamic": 1.37976237144e-07, "internal": 7.1920692216e-08, "leakage": 3.8829070746e-11, "switching": 6.6055544928e-08, "total": 1.3801552884e-07}, "power": {"dynamic": 0.0001601284, "internal": 8.34676e-05, "leakage": 4.50631e-08, "switching": 7.66608e-05, "total": 0.000160174}}}, "perf": 43083}