{"physical": {"/vector_top": {"energy": {"dynamic": 1.84696388488e-07, "internal": 1.654521121e-07, "leakage": 7.436518622e-09, "switching": 1.9244276387999997e-08, "total": 1.9213268782000002e-07}, "power": {"dynamic": 0.0004211236, "internal": 0.000377245, "leakage": 1.69559e-05, "switching": 4.38786e-05, "total": 0.000438079}}, "/vector_top/ALIGNER": {"energy": {"dynamic": 1.415538879e-09, "internal": 8.780064593999999e-10, "leakage": 8.118685954e-13, "switching": 5.375324196e-10, "total": 1.416350252e-09}, "power": {"dynamic": 3.22755e-06, "internal": 2.00193e-06, "leakage": 1.85113e-09, "switching": 1.22562e-06, "total": 3.2294e-06}}, "/vector_top/CORE": {"energy": {"dynamic": 2.0541749530999997e-08, "internal": 1.6662794508e-08, "leakage": 2.8487920042e-10, "switching": 3.878955022999999e-09, "total": 2.0826629169999998e-08}, "power": {"dynamic": 4.6836949999999995e-05, "internal": 3.79926e-05, "leakage": 6.49549e-07, "switching": 8.84435e-06, "total": 4.74865e-05}}, "/vector_top/INSN_DATA_CONFLICT": {"energy": {"dynamic": 2.1520945168e-11, "internal": 6.275290356e-12, "leakage": 2.1358846e-15, "switching": 1.5245654811999998e-11, "total": 2.1523050352000002e-11}, "power": {"dynamic": 4.90696e-08, "internal": 1.43082e-08, "leakage": 4.87e-12, "switching": 3.47614e-08, "total": 4.90744e-08}}, "/vector_top/MM": {"energy": {"dynamic": 4.904551108260001e-08, "internal": 4.679122304e-08, "leakage": 4.9881019139999996e-09, "switching": 2.2542880426e-09, "total": 5.403349458e-08}, "power": {"dynamic": 0.00011182797000000001, "internal": 0.000106688, "leakage": 1.13733e-05, "switching": 5.13997e-06, "total": 0.000123201}}, "/vector_top/VECTOR": {"energy": {"dynamic": 1.10909119134e-07, "internal": 1.0110014586e-07, "leakage": 2.1627344676e-09, "switching": 9.808973274e-09, "total": 1.1307206412e-07}, "power": {"dynamic": 0.0002528823, "internal": 0.000230517, "leakage": 4.93122e-06, "switching": 2.23653e-05, "total": 0.000257814}}}, "perf": 21929, "count": 3655}