{"main": {"read_latency": 1, "destiny": {"leakage_power": 0.0377025, "read_dynamic_energy": 0.040280500000000004, "read_latency": 1.29522, "write_latency": 10.3834, "write_dynamic_energy": 0.0667687}, "write_latency": 1, "line_size": 4, "type": "main_mem", "size": 64}, "icache": {"line_size": 4, "destiny": {"leakage_power": 0.000295922, "hit_dynamic_energy": 0.00356465, "read_latency": 0.243833, "write_dynamic_energy": 0.00285388, "miss_dynamic_energy": 0.00356465}, "write_latency": 0, "invalid_latency": 0, "read_latency": 0, "sets": 2, "type": "cache", "children": ["main"], "size": 128}, "power": {"avg": {"total": 701789.0511564641, "compute": 176141.03300000002, "vrf": 2332.76, "memory": {"total": 523315.25815646414, "parts": {"icache": {"read": 66150.94601230431, "write": 0.0, "leakage": 295.922}, "main": {"read": 4502.432992792007, "write": 1516.2710429766298, "leakage": 37702.5}, "dcache": {"read": 242557.98920275577, "write": 170215.39690563543, "leakage": 373.79999999999995}}}}, "dynamic": 175248.075, "leakage": 892.958}, "energy": {"total": 4759.0841999504, "compute": 1194.4757555448803, "vrf": 15.819285353600002, "memory": {"total": 3548.78915905192, "parts": {"main": {"read": 30.532619000000004, "write": 10.2823798, "leakage": 255.6742254}, "icache": {"read": 448.59337925, "write": 0.0, "leakage": 2.0067536139200004}, "dcache": {"read": 1644.87304566, "write": 1154.29188396, "leakage": 2.534872368}}}}, "frequency": 100000000.0, "dcache": {"line_size": 4, "destiny": {"leakage_power": 0.0003738, "hit_dynamic_energy": 0.00790113, "read_latency": 0.304819, "write_dynamic_energy": 0.00609866, "miss_dynamic_energy": 0.00790113}, "write_latency": 0, "invalid_latency": 0, "read_latency": 0, "sets": 8, "type": "cache", "children": ["main"], "size": 256}, "vrf": {"destiny": {"leakage_power": 0.00233276, "read_dynamic_energy": 0.00473775, "read_latency": 0.0549339, "write_dynamic_energy": 0.00455963}}, "cycles": 678136}