{"main": {"read_latency": 1, "destiny": {"leakage_power": 0.0377025, "read_dynamic_energy": 0.040280500000000004, "read_latency": 1.29522, "write_latency": 10.3834, "write_dynamic_energy": 0.0667687}, "write_latency": 1, "line_size": 4, "type": "main_mem", "size": 64}, "icache": {"line_size": 4, "destiny": {"leakage_power": 0.000295922, "hit_dynamic_energy": 0.00356465, "read_latency": 0.243833, "write_dynamic_energy": 0.00285388, "miss_dynamic_energy": 0.00356465}, "write_latency": 0, "invalid_latency": 0, "read_latency": 0, "sets": 2, "type": "cache", "children": ["main"], "size": 128}, "power": {"avg": {"total": 746021.8900631638, "compute": 233804.54599999997, "vrf": 1166.38, "memory": {"total": 511050.96406316385, "parts": {"icache": {"read": 209856.1766352776, "write": 0.0, "leakage": 295.922}, "main": {"read": 18637.40326846771, "write": 830.8161018246475, "leakage": 37702.5}, "dcache": {"read": 152390.68457968597, "write": 90963.66147790798, "leakage": 373.79999999999995}}}}, "dynamic": 233043.736, "leakage": 760.81}, "energy": {"total": 9113.03785828548, "compute": 2856.04176970846, "vrf": 14.247926553800001, "memory": {"total": 6242.748162023219, "parts": {"main": {"read": 227.665386, "write": 10.1488424, "leakage": 460.555265775}, "icache": {"read": 2563.50022425, "write": 0.0, "leakage": 3.61483815022}, "dcache": {"read": 1861.5299313899998, "write": 1111.1675164199999, "leakage": 4.566157638}}}}, "frequency": 100000000.0, "dcache": {"line_size": 4, "destiny": {"leakage_power": 0.0003738, "hit_dynamic_energy": 0.00790113, "read_latency": 0.304819, "write_dynamic_energy": 0.00609866, "miss_dynamic_energy": 0.00790113}, "write_latency": 0, "invalid_latency": 0, "read_latency": 0, "sets": 8, "type": "cache", "children": ["main"], "size": 256}, "vrf": {"destiny": {"leakage_power": 0.00116638, "read_dynamic_energy": 0.00356587, "read_latency": 0.0528274, "write_dynamic_energy": 0.0033877399999999998}}, "cycles": 1221551}