{"physical": {"/scalar_top": {"energy": {"dynamic": 4.720755452894e-06, "internal": 3.6322411588399993e-06, "leakage": 1.2554598726199998e-07, "switching": 1.088514294054e-06, "total": 4.84630583922e-06}, "power": {"dynamic": 0.0004292509, "internal": 0.000330274, "leakage": 1.14157e-05, "switching": 9.89769e-05, "total": 0.000440667}}, "/scalar_top/I2C_DEVICE": {"energy": {"dynamic": 1.40861878461e-08, "internal": 1.23537814546e-08, "leakage": 6.64156385762e-11, "switching": 1.7324063914999999e-09, "total": 1.4152558724199999e-08}, "power": {"dynamic": 1.280835e-06, "internal": 1.12331e-06, "leakage": 6.03907e-09, "switching": 1.57525e-07, "total": 1.28687e-06}}, "/scalar_top/MEM": {"energy": {"dynamic": 2.72562156259e-06, "internal": 2.5986920697e-06, "leakage": 1.24970809644e-07, "switching": 1.2692949288999999e-07, "total": 2.850593472e-06}, "power": {"dynamic": 0.0002478365, "internal": 0.000236295, "leakage": 1.13634e-05, "switching": 1.15415e-05, "total": 0.0002592}}, "/scalar_top/MMIO": {"energy": {"dynamic": 2.21221230198e-09, "internal": 1.10474793998e-09, "leakage": 7.0546689602e-13, "switching": 1.1074643619999999e-09, "total": 2.21291615222e-09}, "power": {"dynamic": 2.01153e-07, "internal": 1.00453e-07, "leakage": 6.4147e-11, "switching": 1.007e-07, "total": 2.01217e-07}}, "/scalar_top/SCALAR": {"energy": {"dynamic": 1.938482744112e-06, "internal": 1.016052911846e-06, "leakage": 4.992651700839999e-10, "switching": 9.22429832266e-07, "total": 1.93898643694e-06}, "power": {"dynamic": 0.0001762632, "internal": 9.23881e-05, "leakage": 4.53974e-08, "switching": 8.38751e-05, "total": 0.000176309}}}, "perf": 549883}