{"physical": {"/base_top": {"energy": {"dynamic": 1.724414894606e-06, "internal": 1.37819806962e-06, "leakage": 6.4731440258e-08, "switching": 3.46216824986e-07, "total": 1.78914791844e-06}, "power": {"dynamic": 0.00043557489999999997, "internal": 0.000348123, "leakage": 1.63507e-05, "switching": 8.74519e-05, "total": 0.000451926}}, "/base_top/ARBITER": {"energy": {"dynamic": 1.63790057468e-08, "internal": 5.2082231064e-09, "leakage": 3.489409716e-12, "switching": 1.11707826404e-08, "total": 1.6382489614000003e-08}, "power": {"dynamic": 4.13722e-06, "internal": 1.31556e-06, "leakage": 8.814e-10, "switching": 2.82166e-06, "total": 4.1381e-06}}, "/base_top/I2C_DEVICE": {"energy": {"dynamic": 4.897144645172e-09, "internal": 4.5441505108e-09, "leakage": 2.38627483864e-11, "switching": 3.5299413437200004e-10, "total": 4.9210415988e-09}, "power": {"dynamic": 1.2369837999999999e-06, "internal": 1.14782e-06, "leakage": 6.02756e-09, "switching": 8.91638e-08, "total": 1.24302e-06}}, "/base_top/MEM": {"energy": {"dynamic": 8.812838372294e-07, "internal": 8.4253765186e-07, "leakage": 4.500325045e-08, "switching": 3.8746185369400006e-08, "total": 9.2628506862e-07}, "power": {"dynamic": 0.00022260601, "internal": 0.000212819, "leakage": 1.13675e-05, "switching": 9.78701e-06, "total": 0.000233973}}, "/base_top/MMIO": {"energy": {"dynamic": 3.95555114736e-10, "internal": 1.9752180984400002e-10, "leakage": 2.9121566746e-13, "switching": 1.98033304892e-10, "total": 3.9584649272e-10}, "power": {"dynamic": 9.99144e-08, "internal": 4.98926e-08, "leakage": 7.3559e-11, "switching": 5.00218e-08, "total": 9.9988e-08}}, "/base_top/SCALAR": {"energy": {"dynamic": 4.46671760334e-07, "internal": 2.3746276371600002e-07, "leakage": 1.80644056836e-10, "switching": 2.0920899661800002e-07, "total": 4.4685347568e-07}, "power": {"dynamic": 0.0001128261, "internal": 5.99814e-05, "leakage": 4.56294e-08, "switching": 5.28447e-05, "total": 0.000112872}}, "/base_top/VCU": {"energy": {"dynamic": 3.60221179342e-07, "internal": 2.87395686254e-07, "leakage": 1.9519157776e-08, "switching": 7.282549308800001e-08, "total": 3.79740337118e-07}, "power": {"dynamic": 9.09893e-05, "internal": 7.25941e-05, "leakage": 4.9304e-06, "switching": 1.83952e-05, "total": 9.59197e-05}}}, "perf": 197947}