{"physical": {"/panic_top": {"energy": {"dynamic": 6.58651113e-09, "internal": 5.31675288e-09, "leakage": 2.7555631199999997e-10, "switching": 1.26975825e-09, "total": 6.862080419999999e-09}, "power": {"dynamic": 0.00035525950000000003, "internal": 0.000286772, "leakage": 1.48628e-05, "switching": 6.84875e-05, "total": 0.000370123}}, "/panic_top/I2C_DEVICE": {"energy": {"dynamic": 1.6056307439999998e-10, "internal": 1.234669446e-10, "leakage": 1.27662732e-13, "switching": 3.70961298e-11, "total": 1.60690815e-10}, "power": {"dynamic": 8.66036e-06, "internal": 6.65949e-06, "leakage": 6.8858e-09, "switching": 2.00087e-06, "total": 8.66725e-06}}, "/panic_top/MEM": {"energy": {"dynamic": 3.484214784e-09, "internal": 3.1317768e-09, "leakage": 2.1149505e-10, "switching": 3.5243798399999995e-10, "total": 3.69570798e-09}, "power": {"dynamic": 0.0001879296, "internal": 0.00016892, "leakage": 1.14075e-05, "switching": 1.90096e-05, "total": 0.000199337}}, "/panic_top/MMIO": {"energy": {"dynamic": 5.38891056e-13, "internal": 2.5916509799999996e-13, "leakage": 1.56010392e-15, "switching": 2.79725958e-13, "total": 5.404521239999999e-13}, "power": {"dynamic": 2.90664e-08, "internal": 1.39787e-08, "leakage": 8.4148e-11, "switching": 1.50877e-08, "total": 2.91506e-08}}, "/panic_top/SCALAR": {"energy": {"dynamic": 8.43636744e-10, "internal": 4.68655974e-10, "leakage": 9.064354319999999e-13, "switching": 3.7498077e-10, "total": 8.4454335e-10}, "power": {"dynamic": 4.55036e-05, "internal": 2.52781e-05, "leakage": 4.88908e-08, "switching": 2.02255e-05, "total": 4.55525e-05}}, "/panic_top/VCU": {"energy": {"dynamic": 2.0959525619999997e-09, "internal": 1.5918481079999998e-09, "leakage": 6.30219096e-11, "switching": 5.04104454e-10, "total": 2.1589829999999996e-09}, "power": {"dynamic": 0.00011305029999999999, "internal": 8.58602e-05, "leakage": 3.39924e-06, "switching": 2.71901e-05, "total": 0.00011645}}}, "perf": 927}