{"physical": {"/scalar_top": {"energy": {"dynamic": 6.09888025584e-07, "internal": 4.7536350456000005e-07, "leakage": 1.7530251984e-08, "switching": 1.3452452102400002e-07, "total": 6.2741797044e-07}, "power": {"dynamic": 0.00039715560000000004, "internal": 0.000309554, "leakage": 1.14156e-05, "switching": 8.76016e-05, "total": 0.000408571}}, "/scalar_top/I2C_DEVICE": {"energy": {"dynamic": 2.233281252e-09, "internal": 1.9225752108e-09, "leakage": 9.278444374799999e-12, "switching": 3.107060412e-10, "total": 2.2425565176e-09}, "power": {"dynamic": 1.4543e-06, "internal": 1.25197e-06, "leakage": 6.04207e-09, "switching": 2.0233e-07, "total": 1.46034e-06}}, "/scalar_top/MEM": {"energy": {"dynamic": 3.59967529632e-07, "internal": 3.4317561336e-07, "leakage": 1.7450091576e-08, "switching": 1.6791916272e-08, "total": 3.7741731408e-07}, "power": {"dynamic": 0.0002344088, "internal": 0.000223474, "leakage": 1.13634e-05, "switching": 1.09348e-05, "total": 0.000245772}}, "/scalar_top/MMIO": {"energy": {"dynamic": 2.70455534724e-10, "internal": 1.339692336e-10, "leakage": 1.031489388e-13, "switching": 1.36486301124e-10, "total": 2.7055826903999997e-10}, "power": {"dynamic": 1.761191e-07, "internal": 8.724e-08, "leakage": 6.717e-11, "switching": 8.88791e-08, "total": 1.76186e-07}}, "/scalar_top/SCALAR": {"energy": {"dynamic": 2.4180325647599997e-07, "internal": 1.29540601404e-07, "leakage": 6.9468207372e-11, "switching": 1.12262655072e-07, "total": 2.4187251383999997e-07}, "power": {"dynamic": 0.00015746089999999998, "internal": 8.43561e-05, "leakage": 4.52373e-08, "switching": 7.31048e-05, "total": 0.000157506}}}, "perf": 76782}