{
    "cgra_minus_noc": {
        "energy": {
            "dynamic": 3.128369085354034e-08,
            "internal": 1.9954625717420004e-08,
            "leakage": 1.190233098666e-10,
            "switching": 1.1329065136120358e-08,
            "total": 3.140271416340695e-08
        }
    },
    "noc": {
        "energy": {
            "dynamic": 3.1750591153339997e-10,
            "internal": 1.3460581602579997e-08,
            "leakage": 3.1750591153339997e-10,
            "switching": 2.116136246387964e-08,
            "total": 3.4939449977993056e-08
        }
    },
    "perf": 8923,
    "physical": {
        "/flow_top": {
            "energy": {
                "dynamic": 1.0170346169999999e-07,
                "internal": 6.695051822e-08,
                "leakage": 2.59382687e-09,
                "switching": 3.475294348e-08,
                "total": 1.0429719934e-07
            },
            "power": {
                "dynamic": 0.000569895,
                "internal": 0.000375157,
                "leakage": 1.45345e-05,
                "switching": 0.000194738,
                "total": 0.000584429
            }
        },
        "/flow_top/ALIGNER": {
            "energy": {
                "dynamic": 1.4485758814e-10,
                "internal": 1.0893359014e-10,
                "leakage": 3.82314858e-13,
                "switching": 3.5923998e-11,
                "total": 1.4523984946e-10
            },
            "power": {
                "dynamic": 8.11709e-07,
                "internal": 6.10409e-07,
                "leakage": 2.1423e-09,
                "switching": 2.013e-07,
                "total": 8.13851e-07
            }
        },
        "/flow_top/CGRA": {
            "energy": {
                "dynamic": 6.590563492e-08,
                "internal": 3.341520732e-08,
                "leakage": 4.3652922139999996e-10,
                "switching": 3.24904276e-08,
                "total": 6.634232654e-08
            },
            "power": {
                "dynamic": 0.000369302,
                "internal": 0.000187242,
                "leakage": 2.44609e-06,
                "switching": 0.00018206,
                "total": 0.000371749
            }
        },
        "/flow_top/CORE": {
            "energy": {
                "dynamic": 3.1805355352e-09,
                "internal": 2.838620452e-09,
                "leakage": 1.1610000836e-10,
                "switching": 3.4191508319999995e-10,
                "total": 3.296638042e-09
            },
            "power": {
                "dynamic": 1.782212e-05,
                "internal": 1.59062e-05,
                "leakage": 6.50566e-07,
                "switching": 1.91592e-06,
                "total": 1.84727e-05
            }
        },
        "/flow_top/INSN_DATA_CONFLICT": {
            "energy": {
                "dynamic": 1.3487988954000002e-12,
                "internal": 3.718107024e-13,
                "leakage": 8.1930986e-16,
                "switching": 9.76988193e-13,
                "total": 1.3496180267999999e-12
            },
            "power": {
                "dynamic": 7.55799e-09,
                "internal": 2.08344e-09,
                "leakage": 4.591e-12,
                "switching": 5.47455e-09,
                "total": 7.56258e-09
            }
        },
        "/flow_top/MM": {
            "energy": {
                "dynamic": 3.2469583472e-08,
                "internal": 3.058661632e-08,
                "leakage": 2.040583024e-09,
                "switching": 1.882967152e-09,
                "total": 3.451005942e-08
            },
            "power": {
                "dynamic": 0.0001819432,
                "internal": 0.000171392,
                "leakage": 1.14344e-05,
                "switching": 1.05512e-05,
                "total": 0.000193377
            }
        }
    }
}
