{"physical": {"/panic_top": {"energy": {"dynamic": 1.6921968024e-07, "internal": 1.1863794239999999e-07, "leakage": 5.5574552399999994e-09, "switching": 5.0581737839999994e-08, "total": 1.7477694336e-07}, "power": {"dynamic": 0.000440401, "internal": 0.00030876, "leakage": 1.44635e-05, "switching": 0.000131641, "total": 0.000454864}}, "/panic_top/I2C_DEVICE": {"energy": {"dynamic": 8.239957636800001e-10, "internal": 6.936799992000001e-10, "leakage": 2.6150567496e-12, "switching": 1.3031576448000002e-10, "total": 8.266116696000001e-10}, "power": {"dynamic": 2.1444820000000003e-06, "internal": 1.80533e-06, "leakage": 6.80579e-09, "switching": 3.39152e-07, "total": 2.15129e-06}}, "/panic_top/MEM": {"energy": {"dynamic": 8.244649207199999e-08, "internal": 7.175528304e-08, "leakage": 4.3844857919999996e-09, "switching": 1.0691209032e-08, "total": 8.683093944e-08}, "power": {"dynamic": 0.0002145703, "internal": 0.000186746, "leakage": 1.14108e-05, "switching": 2.78243e-05, "total": 0.000225981}}, "/panic_top/MMIO": {"energy": {"dynamic": 3.1026765216e-11, "internal": 1.4930682648e-11, "leakage": 3.195455112e-14, "switching": 1.6096082568e-11, "total": 3.105869556e-11}, "power": {"dynamic": 8.07484e-08, "internal": 3.88577e-08, "leakage": 8.3163e-11, "switching": 4.18907e-08, "total": 8.08315e-08}}, "/panic_top/SCALAR": {"energy": {"dynamic": 4.064413872e-08, "internal": 2.1935224152e-08, "leakage": 1.8309112848e-11, "switching": 1.8708914568e-08, "total": 4.066258224e-08}, "power": {"dynamic": 0.000105778, "internal": 5.70873e-05, "leakage": 4.76502e-08, "switching": 4.86907e-05, "total": 0.000105826}}, "/panic_top/VCU": {"energy": {"dynamic": 3.3210132168e-08, "internal": 2.4192288336e-08, "leakage": 1.1518977264e-09, "switching": 9.017843832e-09, "total": 3.4362045264e-08}, "power": {"dynamic": 8.643069999999999e-05, "internal": 6.29614e-05, "leakage": 2.99786e-06, "switching": 2.34693e-05, "total": 8.94286e-05}}}, "perf": 19212}