{"physical": {"/base_top": {"energy": {"dynamic": 9.942837139165999e-06, "internal": 8.774560194699999e-06, "leakage": 3.81347677828e-07, "switching": 1.168276944466e-06, "total": 1.0324191813599998e-05}, "power": {"dynamic": 0.0004263283, "internal": 0.000376235, "leakage": 1.63514e-05, "switching": 5.00933e-05, "total": 0.00044268}}, "/base_top/ARBITER": {"energy": {"dynamic": 7.066455449899999e-08, "internal": 2.3997192478999995e-08, "leakage": 2.049350209238e-11, "switching": 4.6667362019999996e-08, "total": 7.06848446564e-08}, "power": {"dynamic": 3.0299499999999997e-06, "internal": 1.02895e-06, "leakage": 8.78719e-10, "switching": 2.001e-06, "total": 3.03082e-06}}, "/base_top/I2C_DEVICE": {"energy": {"dynamic": 2.1861504151722e-08, "internal": 2.1175741143439998e-08, "leakage": 1.407497900212e-10, "switching": 6.857630082819999e-10, "total": 2.200225021022e-08}, "power": {"dynamic": 9.373761e-07, "internal": 9.07972e-07, "leakage": 6.03506e-09, "switching": 2.94041e-08, "total": 9.43411e-07}}, "/base_top/MEM": {"energy": {"dynamic": 4.2741125607222e-06, "internal": 4.1309127925e-06, "leakage": 2.6511306234999996e-07, "switching": 1.431997682222e-07, "total": 4.539234718659999e-06}, "power": {"dynamic": 0.00018326511, "internal": 0.000177125, "leakage": 1.13675e-05, "switching": 6.14011e-06, "total": 0.000194633}}, "/base_top/MMIO": {"energy": {"dynamic": 7.09287929856e-10, "internal": 3.42001097886e-10, "leakage": 2.04209939322e-12, "switching": 3.6728683197e-10, "total": 7.113309388079999e-10}, "power": {"dynamic": 3.04128e-08, "internal": 1.46643e-08, "leakage": 8.7561e-11, "switching": 1.57485e-08, "total": 3.05004e-08}}, "/base_top/SCALAR": {"energy": {"dynamic": 1.0181577661299998e-06, "internal": 5.45453071558e-07, "leakage": 1.073102113048e-09, "switching": 4.72704694572e-07, "total": 1.01923057905e-06}, "power": {"dynamic": 4.36565e-05, "internal": 2.33879e-05, "leakage": 4.60124e-08, "switching": 2.02686e-05, "total": 4.37025e-05}}, "/base_top/VCU": {"energy": {"dynamic": 4.474471801321999e-06, "internal": 4.048586061899999e-06, "leakage": 1.1499295113319999e-07, "switching": 4.25885739422e-07, "total": 4.58947034974e-06}, "power": {"dynamic": 0.0001918561, "internal": 0.000173595, "leakage": 4.93066e-06, "switching": 1.82611e-05, "total": 0.000196787}}}, "perf": 1166101}