{"physical": {"/base_top": {"energy": {"dynamic": 1.904252228162e-06, "internal": 1.54625980378e-06, "leakage": 7.7415029008e-08, "switching": 3.57992424382e-07, "total": 1.98166962466e-06}, "power": {"dynamic": 0.0004021669, "internal": 0.000326561, "leakage": 1.63496e-05, "switching": 7.56059e-05, "total": 0.000418517}}, "/base_top/ARBITER": {"energy": {"dynamic": 9.92069221616e-09, "internal": 3.50067488356e-09, "leakage": 4.1985777907e-12, "switching": 6.4200173326e-09, "total": 9.9248968784e-09}, "power": {"dynamic": 2.095192e-06, "internal": 7.39322e-07, "leakage": 8.86715e-10, "switching": 1.35587e-06, "total": 2.09608e-06}}, "/base_top/I2C_DEVICE": {"energy": {"dynamic": 5.14925050267e-09, "internal": 4.7537778706e-09, "leakage": 2.8596769660599998e-11, "switching": 3.9547263206999995e-10, "total": 5.1778426793999995e-09}, "power": {"dynamic": 1.0874915e-06, "internal": 1.00397e-06, "leakage": 6.03947e-09, "switching": 8.35215e-08, "total": 1.09353e-06}}, "/base_top/MEM": {"energy": {"dynamic": 1.050311843106e-06, "internal": 1.00254678536e-06, "leakage": 5.3824411652e-08, "switching": 4.7765057745999995e-08, "total": 1.10413578126e-06}, "power": {"dynamic": 0.00022181970000000002, "internal": 0.000211732, "leakage": 1.13674e-05, "switching": 1.00877e-05, "total": 0.000233187}}, "/base_top/MMIO": {"energy": {"dynamic": 2.8323324565599997e-10, "internal": 1.3887459591e-10, "leakage": 4.0252538477999994e-13, "switching": 1.44358649746e-10, "total": 2.8363571895599997e-10}, "power": {"dynamic": 5.98172e-08, "internal": 2.93295e-08, "leakage": 8.5011e-11, "switching": 3.04877e-08, "total": 5.99022e-08}}, "/base_top/SCALAR": {"energy": {"dynamic": 5.04101596234e-07, "internal": 2.6390174280999997e-07, "leakage": 2.1230466574999999e-10, "switching": 2.40199853424e-07, "total": 5.0431324984e-07}, "power": {"dynamic": 0.0001064633, "internal": 5.57345e-05, "leakage": 4.48375e-08, "switching": 5.07288e-05, "total": 0.000106508}}, "/base_top/VCU": {"energy": {"dynamic": 3.169015103452e-07, "internal": 2.70263661938e-07, "leakage": 2.3343830198399997e-08, "switching": 4.66378484072e-08, "total": 3.40245245844e-07}, "power": {"dynamic": 6.692774e-05, "internal": 5.70781e-05, "leakage": 4.93008e-06, "switching": 9.84964e-06, "total": 7.18578e-05}}}, "perf": 236749}