{"physical": {"/flow_top": {"energy": {"dynamic": 8.301522875400001e-07, "internal": 6.1719366776e-07, "leakage": 7.2008900344e-08, "switching": 2.1295861978000002e-07, "total": 9.021596142400001e-07}, "power": {"dynamic": 0.0001582605, "internal": 0.000117662, "leakage": 1.37278e-05, "switching": 4.05985e-05, "total": 0.000171988}}, "/flow_top/ALIGNER": {"energy": {"dynamic": 1.3949971139960001e-09, "internal": 1.3145959702e-09, "leakage": 1.21450172084e-11, "switching": 8.040114379600001e-11, "total": 1.4071419738400001e-09}, "power": {"dynamic": 2.659427e-07, "internal": 2.50615e-07, "leakage": 2.31533e-09, "switching": 1.53277e-08, "total": 2.68258e-07}}, "/flow_top/CGRA": {"energy": {"dynamic": 5.897068280120001e-07, "internal": 3.9028784120800004e-07, "leakage": 8.543890278800001e-09, "switching": 1.9941898680400002e-07, "total": 5.9825223948e-07}, "power": {"dynamic": 0.00011242190000000001, "internal": 7.44046e-05, "leakage": 1.62881e-06, "switching": 3.80173e-05, "total": 0.000114051}}, "/flow_top/CORE": {"energy": {"dynamic": 6.416128458944001e-08, "internal": 5.9026861892e-08, "leakage": 3.43518092432e-09, "switching": 5.13442269744e-09, "total": 6.7596402568e-08}, "power": {"dynamic": 1.2231728e-05, "internal": 1.12529e-05, "leakage": 6.54884e-07, "switching": 9.78828e-07, "total": 1.28866e-05}}, "/flow_top/INSN_DATA_CONFLICT": {"energy": {"dynamic": 5.9056761128e-13, "internal": 1.6325507404e-13, "leakage": 2.379874276e-14, "switching": 4.2731253724e-13, "total": 6.1436635404e-13}, "power": {"dynamic": 1.1258599999999999e-10, "internal": 3.1123e-11, "leakage": 4.537e-12, "switching": 8.1463e-11, "total": 1.17123e-10}}, "/flow_top/MM": {"energy": {"dynamic": 1.7488870940320002e-07, "internal": 1.6656444737200002e-07, "leakage": 6.0010389392e-08, "switching": 8.3242620312e-09, "total": 2.34899413524e-07}, "power": {"dynamic": 3.334084e-05, "internal": 3.17539e-05, "leakage": 1.14404e-05, "switching": 1.58694e-06, "total": 4.47813e-05}}}, "perf": 262274, "count": 87}