{"main": {"read_latency": 1, "destiny": {"leakage_power": 0.0377025, "read_dynamic_energy": 0.040280500000000004, "read_latency": 1.29522, "write_latency": 10.3834, "write_dynamic_energy": 0.0667687}, "write_latency": 1, "line_size": 4, "type": "main_mem", "size": 64}, "icache": {"line_size": 4, "destiny": {"leakage_power": 0.000295922, "hit_dynamic_energy": 0.00356465, "read_latency": 0.243833, "write_dynamic_energy": 0.00285388, "miss_dynamic_energy": 0.00356465}, "write_latency": 0, "invalid_latency": 0, "read_latency": 0, "sets": 2, "type": "cache", "children": ["main"], "size": 128}, "power": {"avg": {"total": 831481.175400491, "compute": 232404.66999999998, "vrf": 35848.587191147286, "memory": {"total": 563227.9182093437, "parts": {"icache": {"read": 130507.6023342639, "write": 0.0, "leakage": 295.922}, "main": {"read": 82509.2479230433, "write": 8533.889206552083, "leakage": 37702.49999999999}, "dcache": {"read": 279706.0080387474, "write": 23598.948706737072, "leakage": 373.79999999999995}}}}, "dynamic": 231642.892, "leakage": 761.778}, "energy": {"total": 247.20766825831998, "compute": 69.0962324377, "vrf": 10.6581434578, "memory": {"total": 167.45329236281998, "parts": {"main": {"read": 24.5308245, "write": 2.5372106, "leakage": 11.209330275}, "icache": {"read": 38.80121525, "write": 0.0, "leakage": 0.08798056982}, "dcache": {"read": 83.15939325, "write": 7.016203439999999, "leakage": 0.111134478}}}}, "frequency": 100000000.0, "dcache": {"line_size": 4, "destiny": {"leakage_power": 0.0003738, "hit_dynamic_energy": 0.00790113, "read_latency": 0.304819, "write_dynamic_energy": 0.00609866, "miss_dynamic_energy": 0.00790113}, "write_latency": 0, "invalid_latency": 0, "read_latency": 0, "sets": 8, "type": "cache", "children": ["main"], "size": 256}, "vrf": {"destiny": {"leakage_power": 0.00116638, "read_dynamic_energy": 0.00356587, "read_latency": 0.0528274, "write_dynamic_energy": 0.0033877399999999998}}, "cycles": 29731}