{"physical": {"/panic_top": {"energy": {"dynamic": 1.5550420106e-06, "internal": 1.156668275e-06, "leakage": 4.599646766e-08, "switching": 3.983737356e-07, "total": 1.6010394070000001e-06}, "power": {"dynamic": 0.000502307, "internal": 0.000373625, "leakage": 1.48577e-05, "switching": 0.000128682, "total": 0.000517165}}, "/panic_top/I2C_DEVICE": {"energy": {"dynamic": 3.9444764204e-09, "internal": 3.539242392e-09, "leakage": 2.1019429428e-11, "switching": 4.0523402840000007e-10, "total": 3.965472136e-09}, "power": {"dynamic": 1.274138e-06, "internal": 1.14324e-06, "leakage": 6.78966e-09, "switching": 1.30898e-07, "total": 1.28092e-06}}, "/panic_top/MEM": {"energy": {"dynamic": 8.229178165000001e-07, "internal": 7.082478366e-07, "leakage": 3.531564808e-08, "switching": 1.146699799e-07, "total": 8.58233155e-07}, "power": {"dynamic": 0.0002658175, "internal": 0.000228777, "leakage": 1.14076e-05, "switching": 3.70405e-05, "total": 0.000277225}}, "/panic_top/MMIO": {"energy": {"dynamic": 2.6917950042e-10, "internal": 1.3360605976e-10, "leakage": 2.523015084e-13, "switching": 1.3557344066e-10, "total": 2.6943180812e-10}, "power": {"dynamic": 8.69499e-08, "internal": 4.31572e-08, "leakage": 8.1498e-11, "switching": 4.37927e-08, "total": 8.70314e-08}}, "/panic_top/SCALAR": {"energy": {"dynamic": 4.6508543938e-07, "internal": 2.4743398206000003e-07, "leakage": 1.5207869836e-10, "switching": 2.1765145732e-07, "total": 4.65236824e-07}, "power": {"dynamic": 0.0001502311, "internal": 7.99257e-05, "leakage": 4.91242e-08, "switching": 7.03054e-05, "total": 0.00015028}}, "/panic_top/VCU": {"energy": {"dynamic": 2.6236007218000003e-07, "internal": 1.9709689322000002e-07, "leakage": 1.0506556998e-08, "switching": 6.526317896e-08, "total": 2.7286659822e-07}, "power": {"dynamic": 8.47471e-05, "internal": 6.36659e-05, "leakage": 3.39381e-06, "switching": 2.10812e-05, "total": 8.81409e-05}}}, "perf": 154790}