{"physical": {"/panic_top": {"energy": {"dynamic": 5.3232433116e-07, "internal": 3.8990834484000004e-07, "leakage": 1.406194782e-08, "switching": 1.4241598632e-07, "total": 5.4638580696e-07}, "power": {"dynamic": 0.000563879, "internal": 0.000413021, "leakage": 1.48955e-05, "switching": 0.000150858, "total": 0.000578774}}, "/panic_top/I2C_DEVICE": {"energy": {"dynamic": 1.6952730465599999e-09, "internal": 1.4964733272e-09, "leakage": 6.42513624e-12, "switching": 1.9879971936000001e-10, "total": 1.7016981828e-09}, "power": {"dynamic": 1.7957639999999999e-06, "internal": 1.58518e-06, "leakage": 6.806e-09, "switching": 2.10584e-07, "total": 1.80257e-06}}, "/panic_top/MEM": {"energy": {"dynamic": 2.5275887446800004e-07, "internal": 2.1908525088e-07, "leakage": 1.0772629248000001e-08, "switching": 3.3673623588000005e-08, "total": 2.6353159812e-07}, "power": {"dynamic": 0.0002677417, "internal": 0.000232072, "leakage": 1.14112e-05, "switching": 3.56697e-05, "total": 0.000279153}}, "/panic_top/MMIO": {"energy": {"dynamic": 1.3301145984e-10, "internal": 6.7697297208e-11, "leakage": 6.066212232e-14, "switching": 6.5314162632e-11, "total": 1.330718784e-10}, "power": {"dynamic": 1.40896e-07, "internal": 7.17102e-08, "leakage": 6.4258e-11, "switching": 6.91858e-08, "total": 1.4096e-07}}, "/panic_top/SCALAR": {"energy": {"dynamic": 1.73835620004e-07, "internal": 9.279856557600001e-08, "leakage": 4.6990251828e-11, "switching": 8.1037054428e-08, "total": 1.738827276e-07}, "power": {"dynamic": 0.0001841401, "internal": 9.82994e-05, "leakage": 4.97757e-08, "switching": 8.58407e-05, "total": 0.00018419}}, "/panic_top/VCU": {"energy": {"dynamic": 1.03580352012e-07, "internal": 7.6312511844e-08, "leakage": 3.2355649344000005e-09, "switching": 2.7267840168e-08, "total": 1.0681623792e-07}, "power": {"dynamic": 0.00010972030000000001, "internal": 8.08361e-05, "leakage": 3.42736e-06, "switching": 2.88842e-05, "total": 0.000113148}}}, "perf": 47202}