{"icache": {"read_latency": 0, "destiny": {"leakage_power": 0.000295922, "hit_dynamic_energy": 0.00356465, "read_latency": 0.243833, "write_dynamic_energy": 0.00285388, "miss_dynamic_energy": 0.00356465}, "line_size": 4, "invalid_latency": 0, "sets": 2, "write_latency": 0, "type": "cache", "children": ["main"], "size": 128}, "power": {"avg": {"total": 922132.6915501031, "compute": 236518.304, "vrf": 290902.0982203913, "memory": {"total": 394712.2893297118, "parts": {"icache": {"read": 65462.87551893735, "write": 0.0, "leakage": 295.922}, "main": {"read": 85481.1533970818, "write": 18587.556172341727, "leakage": 37702.5}, "dcache": {"read": 154207.8098527423, "write": 32600.672388608622, "leakage": 373.79999999999995}}}}, "dynamic": 235750.988, "leakage": 767.316}, "insns": 223869, "energy": {"total": 13276.13800811206, "compute": 3405.2036915318404, "vrf": 4188.1785975196, "memory": {"total": 5682.75571906062, "parts": {"main": {"read": 1230.6901165000002, "write": 267.6089496, "leakage": 542.810810025}, "icache": {"read": 942.48276605, "write": 0.0, "leakage": 4.26045117762}, "dcache": {"read": 2220.16222209, "write": 469.35872651999995, "leakage": 5.381677098}}}}, "frequency": 100000000.0, "dcache": {"read_latency": 0, "destiny": {"leakage_power": 0.0003738, "hit_dynamic_energy": 0.00790113, "read_latency": 0.304819, "write_dynamic_energy": 0.00609866, "miss_dynamic_energy": 0.00790113}, "line_size": 4, "invalid_latency": 0, "sets": 8, "write_latency": 0, "type": "cache", "children": ["main"], "size": 256}, "vrf": {"destiny": {"leakage_power": 0.00233276, "read_dynamic_energy": 0.00473775, "read_latency": 0.0549339, "write_dynamic_energy": 0.00455963}}, "cycles": 1439721, "main": {"read_latency": 1, "destiny": {"leakage_power": 0.0377025, "read_dynamic_energy": 0.040280500000000004, "read_latency": 1.29522, "write_latency": 10.3834, "write_dynamic_energy": 0.0667687}, "write_latency": 1, "line_size": 4, "type": "main_mem", "size": 64}}