{"physical": {"/manic_top": {"energy": {"dynamic": 6.121483348600001e-07, "internal": 4.6435504722e-07, "leakage": 2.462750042e-08, "switching": 1.4779328764e-07, "total": 6.3677583528e-07}, "power": {"dynamic": 0.000346273, "internal": 0.000262671, "leakage": 1.3931e-05, "switching": 8.3602e-05, "total": 0.000360204}}, "/manic_top/ARBITER": {"energy": {"dynamic": 2.75083045356e-09, "internal": 1.0267392490799999e-09, "leakage": 1.3941824039e-12, "switching": 1.7240912044800002e-09, "total": 2.752230567e-09}, "power": {"dynamic": 1.556058e-06, "internal": 5.80794e-07, "leakage": 7.88645e-10, "switching": 9.75264e-07, "total": 1.55685e-06}}, "/manic_top/I2C_DEVICE": {"energy": {"dynamic": 2.28192326984e-09, "internal": 2.0728219845999998e-09, "leakage": 1.08719515744e-11, "switching": 2.0910128524e-10, "total": 2.2927918272e-09}, "power": {"dynamic": 1.290812e-06, "internal": 1.17253e-06, "leakage": 6.14992e-09, "switching": 1.18282e-07, "total": 1.29696e-06}}, "/manic_top/MEM": {"energy": {"dynamic": 2.84503758136e-07, "internal": 2.7140279768e-07, "leakage": 2.0095163504e-08, "switching": 1.3100960456e-08, "total": 3.0459892164e-07}, "power": {"dynamic": 0.0001609348, "internal": 0.000153524, "leakage": 1.13672e-05, "switching": 7.4108e-06, "total": 0.000172302}}, "/manic_top/MMIO": {"energy": {"dynamic": 1.77482233502e-10, "internal": 8.9033956134e-11, "leakage": 1.307391281e-13, "switching": 8.844827736800001e-11, "total": 1.776128754e-10}, "power": {"dynamic": 1.003961e-07, "internal": 5.03637e-08, "leakage": 7.3955e-11, "switching": 5.00324e-08, "total": 1.0047e-07}}, "/manic_top/SCALAR": {"energy": {"dynamic": 1.92782892384e-07, "internal": 1.01906691028e-07, "leakage": 8.049520875200001e-11, "switching": 9.087620135600001e-08, "total": 1.9286385854e-07}, "power": {"dynamic": 0.0001090512, "internal": 5.76454e-05, "leakage": 4.55336e-08, "switching": 5.14058e-05, "total": 0.000109097}}, "/manic_top/VCU": {"energy": {"dynamic": 1.1800110109000001e-07, "internal": 8.7471203254e-08, "leakage": 4.439084411e-09, "switching": 3.0529897836e-08, "total": 1.2244009711000002e-07}, "power": {"dynamic": 6.67495e-05, "internal": 4.94797e-05, "leakage": 2.51105e-06, "switching": 1.72698e-05, "total": 6.92605e-05}}}, "perf": 88391}