{"physical": {"/panic_top": {"energy": {"dynamic": 6.556481568e-09, "internal": 5.29555104e-09, "leakage": 2.78804448e-10, "switching": 1.2609305280000001e-09, "total": 6.83528976e-09}, "power": {"dynamic": 0.0003502394, "internal": 0.000282882, "leakage": 1.48934e-05, "switching": 6.73574e-05, "total": 0.000365133}}, "/panic_top/I2C_DEVICE": {"energy": {"dynamic": 1.6172638560000003e-10, "internal": 1.2436482240000002e-10, "leakage": 1.29628512e-13, "switching": 3.73615632e-11, "total": 1.61855928e-10}, "power": {"dynamic": 8.63923e-06, "internal": 6.64342e-06, "leakage": 6.9246e-09, "switching": 1.99581e-06, "total": 8.64615e-06}}, "/panic_top/MEM": {"energy": {"dynamic": 3.5007672960000003e-09, "internal": 3.1369291200000005e-09, "leakage": 2.1361392e-10, "switching": 3.6383817600000004e-10, "total": 3.7143849600000003e-09}, "power": {"dynamic": 0.0001870068, "internal": 0.000167571, "leakage": 1.1411e-05, "switching": 1.94358e-05, "total": 0.000198418}}, "/panic_top/MMIO": {"energy": {"dynamic": 5.42357712e-13, "internal": 2.60889408e-13, "leakage": 1.5755875199999999e-15, "switching": 2.81468304e-13, "total": 5.43933936e-13}, "power": {"dynamic": 2.8972100000000002e-08, "internal": 1.39364e-08, "leakage": 8.4166e-11, "switching": 1.50357e-08, "total": 2.90563e-08}}, "/panic_top/SCALAR": {"energy": {"dynamic": 8.504327520000001e-10, "internal": 4.73988528e-10, "leakage": 9.08176464e-13, "switching": 3.76444224e-10, "total": 8.51342544e-10}, "power": {"dynamic": 4.54291e-05, "internal": 2.53199e-05, "leakage": 4.85137e-08, "switching": 2.01092e-05, "total": 4.54777e-05}}, "/panic_top/VCU": {"energy": {"dynamic": 2.041429104e-09, "internal": 1.5592767840000001e-09, "leakage": 6.41463264e-11, "switching": 4.8215232e-10, "total": 2.10556944e-09}, "power": {"dynamic": 0.0001090507, "internal": 8.32947e-05, "leakage": 3.42662e-06, "switching": 2.5756e-05, "total": 0.000112477}}}, "perf": 936}