{"physical": {"/manic_top": {"energy": {"dynamic": 4.129700859200001e-08, "internal": 3.175237744e-08, "leakage": 2.688834856e-09, "switching": 9.544631152000001e-09, "total": 4.398590136e-08}, "power": {"dynamic": 0.00021392980000000002, "internal": 0.000164486, "leakage": 1.39289e-05, "switching": 4.94438e-05, "total": 0.000227859}}, "/manic_top/ARBITER": {"energy": {"dynamic": 2.1731709648000002e-10, "internal": 9.192719232000001e-11, "leakage": 1.5126981176000002e-13, "switching": 1.2538990416e-10, "total": 2.174672816e-10}, "power": {"dynamic": 1.125762e-06, "internal": 4.76208e-07, "leakage": 7.83619e-10, "switching": 6.49554e-07, "total": 1.12654e-06}}, "/manic_top/I2C_DEVICE": {"energy": {"dynamic": 5.262870754400001e-10, "internal": 4.2857968640000006e-10, "leakage": 1.1892036160000002e-12, "switching": 9.770738904000001e-11, "total": 5.274760088e-10}, "power": {"dynamic": 2.726311e-06, "internal": 2.22016e-06, "leakage": 6.1604e-09, "switching": 5.06151e-07, "total": 2.73247e-06}}, "/manic_top/MEM": {"energy": {"dynamic": 1.7665528600800002e-08, "internal": 1.6919685744e-08, "leakage": 2.194304984e-09, "switching": 7.458428568000001e-10, "total": 1.985976216e-08}, "power": {"dynamic": 9.151227e-05, "internal": 8.76486e-05, "leakage": 1.13671e-05, "switching": 3.86367e-06, "total": 0.000102879}}, "/manic_top/MMIO": {"energy": {"dynamic": 5.584820936e-12, "internal": 2.706266368e-12, "leakage": 1.6847179920000002e-14, "switching": 2.8785545679999997e-12, "total": 5.601673328e-12}, "power": {"dynamic": 2.8930899999999997e-08, "internal": 1.40192e-08, "leakage": 8.7273e-11, "switching": 1.49117e-08, "total": 2.90182e-08}}, "/manic_top/SCALAR": {"energy": {"dynamic": 8.251050808e-09, "internal": 4.450614416e-09, "leakage": 8.573717168e-12, "switching": 3.800436392e-09, "total": 8.259621784e-09}, "power": {"dynamic": 4.27427e-05, "internal": 2.30554e-05, "leakage": 4.44142e-08, "switching": 1.96873e-05, "total": 4.27871e-05}}, "/manic_top/VCU": {"energy": {"dynamic": 1.3376397936000002e-08, "internal": 9.829152808e-09, "leakage": 4.845458432e-10, "switching": 3.5472451280000003e-09, "total": 1.3860928336000002e-08}, "power": {"dynamic": 6.92934e-05, "internal": 5.09177e-05, "leakage": 2.51008e-06, "switching": 1.83757e-05, "total": 7.18034e-05}}}, "perf": 9652}