{"physical": {"/scalar_top": {"energy": {"dynamic": 1.46859035022e-05, "internal": 1.126042924122e-05, "leakage": 3.84989407308e-07, "switching": 3.4254742609799996e-06, "total": 1.507089965436e-05}, "power": {"dynamic": 0.00043547, "internal": 0.000333897, "leakage": 1.14158e-05, "switching": 0.000101573, "total": 0.000446886}}, "/scalar_top/I2C_DEVICE": {"energy": {"dynamic": 4.265471384208e-08, "internal": 3.8524908411e-08, "leakage": 2.035970672886e-10, "switching": 4.12980543108e-09, "total": 4.2858475821e-08}, "power": {"dynamic": 1.264808e-06, "internal": 1.14235e-06, "leakage": 6.03711e-09, "switching": 1.22458e-07, "total": 1.27085e-06}}, "/scalar_top/MEM": {"energy": {"dynamic": 8.478437468022e-06, "internal": 8.08326670662e-06, "leakage": 3.83222256084e-07, "switching": 3.9517076140199995e-07, "total": 8.861656351679999e-06}, "power": {"dynamic": 0.0002514047, "internal": 0.000239687, "leakage": 1.13634e-05, "switching": 1.17177e-05, "total": 0.000262768}}, "/scalar_top/MMIO": {"energy": {"dynamic": 5.525989795079999e-09, "internal": 2.7483282168659997e-09, "leakage": 2.2278920641199998e-12, "switching": 2.777661578214e-09, "total": 5.52821559624e-09}, "power": {"dynamic": 1.6385799999999998e-07, "internal": 8.14941e-08, "leakage": 6.6062e-11, "switching": 8.23639e-08, "total": 1.63924e-07}}, "/scalar_top/SCALAR": {"energy": {"dynamic": 6.032625980634e-06, "internal": 3.123183484044e-06, "leakage": 1.533219522084e-09, "switching": 2.9094424965899996e-06, "total": 6.034146944759999e-06}, "power": {"dynamic": 0.0001788809, "internal": 9.26094e-05, "leakage": 4.54634e-08, "switching": 8.62715e-05, "total": 0.000178926}}}, "perf": 1686213}