{"physical": {"/scalar_top": {"energy": {"dynamic": 6.238243108079999e-07, "internal": 4.792055478999999e-07, "leakage": 1.7126368056e-08, "switching": 1.44618762908e-07, "total": 6.4095157902e-07}, "power": {"dynamic": 0.00041581079999999997, "internal": 0.000319415, "leakage": 1.14156e-05, "switching": 9.63958e-05, "total": 0.000427227}}, "/scalar_top/I2C_DEVICE": {"energy": {"dynamic": 2.19220091564e-09, "internal": 1.9425066428e-09, "leakage": 9.066296219e-12, "switching": 2.4969427284e-10, "total": 2.201256485e-09}, "power": {"dynamic": 1.461214e-06, "internal": 1.29478e-06, "leakage": 6.04315e-09, "switching": 1.66434e-07, "total": 1.46725e-06}}, "/scalar_top/MEM": {"energy": {"dynamic": 3.6588235861799997e-07, "internal": 3.4851639904e-07, "leakage": 1.7048054484e-08, "switching": 1.7365959578000002e-08, "total": 3.8293086318e-07}, "power": {"dynamic": 0.00024387929999999998, "internal": 0.000232304, "leakage": 1.13634e-05, "switching": 1.15753e-05, "total": 0.000255243}}, "/scalar_top/MMIO": {"energy": {"dynamic": 1.8429118827e-10, "internal": 9.055419334000001e-11, "leakage": 1.0331390464000001e-13, "switching": 9.373699493e-11, "total": 1.8439395608e-10}, "power": {"dynamic": 1.228395e-07, "internal": 6.0359e-08, "leakage": 6.8864e-11, "switching": 6.24805e-08, "total": 1.22908e-07}}, "/scalar_top/SCALAR": {"energy": {"dynamic": 2.49826445746e-07, "internal": 1.280171858e-07, "leakage": 6.7889915546e-11, "switching": 1.21809259946e-07, "total": 2.4989380742000003e-07}, "power": {"dynamic": 0.00016652209999999998, "internal": 8.533e-05, "leakage": 4.52521e-08, "switching": 8.11921e-05, "total": 0.000166567}}}, "perf": 75013}