{"physical": {"/fft_design_top": {"energy": {"dynamic": 1.1111674265280002e-06, "internal": 9.408485286e-07, "leakage": 3.6190334016e-08, "switching": 1.70318897928e-07, "total": 1.14735828492e-06}, "power": {"dynamic": 0.0004238056, "internal": 0.000358845, "leakage": 1.38032e-05, "switching": 6.49606e-05, "total": 0.000437609}}, "/fft_design_top/FFT": {"energy": {"dynamic": 8.74907197848e-07, "internal": 7.4001514248e-07, "leakage": 6.2342538264e-09, "switching": 1.34892055368e-07, "total": 8.811404553599999e-07}, "power": {"dynamic": 0.0003336946, "internal": 0.000282246, "leakage": 2.37778e-06, "switching": 5.14486e-05, "total": 0.000336072}}, "/fft_design_top/I2C_DEVICE": {"energy": {"dynamic": 2.559783131892e-09, "internal": 2.45056373892e-09, "leakage": 1.61046881496e-11, "switching": 1.09219392972e-10, "total": 2.5758896029200003e-09}, "power": {"dynamic": 9.763159e-07, "internal": 9.34659e-07, "leakage": 6.14242e-09, "switching": 4.16569e-08, "total": 9.82459e-07}}, "/fft_design_top/MEM": {"energy": {"dynamic": 2.075717750328e-07, "internal": 1.9507337794800002e-07, "leakage": 2.9820214368e-08, "switching": 1.24983970848e-08, "total": 2.37391832088e-07}, "power": {"dynamic": 7.916906e-05, "internal": 7.44021e-05, "leakage": 1.13736e-05, "switching": 4.76696e-06, "total": 9.05426e-05}}, "/fft_design_top/MMIO": {"energy": {"dynamic": 1.3677299208000002e-12, "internal": 6.1417801188e-13, "leakage": 1.8605384856e-13, "switching": 7.5355190892e-13, "total": 1.5537837693599999e-12}, "power": {"dynamic": 5.2166e-10, "internal": 2.34251e-10, "leakage": 7.0962e-11, "switching": 2.87409e-10, "total": 5.92622e-10}}, "/fft_design_top/SCALAR": {"energy": {"dynamic": 4.10126792436e-09, "internal": 3.3076064952e-09, "leakage": 1.19185683228e-10, "switching": 7.9366142916e-10, "total": 4.2204664548000006e-09}, "power": {"dynamic": 1.564247e-06, "internal": 1.26154e-06, "leakage": 4.54581e-08, "switching": 3.02707e-07, "total": 1.60971e-06}}}, "perf": 131094}