{"physical": {"/base_top": {"energy": {"dynamic": 2.621800673272e-06, "internal": 2.38619071592e-06, "leakage": 1.20590990696e-07, "switching": 2.35609957352e-07, "total": 2.74239461408e-06}, "power": {"dynamic": 0.0003554849, "internal": 0.000323539, "leakage": 1.63507e-05, "switching": 3.19459e-05, "total": 0.000371836}}, "/base_top/ARBITER": {"energy": {"dynamic": 1.2944575186399999e-08, "internal": 4.9356848816e-09, "leakage": 6.440286253279999e-12, "switching": 8.008890304799999e-09, "total": 1.2950991679999999e-08}, "power": {"dynamic": 1.75513e-06, "internal": 6.6922e-07, "leakage": 8.73226e-10, "switching": 1.08591e-06, "total": 1.756e-06}}, "/base_top/I2C_DEVICE": {"energy": {"dynamic": 7.026422618247999e-09, "internal": 6.8086446128799995e-09, "leakage": 4.45049471152e-11, "switching": 2.17778005368e-10, "total": 7.07092432024e-09}, "power": {"dynamic": 9.526990999999999e-07, "internal": 9.23171e-07, "leakage": 6.03434e-09, "switching": 2.95281e-08, "total": 9.58733e-07}}, "/base_top/MEM": {"energy": {"dynamic": 7.010127674616e-07, "internal": 6.761472322e-07, "leakage": 8.383849539999999e-08, "switching": 2.4865535261599998e-08, "total": 7.848551717599999e-07}, "power": {"dynamic": 9.504897e-05, "internal": 9.16775e-05, "leakage": 1.13675e-05, "switching": 3.37147e-06, "total": 0.000106417}}, "/base_top/MMIO": {"energy": {"dynamic": 1.1669145890159997e-10, "internal": 5.67991701112e-11, "leakage": 6.4322766992e-13, "switching": 5.989228879039999e-11, "total": 1.17334804576e-10}, "power": {"dynamic": 1.5821969999999998e-08, "internal": 7.70129e-09, "leakage": 8.7214e-11, "switching": 8.12068e-09, "total": 1.59092e-08}}, "/base_top/SCALAR": {"energy": {"dynamic": 1.6831679634000002e-07, "internal": 9.596345572e-08, "leakage": 3.35504437312e-10, "switching": 7.235334062e-08, "total": 1.68652002816e-07}, "power": {"dynamic": 2.2821750000000002e-05, "internal": 1.30115e-05, "leakage": 4.54904e-08, "switching": 9.81025e-06, "total": 2.28672e-05}}, "/base_top/VCU": {"energy": {"dynamic": 1.7076361923279997e-06, "internal": 1.60180756208e-06, "leakage": 3.6363449276e-08, "switching": 1.0582863024799999e-07, "total": 1.7439955851999999e-06}, "power": {"dynamic": 0.00023153509999999998, "internal": 0.000217186, "leakage": 4.93045e-06, "switching": 1.43491e-05, "total": 0.000236465}}}, "perf": 368764}