{"physical": {"/panic_top": {"energy": {"dynamic": 1.3379920944e-07, "internal": 9.246075479999999e-08, "leakage": 4.064288064e-09, "switching": 4.133845463999999e-08, "total": 1.3786360992e-07}, "power": {"dynamic": 0.000476086, "internal": 0.000328995, "leakage": 1.44616e-05, "switching": 0.000147091, "total": 0.000490548}}, "/panic_top/I2C_DEVICE": {"energy": {"dynamic": 6.952406865599999e-10, "internal": 5.767165632e-10, "leakage": 1.9146721224e-12, "switching": 1.1852412336e-10, "total": 6.971534448e-10}, "power": {"dynamic": 2.473814e-06, "internal": 2.05208e-06, "leakage": 6.81281e-09, "switching": 4.21734e-07, "total": 2.48062e-06}}, "/panic_top/MEM": {"energy": {"dynamic": 5.9702367048e-08, "internal": 5.238529392e-08, "leakage": 3.2069193359999997e-09, "switching": 7.317073127999999e-09, "total": 6.29093988e-08}, "power": {"dynamic": 0.0002124337, "internal": 0.000186398, "leakage": 1.14109e-05, "switching": 2.60357e-05, "total": 0.000223845}}, "/panic_top/MMIO": {"energy": {"dynamic": 1.6854699503999997e-11, "internal": 8.194198968e-12, "leakage": 2.3695606559999998e-14, "switching": 8.660500536e-12, "total": 1.6878391176e-11}, "power": {"dynamic": 5.99726e-08, "internal": 2.91567e-08, "leakage": 8.4314e-11, "switching": 3.08159e-08, "total": 6.00569e-08}}, "/panic_top/SCALAR": {"energy": {"dynamic": 2.5053142175999998e-08, "internal": 1.3031290824e-08, "leakage": 1.3338636168e-11, "switching": 1.2021851351999998e-08, "total": 2.5066491576e-08}, "power": {"dynamic": 8.91444e-05, "internal": 4.63681e-05, "leakage": 4.74617e-08, "switching": 4.27763e-05, "total": 8.91919e-05}}, "/panic_top/VCU": {"energy": {"dynamic": 3.9544351487999996e-08, "internal": 2.6441676503999998e-08, "leakage": 8.420098919999999e-10, "switching": 1.3102674984e-08, "total": 4.0386291119999997e-08}, "power": {"dynamic": 0.0001407072, "internal": 9.40851e-05, "leakage": 2.99605e-06, "switching": 4.66221e-05, "total": 0.000143703}}}, "perf": 14052}