{"physical": {"/panic_top": {"energy": {"dynamic": 6.09769974e-09, "internal": 4.7088677399999995e-09, "leakage": 3.46827948e-10, "switching": 1.388832e-09, "total": 6.44453238e-09}, "power": {"dynamic": 0.000259919, "internal": 0.000200719, "leakage": 1.47838e-05, "switching": 5.92e-05, "total": 0.000274703}}, "/panic_top/I2C_DEVICE": {"energy": {"dynamic": 1.9003256879999997e-10, "internal": 1.463380842e-10, "leakage": 1.6139635439999997e-13, "switching": 4.36944846e-11, "total": 1.9019397359999998e-10}, "power": {"dynamic": 8.10028e-06, "internal": 6.23777e-06, "leakage": 6.87964e-09, "switching": 1.86251e-06, "total": 8.10716e-06}}, "/panic_top/MEM": {"energy": {"dynamic": 2.7005110980000003e-09, "internal": 2.340496284e-09, "leakage": 2.67659832e-10, "switching": 3.6001481400000003e-10, "total": 2.96818266e-09}, "power": {"dynamic": 0.00011511130000000001, "internal": 9.97654e-05, "leakage": 1.14092e-05, "switching": 1.53459e-05, "total": 0.000126521}}, "/panic_top/MMIO": {"energy": {"dynamic": 1.019646672e-12, "internal": 4.92878178e-13, "leakage": 1.9646342399999998e-15, "switching": 5.26768494e-13, "total": 1.021610274e-12}, "power": {"dynamic": 4.34632e-08, "internal": 2.10093e-08, "leakage": 8.3744e-11, "switching": 2.24539e-08, "total": 4.35469e-08}}, "/panic_top/SCALAR": {"energy": {"dynamic": 1.42429179e-09, "internal": 7.749447959999999e-10, "leakage": 1.13132331e-12, "switching": 6.493469939999999e-10, "total": 1.425422562e-09}, "power": {"dynamic": 6.07115e-05, "internal": 3.30326e-05, "leakage": 4.82235e-08, "switching": 2.76789e-05, "total": 6.07597e-05}}, "/panic_top/VCU": {"energy": {"dynamic": 1.77935889e-09, "internal": 1.4454362879999998e-09, "leakage": 7.78674936e-11, "switching": 3.33922602e-10, "total": 1.857224976e-09}, "power": {"dynamic": 7.58465e-05, "internal": 6.16128e-05, "leakage": 3.31916e-06, "switching": 1.42337e-05, "total": 7.91656e-05}}}, "perf": 1173}