{
	"cycles": 5369151,
	"latency": 0.16778596875,
	"energy": 0.00313642311384375,
	"power": 0.018693,
	"current": 0.010385,
	"voltage": 1.8,
	"efficiency": 0.12623806981028537
}