{"physical": {"/panic_top": {"energy": {"dynamic": 1.6393676447999998e-07, "internal": 1.24436124e-07, "leakage": 5.719527672e-09, "switching": 3.950064048e-08, "total": 1.6965579264e-07}, "power": {"dynamic": 0.00042665199999999997, "internal": 0.00032385, "leakage": 1.48853e-05, "switching": 0.000102802, "total": 0.000441536}}, "/panic_top/I2C_DEVICE": {"energy": {"dynamic": 8.2499094528e-10, "internal": 6.93591624e-10, "leakage": 2.6259845352e-12, "switching": 1.3139932127999999e-10, "total": 8.276183784000001e-10}, "power": {"dynamic": 2.1470720000000002e-06, "internal": 1.8051e-06, "leakage": 6.83423e-09, "switching": 3.41972e-07, "total": 2.15391e-06}}, "/panic_top/MEM": {"energy": {"dynamic": 8.3351262e-08, "internal": 7.226478528000001e-08, "leakage": 4.384639488e-09, "switching": 1.108647672e-08, "total": 8.773582464e-08}, "power": {"dynamic": 0.000216925, "internal": 0.000188072, "leakage": 1.14112e-05, "switching": 2.8853e-05, "total": 0.000228336}}, "/panic_top/MMIO": {"energy": {"dynamic": 3.102622728e-11, "internal": 1.4930452104e-11, "leakage": 3.195378264e-14, "switching": 1.6095775176e-11, "total": 3.1058157623999996e-11}, "power": {"dynamic": 8.0747e-08, "internal": 3.88571e-08, "leakage": 8.3161e-11, "switching": 4.18899e-08, "total": 8.08301e-08}}, "/panic_top/SCALAR": {"energy": {"dynamic": 4.0563179352000004e-08, "internal": 2.1984253176e-08, "leakage": 1.8764514096e-11, "switching": 1.8578926176e-08, "total": 4.058189184e-08}, "power": {"dynamic": 0.00010556730000000001, "internal": 5.72149e-05, "leakage": 4.88354e-08, "switching": 4.83524e-05, "total": 0.000105616}}, "/panic_top/VCU": {"energy": {"dynamic": 3.9067025639999996e-08, "internal": 2.9433206664e-08, "leakage": 1.3133822711999999e-09, "switching": 9.633818976e-09, "total": 4.0380550080000004e-08}, "power": {"dynamic": 0.0001016735, "internal": 7.66011e-05, "leakage": 3.41813e-06, "switching": 2.50724e-05, "total": 0.000105092}}}, "perf": 19212}