{"physical": {"/panic_design_top": {"energy": {"dynamic": 3.2764001555400004e-06, "internal": 2.48717543172e-06, "leakage": 9.557497539000001e-08, "switching": 7.8922472382e-07, "total": 3.37197247452e-06}, "power": {"dynamic": 0.000616697, "internal": 0.000468146, "leakage": 1.79895e-05, "switching": 0.000148551, "total": 0.000634686}}, "/panic_design_top/CGRA": {"energy": {"dynamic": 2.1798187003620002e-06, "internal": 1.69059776502e-06, "leakage": 3.4792595616e-08, "switching": 4.89220935342e-07, "total": 2.2146118272600003e-06}, "power": {"dynamic": 0.0004102941, "internal": 0.000318211, "leakage": 6.5488e-06, "switching": 9.20831e-05, "total": 0.000416843}}, "/panic_design_top/I2C_DEVICE": {"energy": {"dynamic": 5.301121701642e-09, "internal": 5.03968261098e-09, "leakage": 3.27685174524e-11, "switching": 2.61439090662e-10, "total": 5.333911895400001e-09}, "power": {"dynamic": 9.977981e-07, "internal": 9.48589e-07, "leakage": 6.16782e-09, "switching": 4.92091e-08, "total": 1.00397e-06}}, "/panic_design_top/MEM": {"energy": {"dynamic": 6.9980730681e-07, "internal": 6.3089206218e-07, "leakage": 6.050080031399999e-08, "switching": 6.891524463e-08, "total": 7.6030704456e-07}, "power": {"dynamic": 0.0001317205, "internal": 0.000118749, "leakage": 1.13877e-05, "switching": 1.29715e-05, "total": 0.000143108}}, "/panic_design_top/MMIO": {"energy": {"dynamic": 2.02240993812e-10, "internal": 9.494274981000001e-11, "leakage": 4.6421296032e-13, "switching": 1.0729824400200001e-10, "total": 2.02705865562e-10}, "power": {"dynamic": 3.80666e-08, "internal": 1.78705e-08, "leakage": 8.7376e-11, "switching": 2.01961e-08, "total": 3.81541e-08}}, "/panic_design_top/SCALAR": {"energy": {"dynamic": 2.9966004902400003e-07, "internal": 1.6032231273e-07, "leakage": 2.47124759736e-10, "switching": 1.3933773629400002e-07, "total": 2.99907095154e-07}, "power": {"dynamic": 5.64032e-05, "internal": 3.01765e-05, "leakage": 4.65148e-08, "switching": 2.62267e-05, "total": 5.64497e-05}}}, "perf": 265641}