{"physical": {"/scalar_top": {"energy": {"dynamic": 2.3271685752e-07, "internal": 1.7993984903999998e-07, "leakage": 6.693077327999999e-09, "switching": 5.277700848e-08, "total": 2.3940970031999996e-07}, "power": {"dynamic": 0.000396911, "internal": 0.000306897, "leakage": 1.14154e-05, "switching": 9.0014e-05, "total": 0.000408326}}, "/scalar_top/I2C_DEVICE": {"energy": {"dynamic": 1.0896346775999998e-09, "internal": 9.332631335999999e-10, "leakage": 3.5468197128e-12, "switching": 1.56371544e-10, "total": 1.0931819136e-09}, "power": {"dynamic": 1.8584299999999998e-06, "internal": 1.59173e-06, "leakage": 6.04929e-09, "switching": 2.667e-07, "total": 1.86448e-06}}, "/scalar_top/MEM": {"energy": {"dynamic": 1.3662569356799999e-07, "internal": 1.3056642816e-07, "leakage": 6.662588688e-09, "switching": 6.0592654080000005e-09, "total": 1.432878132e-07}, "power": {"dynamic": 0.0002330224, "internal": 0.000222688, "leakage": 1.13634e-05, "switching": 1.03344e-05, "total": 0.000244385}}, "/scalar_top/MMIO": {"energy": {"dynamic": 7.541834160000001e-11, "internal": 3.7166473008e-11, "leakage": 4.2239665439999996e-14, "switching": 3.8251868592e-11, "total": 7.546055664000001e-11}, "power": {"dynamic": 1.2863e-07, "internal": 6.33894e-08, "leakage": 7.2042e-11, "switching": 6.52406e-08, "total": 1.28702e-07}}, "/scalar_top/SCALAR": {"energy": {"dynamic": 9.2734540584e-08, "internal": 4.81823118e-08, "leakage": 2.6433299088e-11, "switching": 4.4552228784e-08, "total": 9.276110088e-08}, "power": {"dynamic": 0.0001581637, "internal": 8.21775e-05, "leakage": 4.50834e-08, "switching": 7.59862e-05, "total": 0.000158209}}}, "perf": 29316}