{"physical": {"/manic_top": {"energy": {"dynamic": 1.912958878638e-06, "internal": 1.4924995423199999e-06, "leakage": 8.6120866368e-08, "switching": 4.2045933631799996e-07, "total": 1.99908159978e-06}, "power": {"dynamic": 0.0003094111, "internal": 0.000241404, "leakage": 1.39296e-05, "switching": 6.80071e-05, "total": 0.000323341}}, "/manic_top/ARBITER": {"energy": {"dynamic": 8.90927089224e-09, "internal": 3.5465937389400003e-09, "leakage": 4.84039134264e-12, "switching": 5.3626771533e-09, "total": 8.9141056698e-09}, "power": {"dynamic": 1.441028e-06, "internal": 5.73643e-07, "leakage": 7.82908e-10, "switching": 8.67385e-07, "total": 1.44181e-06}}, "/manic_top/I2C_DEVICE": {"energy": {"dynamic": 6.134996391288001e-09, "internal": 5.7322408728000006e-09, "leakage": 3.80251545546e-11, "switching": 4.02755518488e-10, "total": 6.173021731320001e-09}, "power": {"dynamic": 9.923036000000002e-07, "internal": 9.2716e-07, "leakage": 6.15037e-09, "switching": 6.51436e-08, "total": 9.98454e-07}}, "/manic_top/MEM": {"energy": {"dynamic": 9.58178412303e-07, "internal": 9.135194730599999e-07, "leakage": 7.0278005118e-08, "switching": 4.4658939243e-08, "total": 1.02845981784e-06}, "power": {"dynamic": 0.00015498035, "internal": 0.000147757, "leakage": 1.13671e-05, "switching": 7.22335e-06, "total": 0.000166348}}, "/manic_top/MMIO": {"energy": {"dynamic": 2.83478712096e-10, "internal": 1.38830452158e-10, "leakage": 5.3493536934e-13, "switching": 1.4464825993799999e-10, "total": 2.84013505266e-10}, "power": {"dynamic": 4.58512e-08, "internal": 2.24551e-08, "leakage": 8.6523e-11, "switching": 2.33961e-08, "total": 4.59377e-08}}, "/manic_top/SCALAR": {"energy": {"dynamic": 4.947819852720001e-07, "internal": 2.57200892322e-07, "leakage": 2.77069849668e-10, "switching": 2.3758109295e-07, "total": 4.95059583114e-07}, "power": {"dynamic": 8.00284e-05, "internal": 4.16009e-05, "leakage": 4.48146e-08, "switching": 3.84275e-05, "total": 8.00733e-05}}, "/manic_top/VCU": {"energy": {"dynamic": 4.0394442862200003e-07, "internal": 3.11108043858e-07, "leakage": 1.5521057960999998e-08, "switching": 9.2836384764e-08, "total": 4.19465795712e-07}, "power": {"dynamic": 6.53359e-05, "internal": 5.03201e-05, "leakage": 2.51045e-06, "switching": 1.50158e-05, "total": 6.78464e-05}}}, "perf": 309129}