{"icache": {"read_latency": 0, "destiny": {"leakage_power": 0.000295922, "hit_dynamic_energy": 0.00356465, "read_latency": 0.243833, "write_dynamic_energy": 0.00285388, "miss_dynamic_energy": 0.00356465}, "write_latency": 0, "invalid_latency": 0, "line_size": 4, "sets": 2, "type": "cache", "children": ["main"], "size": 128}, "power": {"avg": {"total": 878904.0582877578, "compute": 213947.00900000005, "vrf": 4087.5405330412054, "memory": {"total": 660869.5087547165, "parts": {"icache": {"read": 63578.332612546714, "write": 0.0, "leakage": 295.922}, "main": {"read": 10588.262112681918, "write": 960.590813913984, "leakage": 37702.5}, "dcache": {"read": 374278.95637059823, "write": 172717.34584497573, "leakage": 747.5990000000002}}}}, "dynamic": 213180.67, "leakage": 766.339}, "energy": {"total": 10141.0762738228, "compute": 2468.5890528848804, "vrf": 47.1633506832, "memory": {"total": 7625.3238702547205, "parts": {"main": {"read": 122.17075650000001, "write": 11.0836042, "leakage": 435.0235098}, "icache": {"read": 733.58714675, "write": 0.0, "leakage": 3.4144427310400003}, "dcache": {"read": 4318.550367870001, "write": 1992.8680059100002, "leakage": 8.626036493680001}}}}, "frequency": 100000000.0, "dcache": {"read_latency": 0, "destiny": {"leakage_power": 0.000747599, "hit_dynamic_energy": 0.00958981, "read_latency": 0.305483, "write_dynamic_energy": 0.00778734, "miss_dynamic_energy": 0.00958981}, "write_latency": 0, "invalid_latency": 0, "line_size": 4, "sets": 8, "type": "cache", "children": ["main"], "size": 512}, "vrf": {"destiny": {"leakage_power": 0.00233276, "read_dynamic_energy": 0.00473775, "read_latency": 0.0549339, "write_dynamic_energy": 0.00455963}}, "cycles": 1153832, "main": {"read_latency": 1, "destiny": {"leakage_power": 0.0377025, "read_dynamic_energy": 0.040280500000000004, "read_latency": 1.29522, "write_latency": 10.3834, "write_dynamic_energy": 0.0667687}, "write_latency": 1, "line_size": 4, "type": "main_mem", "size": 64}}