{"physical": {"/panic_top": {"energy": {"dynamic": 1.981837728e-08, "internal": 1.484944188e-08, "leakage": 6.72053772e-10, "switching": 4.9689354e-09, "total": 2.049037224e-08}, "power": {"dynamic": 0.00043807199999999996, "internal": 0.000328237, "leakage": 1.48553e-05, "switching": 0.000109835, "total": 0.000452926}}, "/panic_top/I2C_DEVICE": {"energy": {"dynamic": 2.903521296e-10, "internal": 2.246962224e-10, "leakage": 3.099202392e-13, "switching": 6.56559072e-11, "total": 2.9066157120000004e-10}, "power": {"dynamic": 6.4180400000000005e-06, "internal": 4.96676e-06, "leakage": 6.85058e-09, "switching": 1.45128e-06, "total": 6.42488e-06}}, "/panic_top/MEM": {"energy": {"dynamic": 9.191795339999999e-09, "internal": 8.01883524e-09, "leakage": 5.16084348e-10, "switching": 1.1729600999999999e-09, "total": 9.707870640000001e-09}, "power": {"dynamic": 0.0002031785, "internal": 0.000177251, "leakage": 1.14077e-05, "switching": 2.59275e-05, "total": 0.000214586}}, "/panic_top/MMIO": {"energy": {"dynamic": 3.381830244e-12, "internal": 1.6810641119999999e-12, "leakage": 3.54306108e-15, "switching": 1.7007661320000002e-12, "total": 3.385372536e-12}, "power": {"dynamic": 7.47531e-08, "internal": 3.71588e-08, "leakage": 7.8317e-11, "switching": 3.75943e-08, "total": 7.48314e-08}}, "/panic_top/SCALAR": {"energy": {"dynamic": 4.383005016e-09, "internal": 2.312076156e-09, "leakage": 2.222365236e-12, "switching": 2.07092886e-09, "total": 4.385226299999999e-09}, "power": {"dynamic": 9.68834e-05, "internal": 5.11069e-05, "leakage": 4.91239e-08, "switching": 4.57765e-05, "total": 9.69325e-05}}, "/panic_top/VCU": {"energy": {"dynamic": 5.942654016e-09, "internal": 4.2887972400000004e-09, "leakage": 1.5342286439999998e-10, "switching": 1.6538567759999999e-09, "total": 6.09609e-09}, "power": {"dynamic": 0.0001313584, "internal": 9.4801e-05, "leakage": 3.39131e-06, "switching": 3.65574e-05, "total": 0.00013475}}}, "perf": 2262}