{
    "cgra_minus_noc": {
        "energy": {
            "dynamic": 1.2681365216096897e-06,
            "internal": 8.672414347066678e-07,
            "leakage": 7.829723130490795e-09,
            "switching": 4.00895086903022e-07,
            "total": 1.2759662447401807e-06
        }
    },
    "count": 233,
    "noc": {
        "energy": {
            "dynamic": 1.4367281691109206e-08,
            "internal": 4.778001333733322e-07,
            "leakage": 1.4367281691109206e-08,
            "switching": 3.6536025242897793e-07,
            "total": 8.575276674934193e-07
        }
    },
    "perf": 665322,
    "physical": {
        "/flow_top": {
            "energy": {
                "dynamic": 4.45738461798e-06,
                "internal": 3.5354013500399995e-06,
                "leakage": 1.8306467894399998e-07,
                "switching": 9.219832679399999e-07,
                "total": 4.64044796628e-06
            },
            "power": {
                "dynamic": 0.00033497949999999996,
                "internal": 0.000265691,
                "leakage": 1.37576e-05,
                "switching": 6.92885e-05,
                "total": 0.000348737
            }
        },
        "/flow_top/ALIGNER": {
            "energy": {
                "dynamic": 3.4740293874719998e-09,
                "internal": 3.27422254572e-09,
                "leakage": 2.9461123481999994e-11,
                "switching": 1.99806841752e-10,
                "total": 3.5034925069199997e-09
            },
            "power": {
                "dynamic": 2.610788e-07,
                "internal": 2.46063e-07,
                "leakage": 2.21405e-09,
                "switching": 1.50158e-08,
                "total": 2.63293e-07
            }
        },
        "/flow_top/CGRA": {
            "energy": {
                "dynamic": 2.1112969074119997e-06,
                "internal": 1.34504156808e-06,
                "leakage": 2.21970048216e-08,
                "switching": 7.662553393319999e-07,
                "total": 2.1335013638399996e-06
            },
            "power": {
                "dynamic": 0.0001586673,
                "internal": 0.000101082,
                "leakage": 1.66814e-06,
                "switching": 5.75853e-05,
                "total": 0.000160336
            }
        },
        "/flow_top/CORE": {
            "energy": {
                "dynamic": 1.6277716156884e-07,
                "internal": 1.49726724168e-07,
                "leakage": 8.6888391912e-09,
                "switching": 1.3050437400839998e-08,
                "total": 1.71465455196e-07
            },
            "power": {
                "dynamic": 1.2232961e-05,
                "internal": 1.12522e-05,
                "leakage": 6.5298e-07,
                "switching": 9.80761e-07,
                "total": 1.28859e-05
            }
        },
        "/flow_top/INSN_DATA_CONFLICT": {
            "energy": {
                "dynamic": 1.3551411560399998e-12,
                "internal": 3.7993878132e-13,
                "leakage": 6.035801184e-14,
                "switching": 9.752023747199998e-13,
                "total": 1.41549916788e-12
            },
            "power": {
                "dynamic": 1.0184099999999999e-10,
                "internal": 2.8553e-11,
                "leakage": 4.536e-12,
                "switching": 7.3288e-11,
                "total": 1.06377e-10
            }
        },
        "/flow_top/MM": {
            "energy": {
                "dynamic": 2.179825073412e-06,
                "internal": 2.0373490284e-06,
                "leakage": 1.5213252852e-07,
                "switching": 1.4247604501199998e-07,
                "total": 2.33196691644e-06
            },
            "power": {
                "dynamic": 0.00016381730000000001,
                "internal": 0.00015311,
                "leakage": 1.1433e-05,
                "switching": 1.07073e-05,
                "total": 0.000175251
            }
        }
    }
}
