{"physical": {"/panic_top": {"energy": {"dynamic": 5.815818660000001e-09, "internal": 4.440104640000001e-09, "leakage": 2.63123868e-10, "switching": 1.3757140200000001e-09, "total": 6.078949680000001e-09}, "power": {"dynamic": 0.00032526950000000005, "internal": 0.000248328, "leakage": 1.47161e-05, "switching": 7.69415e-05, "total": 0.000339986}}, "/panic_top/I2C_DEVICE": {"energy": {"dynamic": 1.5774057840000001e-10, "internal": 1.209424656e-10, "leakage": 1.2301368480000002e-13, "switching": 3.67981128e-11, "total": 1.5786359280000002e-10}, "power": {"dynamic": 8.82218e-06, "internal": 6.76412e-06, "leakage": 6.87996e-09, "switching": 2.05806e-06, "total": 8.82906e-06}}, "/panic_top/MEM": {"energy": {"dynamic": 2.5480305240000004e-09, "internal": 2.2113090000000004e-09, "leakage": 2.0401974000000001e-10, "switching": 3.3672152400000003e-10, "total": 2.7520538400000004e-09}, "power": {"dynamic": 0.00014250730000000002, "internal": 0.000123675, "leakage": 1.14105e-05, "switching": 1.88323e-05, "total": 0.000153918}}, "/panic_top/MMIO": {"energy": {"dynamic": 1.182030708e-12, "internal": 5.804545320000001e-13, "leakage": 1.4279862e-15, "switching": 6.01576176e-13, "total": 1.18345932e-12}, "power": {"dynamic": 6.610909999999999e-08, "internal": 3.24639e-08, "leakage": 7.9865e-11, "switching": 3.36452e-08, "total": 6.6189e-08}}, "/panic_top/SCALAR": {"energy": {"dynamic": 1.4935700400000002e-09, "internal": 7.97839572e-10, "leakage": 8.466930960000001e-13, "switching": 6.957304680000001e-10, "total": 1.4944157640000002e-09}, "power": {"dynamic": 8.3533e-05, "internal": 4.46219e-05, "leakage": 4.73542e-08, "switching": 3.89111e-05, "total": 8.35803e-05}}, "/panic_top/VCU": {"energy": {"dynamic": 1.6126079280000003e-09, "internal": 1.3081669560000002e-09, "leakage": 5.8129131600000006e-11, "switching": 3.0444097200000005e-10, "total": 1.6707358080000002e-09}, "power": {"dynamic": 9.01906e-05, "internal": 7.31637e-05, "leakage": 3.25107e-06, "switching": 1.70269e-05, "total": 9.34416e-05}}}, "perf": 894}