{"physical": {"/panic_top": {"energy": {"dynamic": 1.1953856820000001e-08, "internal": 9.24433168e-09, "leakage": 6.56534496e-10, "switching": 2.7095251399999997e-09, "total": 1.261042192e-08}, "power": {"dynamic": 0.0002734185, "internal": 0.000211444, "leakage": 1.50168e-05, "switching": 6.19745e-05, "total": 0.000288436}}, "/panic_top/I2C_DEVICE": {"energy": {"dynamic": 2.778760132e-10, "internal": 2.1644810160000003e-10, "leakage": 3.070722292e-13, "switching": 6.142791160000001e-11, "total": 2.781829276e-10}, "power": {"dynamic": 6.35581e-06, "internal": 4.95078e-06, "leakage": 7.02361e-09, "switching": 1.40503e-06, "total": 6.36283e-06}}, "/panic_top/MEM": {"energy": {"dynamic": 4.632151488e-09, "internal": 4.040112736e-09, "leakage": 4.98923896e-10, "switching": 5.92038752e-10, "total": 5.1310666400000005e-09}, "power": {"dynamic": 0.0001059504, "internal": 9.24088e-05, "leakage": 1.14118e-05, "switching": 1.35416e-05, "total": 0.000117362}}, "/panic_top/MMIO": {"energy": {"dynamic": 1.3538247760000003e-12, "internal": 6.724573200000001e-13, "leakage": 3.71418888e-15, "switching": 6.81367456e-13, "total": 1.357540976e-12}, "power": {"dynamic": 3.09658e-08, "internal": 1.5381e-08, "leakage": 8.4954e-11, "switching": 1.55848e-08, "total": 3.10508e-08}}, "/panic_top/SCALAR": {"energy": {"dynamic": 2.0058167640000002e-09, "internal": 1.091587844e-09, "leakage": 2.247365392e-12, "switching": 9.1422892e-10, "total": 2.008063972e-09}, "power": {"dynamic": 4.5878700000000005e-05, "internal": 2.49677e-05, "leakage": 5.14036e-08, "switching": 2.0911e-05, "total": 4.59301e-05}}, "/panic_top/VCU": {"energy": {"dynamic": 5.034414836e-09, "internal": 3.894520764e-09, "leakage": 1.5503986400000001e-10, "switching": 1.139894072e-09, "total": 5.18947656e-09}, "power": {"dynamic": 0.00011515129999999999, "internal": 8.90787e-05, "leakage": 3.5462e-06, "switching": 2.60726e-05, "total": 0.000118698}}}, "perf": 2186}