{"physical": {"/base_top": {"energy": {"dynamic": 3.00593697504e-07, "internal": 2.5260335376e-07, "leakage": 1.2809036172e-08, "switching": 4.799034374400001e-08, "total": 3.1340296872000003e-07}, "power": {"dynamic": 0.0003836648, "internal": 0.000322412, "leakage": 1.63489e-05, "switching": 6.12528e-05, "total": 0.000400014}}, "/base_top/ARBITER": {"energy": {"dynamic": 2.5084600811999998e-09, "internal": 8.379083556e-10, "leakage": 6.794471751600001e-13, "switching": 1.6705517256e-09, "total": 2.5091495436000002e-09}, "power": {"dynamic": 3.2016899999999995e-06, "internal": 1.06947e-06, "leakage": 8.67217e-10, "switching": 2.13222e-06, "total": 3.20257e-06}}, "/base_top/I2C_DEVICE": {"energy": {"dynamic": 1.164721368e-09, "internal": 1.0268132184e-09, "leakage": 4.7299000992e-12, "switching": 1.379081496e-10, "total": 1.1694457524e-09}, "power": {"dynamic": 1.4866e-06, "internal": 1.31058e-06, "leakage": 6.03704e-09, "switching": 1.7602e-07, "total": 1.49263e-06}}, "/base_top/MEM": {"energy": {"dynamic": 1.48089746418e-07, "internal": 1.417001928e-07, "leakage": 8.906130552e-09, "switching": 6.389553618e-09, "total": 1.5699528936000001e-07}, "power": {"dynamic": 0.00018901535, "internal": 0.00018086, "leakage": 1.13674e-05, "switching": 8.15535e-06, "total": 0.000200382}}, "/base_top/MMIO": {"energy": {"dynamic": 4.5683230188e-11, "internal": 2.2088886684e-11, "leakage": 6.714110208000001e-14, "switching": 2.3594343504e-11, "total": 4.5750374424000006e-11}, "power": {"dynamic": 5.83081e-08, "internal": 2.81933e-08, "leakage": 8.5696e-11, "switching": 3.01148e-08, "total": 5.83938e-08}}, "/base_top/SCALAR": {"energy": {"dynamic": 5.5050360372e-08, "internal": 2.9652445908e-08, "leakage": 3.5225417496e-11, "switching": 2.5397914464e-08, "total": 5.5085538624e-08}, "power": {"dynamic": 7.02639e-05, "internal": 3.78471e-05, "leakage": 4.49602e-08, "switching": 3.24168e-05, "total": 7.03088e-05}}, "/base_top/VCU": {"energy": {"dynamic": 9.0879214164e-08, "internal": 7.918710708e-08, "leakage": 3.8620001292e-09, "switching": 1.1692107084e-08, "total": 9.474075204e-08}, "power": {"dynamic": 0.0001159943, "internal": 0.000101071, "leakage": 4.92929e-06, "switching": 1.49233e-05, "total": 0.000120923}}}, "perf": 39174}