{"physical": {"/manic_top": {"energy": {"dynamic": 9.9232523292e-08, "internal": 7.533899675999999e-08, "leakage": 8.55669882e-09, "switching": 2.3893526531999997e-08, "total": 1.0778946779999999e-07}, "power": {"dynamic": 0.0001615586, "internal": 0.000122658, "leakage": 1.3931e-05, "switching": 3.89006e-05, "total": 0.00017549}}, "/manic_top/ARBITER": {"energy": {"dynamic": 7.037173819799999e-10, "internal": 2.9954096693999997e-10, "leakage": 4.7953445262e-13, "switching": 4.0417641503999997e-10, "total": 7.041970878e-10}, "power": {"dynamic": 1.145709e-06, "internal": 4.87677e-07, "leakage": 7.80721e-10, "switching": 6.58032e-07, "total": 1.14649e-06}}, "/manic_top/I2C_DEVICE": {"energy": {"dynamic": 9.111536030399999e-10, "internal": 8.046896219999999e-10, "leakage": 3.7824404664e-12, "switching": 1.0646398104e-10, "total": 9.149359697999999e-10}, "power": {"dynamic": 1.4834319999999999e-06, "internal": 1.3101e-06, "leakage": 6.15812e-09, "switching": 1.73332e-07, "total": 1.48959e-06}}, "/manic_top/MEM": {"energy": {"dynamic": 3.5585179663199995e-08, "internal": 3.4519839642e-08, "leakage": 6.981900162e-09, "switching": 1.0653400211999999e-09, "total": 4.2567104393999996e-08}, "power": {"dynamic": 5.793556e-05, "internal": 5.62011e-05, "leakage": 1.13671e-05, "switching": 1.73446e-06, "total": 6.93027e-05}}, "/manic_top/MMIO": {"energy": {"dynamic": 3.847259103e-12, "internal": 1.85095197e-12, "leakage": 5.576134848e-14, "switching": 1.9963071329999997e-12, "total": 3.9030179946e-12}, "power": {"dynamic": 6.26365e-09, "internal": 3.0135e-09, "leakage": 9.0784e-11, "switching": 3.25015e-09, "total": 6.35443e-09}}, "/manic_top/SCALAR": {"energy": {"dynamic": 6.990284265e-09, "internal": 4.1296037526e-09, "leakage": 2.7548135532e-11, "switching": 2.8606805124e-09, "total": 7.0178320319999996e-09}, "power": {"dynamic": 1.1380750000000001e-05, "internal": 6.72333e-06, "leakage": 4.48506e-08, "switching": 4.65742e-06, "total": 1.14256e-05}}, "/manic_top/VCU": {"energy": {"dynamic": 5.1084124601999996e-08, "internal": 3.5519851224e-08, "leakage": 1.5427855116e-09, "switching": 1.5564273378e-08, "total": 5.2626922398e-08}, "power": {"dynamic": 8.31691e-05, "internal": 5.78292e-05, "leakage": 2.51178e-06, "switching": 2.53399e-05, "total": 8.56809e-05}}}, "perf": 30711}