{"physical": {"/panic_top": {"energy": {"dynamic": 9.91084678976e-07, "internal": 7.6163131072e-07, "leakage": 3.4680694272e-08, "switching": 2.29453368256e-07, "total": 1.02576513984e-06}, "power": {"dynamic": 0.0004246147, "internal": 0.000326309, "leakage": 1.48584e-05, "switching": 9.83057e-05, "total": 0.000439473}}, "/panic_top/I2C_DEVICE": {"energy": {"dynamic": 2.9314901100800004e-09, "internal": 2.6731984832e-09, "leakage": 1.58593967168e-11, "switching": 2.5829162688e-10, "total": 2.94735952e-09}, "power": {"dynamic": 1.255951e-06, "internal": 1.14529e-06, "leakage": 6.79471e-09, "switching": 1.10661e-07, "total": 1.26275e-06}}, "/panic_top/MEM": {"energy": {"dynamic": 5.072018860160001e-07, "internal": 4.4654918336000005e-07, "leakage": 2.6626017600000002e-08, "switching": 6.0652702656e-08, "total": 5.338274368e-07}, "power": {"dynamic": 0.00021730270000000002, "internal": 0.000191317, "leakage": 1.14075e-05, "switching": 2.59857e-05, "total": 0.00022871}}, "/panic_top/MMIO": {"energy": {"dynamic": 1.37596583488e-10, "internal": 6.731253312e-11, "leakage": 1.9814238528e-13, "switching": 7.0284050368e-11, "total": 1.37794980288e-10}, "power": {"dynamic": 5.89511e-08, "internal": 2.8839e-08, "leakage": 8.4891e-11, "switching": 3.01121e-08, "total": 5.90361e-08}}, "/panic_top/SCALAR": {"energy": {"dynamic": 1.7951899436800001e-07, "internal": 9.801712211199999e-08, "leakage": 1.14718631552e-10, "switching": 8.150187225600001e-08, "total": 1.79633597696e-07}, "power": {"dynamic": 7.69121e-05, "internal": 4.19939e-05, "leakage": 4.91494e-08, "switching": 3.49182e-05, "total": 7.69612e-05}}, "/panic_top/VCU": {"energy": {"dynamic": 3.00844005952e-07, "internal": 2.141168288e-07, "leakage": 7.923384672e-09, "switching": 8.672717715200001e-08, "total": 3.0876610688e-07}, "power": {"dynamic": 0.0001288919, "internal": 9.1735e-05, "leakage": 3.39465e-06, "switching": 3.71569e-05, "total": 0.000132286}}}, "perf": 116704}