{"physical": {"/panic_top": {"energy": {"dynamic": 5.0692872240000004e-08, "internal": 3.524611888e-08, "leakage": 1.729616272e-09, "switching": 1.5446753359999997e-08, "total": 5.242251288e-08}, "power": {"dynamic": 0.000416061, "internal": 0.000289282, "leakage": 1.41958e-05, "switching": 0.000126779, "total": 0.000430257}}, "/panic_top/I2C_DEVICE": {"energy": {"dynamic": 4.6402264456e-10, "internal": 3.72056716e-10, "leakage": 7.753215296e-13, "switching": 9.196592856e-11, "total": 4.647976688e-10}, "power": {"dynamic": 3.808459e-06, "internal": 3.05365e-06, "leakage": 6.36344e-09, "switching": 7.54809e-07, "total": 3.81482e-06}}, "/panic_top/MEM": {"energy": {"dynamic": 2.4471149744e-08, "internal": 2.115422632e-08, "leakage": 1.390023824e-09, "switching": 3.3169234240000003e-09, "total": 2.58611492e-08}, "power": {"dynamic": 0.0002008466, "internal": 0.000173623, "leakage": 1.14086e-05, "switching": 2.72236e-05, "total": 0.000212255}}, "/panic_top/MMIO": {"energy": {"dynamic": 6.3942484880000005e-12, "internal": 3.390344208e-12, "leakage": 1.142810464e-14, "switching": 3.00390428e-12, "total": 6.4056892639999995e-12}, "power": {"dynamic": 5.24807e-08, "internal": 2.78262e-08, "leakage": 9.3796e-11, "switching": 2.46545e-08, "total": 5.25746e-08}}, "/panic_top/SCALAR": {"energy": {"dynamic": 1.0047401576e-08, "internal": 5.326272151999999e-09, "leakage": 5.890622848e-12, "switching": 4.721129424e-09, "total": 1.0053298632000001e-08}, "power": {"dynamic": 8.24639e-05, "internal": 4.37153e-05, "leakage": 4.83472e-08, "switching": 3.87486e-05, "total": 8.25123e-05}}, "/panic_top/VCU": {"energy": {"dynamic": 1.339070336e-08, "internal": 8.3847242e-09, "leakage": 3.328936848e-10, "switching": 5.00597916e-09, "total": 1.3723570239999999e-08}, "power": {"dynamic": 0.000109904, "internal": 6.88175e-05, "leakage": 2.73222e-06, "switching": 4.10865e-05, "total": 0.000112636}}}, "perf": 6092}