{"physical": {"/panic_top": {"energy": {"dynamic": 1.288315464e-07, "internal": 9.616261368e-08, "leakage": 4.16023512e-09, "switching": 3.266893272e-08, "total": 1.3299178152e-07}, "power": {"dynamic": 0.00045841, "internal": 0.000342167, "leakage": 1.4803e-05, "switching": 0.000116243, "total": 0.000473213}}, "/panic_top/I2C_DEVICE": {"energy": {"dynamic": 6.9435484848e-10, "internal": 5.759099784e-10, "leakage": 1.9131713687999998e-12, "switching": 1.1844487007999998e-10, "total": 6.962681687999999e-10}, "power": {"dynamic": 2.470662e-06, "internal": 2.04921e-06, "leakage": 6.80747e-09, "switching": 4.21452e-07, "total": 2.47747e-06}}, "/panic_top/MEM": {"energy": {"dynamic": 5.983673227199999e-08, "internal": 5.245864535999999e-08, "leakage": 3.206441568e-09, "switching": 7.378086912e-09, "total": 6.304317384e-08}, "power": {"dynamic": 0.00021291179999999998, "internal": 0.000186659, "leakage": 1.14092e-05, "switching": 2.62528e-05, "total": 0.000224321}}, "/panic_top/MMIO": {"energy": {"dynamic": 1.6859055623999997e-11, "internal": 8.198049216e-12, "leakage": 2.3695606559999998e-14, "switching": 8.661006408e-12, "total": 1.6882747296e-11}, "power": {"dynamic": 5.99881e-08, "internal": 2.91704e-08, "leakage": 8.4314e-11, "switching": 3.08177e-08, "total": 6.00724e-08}}, "/panic_top/SCALAR": {"energy": {"dynamic": 2.4893792496e-08, "internal": 1.2996385655999998e-08, "leakage": 1.3770369816e-11, "switching": 1.1897406839999999e-08, "total": 2.4907591559999997e-08}, "power": {"dynamic": 8.85774e-05, "internal": 4.62439e-05, "leakage": 4.89979e-08, "switching": 4.23335e-05, "total": 8.86265e-05}}, "/panic_top/VCU": {"energy": {"dynamic": 4.3352190551999994e-08, "internal": 3.010584792e-08, "leakage": 9.380243976e-10, "switching": 1.3246342631999998e-08, "total": 4.4290217759999996e-08}, "power": {"dynamic": 0.0001542563, "internal": 0.000107123, "leakage": 3.33769e-06, "switching": 4.71333e-05, "total": 0.000157594}}}, "perf": 14052}