{"physical": {"/snafu_top": {"energy": {"dynamic": 1.79190894472e-06, "internal": 1.4188384656e-06, "leakage": 6.677959127199999e-08, "switching": 3.7307047912e-07, "total": 1.8586874863999999e-06}, "power": {"dynamic": 0.000512173, "internal": 0.00040554, "leakage": 1.90873e-05, "switching": 0.000106633, "total": 0.00053126}}, "/snafu_top/ALIGNER": {"energy": {"dynamic": 1.020985719904e-08, "internal": 6.8984784064e-09, "leakage": 7.819740291200001e-12, "switching": 3.31137879264e-09, "total": 1.02176731608e-08}, "power": {"dynamic": 2.918236e-06, "internal": 1.97176e-06, "leakage": 2.23508e-09, "switching": 9.46476e-07, "total": 2.92047e-06}}, "/snafu_top/CGRA": {"energy": {"dynamic": 7.62024084112e-07, "internal": 4.8640542328e-07, "leakage": 2.4443808142399998e-08, "switching": 2.75618660832e-07, "total": 7.8646628288e-07}, "power": {"dynamic": 0.0002178058, "internal": 0.000139027, "leakage": 6.98666e-06, "switching": 7.87788e-05, "total": 0.000224792}}, "/snafu_top/CORE": {"energy": {"dynamic": 1.540263315032e-07, "internal": 1.27646480944e-07, "leakage": 2.29462502768e-09, "switching": 2.63798505592e-08, "total": 1.5632098452e-07}, "power": {"dynamic": 4.402463e-05, "internal": 3.64846e-05, "leakage": 6.55862e-07, "switching": 7.54003e-06, "total": 4.46805e-05}}, "/snafu_top/INSN_DATA_CONFLICT": {"energy": {"dynamic": 1.44159012152e-10, "internal": 3.9504543696e-11, "leakage": 1.707686184e-14, "switching": 1.0465446845599999e-10, "total": 1.44175805624e-10}, "power": {"dynamic": 4.12043e-08, "internal": 1.12914e-08, "leakage": 4.881e-12, "switching": 2.99129e-08, "total": 4.12091e-08}}, "/snafu_top/MM": {"energy": {"dynamic": 8.653914029120001e-07, "internal": 7.9778438328e-07, "leakage": 4.0028639968e-08, "switching": 6.7607019632e-08, "total": 9.054200428799999e-07}, "power": {"dynamic": 0.0002473508, "internal": 0.000228027, "leakage": 1.14412e-05, "switching": 1.93238e-05, "total": 0.000258792}}}, "perf": 174932, "count": 27738}