{"physical": {"/panic_top": {"energy": {"dynamic": 2.18056179e-07, "internal": 1.5304701499999998e-07, "leakage": 6.4877548e-09, "switching": 6.5009164e-08, "total": 2.24544208e-07}, "power": {"dynamic": 0.000477147, "internal": 0.000334895, "leakage": 1.41964e-05, "switching": 0.000142252, "total": 0.000491344}}, "/panic_top/I2C_DEVICE": {"energy": {"dynamic": 9.093317449999999e-10, "internal": 7.760042799999999e-10, "leakage": 2.89868245e-12, "switching": 1.33327465e-10, "total": 9.122314099999999e-10}, "power": {"dynamic": 1.9897849999999998e-06, "internal": 1.69804e-06, "leakage": 6.34285e-09, "switching": 2.91745e-07, "total": 1.99613e-06}}, "/panic_top/MEM": {"energy": {"dynamic": 1.1665039250000001e-07, "internal": 1.00568334e-07, "leakage": 5.2137759e-09, "switching": 1.6082058500000002e-08, "total": 1.21864077e-07}, "power": {"dynamic": 0.00025525250000000004, "internal": 0.000220062, "leakage": 1.14087e-05, "switching": 3.51905e-05, "total": 0.000266661}}, "/panic_top/MMIO": {"energy": {"dynamic": 4.4324338600000005e-11, "internal": 2.32564101e-11, "leakage": 4.1282638e-14, "switching": 2.10679285e-11, "total": 4.43656514e-11}, "power": {"dynamic": 9.698980000000001e-08, "internal": 5.08893e-08, "leakage": 9.0334e-11, "switching": 4.61005e-08, "total": 9.70802e-08}}, "/panic_top/SCALAR": {"energy": {"dynamic": 7.05593376e-08, "internal": 3.75135305e-08, "leakage": 2.2104541599999998e-11, "switching": 3.30458071e-08, "total": 7.058136499999999e-08}, "power": {"dynamic": 0.0001543968, "internal": 8.20865e-05, "leakage": 4.83688e-08, "switching": 7.23103e-05, "total": 0.000154445}}, "/panic_top/VCU": {"energy": {"dynamic": 2.11651324e-08, "internal": 1.41272867e-08, "leakage": 1.24887589e-09, "switching": 7.0378456999999995e-09, "total": 2.2414022e-08}, "power": {"dynamic": 4.63132e-05, "internal": 3.09131e-05, "leakage": 2.73277e-06, "switching": 1.54001e-05, "total": 4.9046e-05}}}, "perf": 22850}