{"physical": {"/flow_top": {"energy": {"dynamic": 4.92738708e-08, "internal": 3.7425696e-08, "leakage": 1.2683655600000001e-09, "switching": 1.1848174799999999e-08, "total": 5.0542245599999996e-08}, "power": {"dynamic": 0.000533267, "internal": 0.00040504, "leakage": 1.37269e-05, "switching": 0.000128227, "total": 0.000546994}}, "/flow_top/ALIGNER": {"energy": {"dynamic": 8.04320748e-11, "internal": 5.92481736e-11, "leakage": 2.03970228e-13, "switching": 2.1183901199999998e-11, "total": 8.06360016e-11}, "power": {"dynamic": 8.70477e-07, "internal": 6.41214e-07, "leakage": 2.20747e-09, "switching": 2.29263e-07, "total": 8.72684e-07}}, "/flow_top/CGRA": {"energy": {"dynamic": 2.4653059199999998e-08, "internal": 1.4934612e-08, "leakage": 1.51342884e-10, "switching": 9.7184472e-09, "total": 2.4804318e-08}, "power": {"dynamic": 0.000266808, "internal": 0.00016163, "leakage": 1.63791e-06, "switching": 0.000105178, "total": 0.000268445}}, "/flow_top/CORE": {"energy": {"dynamic": 1.739312652e-09, "internal": 1.5205436399999999e-09, "leakage": 6.03176112e-11, "switching": 2.1876901199999998e-10, "total": 1.7996285999999999e-09}, "power": {"dynamic": 1.882373e-05, "internal": 1.64561e-05, "leakage": 6.52788e-07, "switching": 2.36763e-06, "total": 1.94765e-05}}, "/flow_top/INSN_DATA_CONFLICT": {"energy": {"dynamic": 9.388237320000001e-13, "internal": 2.6155668e-13, "leakage": 4.25964e-16, "switching": 6.77267052e-13, "total": 9.39246e-13}, "power": {"dynamic": 1.0160430000000001e-08, "internal": 2.8307e-09, "leakage": 4.61e-12, "switching": 7.32973e-09, "total": 1.0165e-08}}, "/flow_top/MM": {"energy": {"dynamic": 2.27994228e-08, "internal": 2.0910582e-08, "leakage": 1.05637224e-09, "switching": 1.8888407999999997e-09, "total": 2.3855831999999998e-08}, "power": {"dynamic": 0.000246747, "internal": 0.000226305, "leakage": 1.14326e-05, "switching": 2.0442e-05, "total": 0.00025818}}}, "perf": 4620, "count": 148}