{"physical": {"/manic_top": {"energy": {"dynamic": 3.9392089872e-08, "internal": 2.9859041120000004e-08, "leakage": 2.688834856e-09, "switching": 9.533048752e-09, "total": 4.208098264e-08}, "power": {"dynamic": 0.0002040618, "internal": 0.000154678, "leakage": 1.39289e-05, "switching": 4.93838e-05, "total": 0.000217991}}, "/manic_top/ARBITER": {"energy": {"dynamic": 2.1731709648000002e-10, "internal": 9.192719232000001e-11, "leakage": 1.5126981176000002e-13, "switching": 1.2538990416e-10, "total": 2.174672816e-10}, "power": {"dynamic": 1.125762e-06, "internal": 4.76208e-07, "leakage": 7.83619e-10, "switching": 6.49554e-07, "total": 1.12654e-06}}, "/manic_top/I2C_DEVICE": {"energy": {"dynamic": 5.262870754400001e-10, "internal": 4.2857968640000006e-10, "leakage": 1.1892036160000002e-12, "switching": 9.770738904000001e-11, "total": 5.274760088e-10}, "power": {"dynamic": 2.726311e-06, "internal": 2.22016e-06, "leakage": 6.1604e-09, "switching": 5.06151e-07, "total": 2.73247e-06}}, "/manic_top/MEM": {"energy": {"dynamic": 1.76679840696e-08, "internal": 1.6920901896000003e-08, "leakage": 2.194304984e-09, "switching": 7.470821736e-10, "total": 1.9862271680000002e-08}, "power": {"dynamic": 9.152499e-05, "internal": 8.76549e-05, "leakage": 1.13671e-05, "switching": 3.87009e-06, "total": 0.000102892}}, "/manic_top/MMIO": {"energy": {"dynamic": 5.584820936e-12, "internal": 2.706266368e-12, "leakage": 1.6847179920000002e-14, "switching": 2.8785545679999997e-12, "total": 5.601673328e-12}, "power": {"dynamic": 2.8930899999999997e-08, "internal": 1.40192e-08, "leakage": 8.7273e-11, "switching": 1.49117e-08, "total": 2.90182e-08}}, "/manic_top/SCALAR": {"energy": {"dynamic": 8.252498608e-09, "internal": 4.451579616000001e-09, "leakage": 8.573890904000001e-12, "switching": 3.800918992e-09, "total": 8.26105028e-09}, "power": {"dynamic": 4.2750199999999996e-05, "internal": 2.30604e-05, "leakage": 4.44151e-08, "switching": 1.96898e-05, "total": 4.27945e-05}}, "/manic_top/VCU": {"energy": {"dynamic": 1.1467463984000001e-08, "internal": 7.933596528e-09, "leakage": 4.845477736000001e-10, "switching": 3.5338674560000004e-09, "total": 1.1951994384000001e-08}, "power": {"dynamic": 5.9404600000000004e-05, "internal": 4.10982e-05, "leakage": 2.51009e-06, "switching": 1.83064e-05, "total": 6.19146e-05}}}, "perf": 9652}