{"physical": {"/scalar_top": {"energy": {"dynamic": 1.2147303873023999e-05, "internal": 1.0188463829759999e-05, "leakage": 3.93758987472e-07, "switching": 1.9588400432639997e-06, "total": 1.254106941408e-05}, "power": {"dynamic": 0.0003707072, "internal": 0.000310928, "leakage": 1.20166e-05, "switching": 5.97792e-05, "total": 0.000382724}}, "/scalar_top/ALIGNER": {"energy": {"dynamic": 4.1327818205759996e-07, "internal": 2.543573745288e-07, "leakage": 6.268077113039999e-11, "switching": 1.589208075288e-07, "total": 4.13341096464e-07}, "power": {"dynamic": 1.261228e-05, "internal": 7.76239e-06, "leakage": 1.91287e-09, "switching": 4.84989e-06, "total": 1.26142e-05}}, "/scalar_top/CORE": {"energy": {"dynamic": 6.5408405559119995e-06, "internal": 5.1748409980799996e-06, "leakage": 2.118891671712e-08, "switching": 1.3659995578320001e-06, "total": 6.56203812336e-06}, "power": {"dynamic": 0.0001996111, "internal": 0.000157924, "leakage": 6.46636e-07, "switching": 4.16871e-05, "total": 0.000200258}}, "/scalar_top/INSN_DATA_CONFLICT": {"energy": {"dynamic": 7.670914366535999e-09, "internal": 2.167935417576e-09, "leakage": 2.0034306287999999e-13, "switching": 5.50297894896e-09, "total": 7.6711339116e-09}, "power": {"dynamic": 2.3409829999999999e-07, "internal": 6.61603e-08, "leakage": 6.114e-12, "switching": 1.67938e-07, "total": 2.34105e-07}}, "/scalar_top/MM": {"energy": {"dynamic": 4.9944604797432e-06, "internal": 4.75301956392e-06, "leakage": 3.72508991352e-07, "switching": 2.414409158232e-07, "total": 5.36695931304e-06}, "power": {"dynamic": 0.00015241921, "internal": 0.000145051, "leakage": 1.13681e-05, "switching": 7.36821e-06, "total": 0.000163787}}}, "perf": 1638396, "count": 1398043}