{"main": {"read_latency": 1, "destiny": {"leakage_power": 0.0377025, "read_dynamic_energy": 0.040280500000000004, "read_latency": 1.29522, "write_latency": 10.3834, "write_dynamic_energy": 0.0667687}, "write_latency": 1, "line_size": 4, "type": "main_mem", "size": 64}, "icache": {"line_size": 4, "destiny": {"leakage_power": 0.000591843, "hit_dynamic_energy": 0.00540088, "read_latency": 0.2445, "write_dynamic_energy": 0.00469011, "miss_dynamic_energy": 0.00540088}, "write_latency": 0, "invalid_latency": 0, "read_latency": 0, "sets": 2, "type": "cache", "children": ["main"], "size": 256}, "power": {"avg": {"total": 954236.1202010047, "compute": 237333.02800000005, "vrf": 291090.42877261457, "memory": {"total": 425812.66342839005, "parts": {"main": {"read": 82311.77346533387, "write": 18599.687068645562, "leakage": 37702.49999999999}, "icache": {"read": 99302.65983310885, "write": 0.0, "leakage": 591.843}, "dcache": {"read": 154308.45132132593, "write": 32621.94873997589, "leakage": 373.79999999999995}}}}, "dynamic": 236565.725, "leakage": 767.303}, "energy": {"total": 13729.37753495042, "compute": 3414.7048869189607, "vrf": 4188.1566929032, "memory": {"total": 6126.5159551282595, "parts": {"icache": {"read": 1428.7487952000001, "write": 0.0, "leakage": 8.51533055226}, "main": {"read": 1184.2869805, "write": 267.6089496, "leakage": 542.45678355}, "dcache": {"read": 2220.16222209, "write": 469.35872651999995, "leakage": 5.378167115999999}}}}, "frequency": 100000000.0, "dcache": {"line_size": 4, "destiny": {"leakage_power": 0.0003738, "hit_dynamic_energy": 0.00790113, "read_latency": 0.304819, "write_dynamic_energy": 0.00609866, "miss_dynamic_energy": 0.00790113}, "write_latency": 0, "invalid_latency": 0, "read_latency": 0, "sets": 8, "type": "cache", "children": ["main"], "size": 256}, "vrf": {"destiny": {"leakage_power": 0.00233276, "read_dynamic_energy": 0.00473775, "read_latency": 0.0549339, "write_dynamic_energy": 0.00455963}}, "cycles": 1438782}