{"physical": {"/scalar_top": {"energy": {"dynamic": 3.7169003844000005e-08, "internal": 2.9002965120000002e-08, "leakage": 1.252715022e-09, "switching": 8.166038724000001e-09, "total": 3.842172984e-08}, "power": {"dynamic": 0.00033870060000000003, "internal": 0.000264288, "leakage": 1.14153e-05, "switching": 7.44126e-05, "total": 0.000350116}}, "/scalar_top/I2C_DEVICE": {"energy": {"dynamic": 4.2783971658000003e-10, "internal": 3.375953568e-10, "leakage": 6.666386754e-13, "switching": 9.024435978e-11, "total": 4.285061676e-10}, "power": {"dynamic": 3.898667e-06, "internal": 3.07632e-06, "leakage": 6.07471e-09, "switching": 8.22347e-07, "total": 3.90474e-06}}, "/scalar_top/MEM": {"energy": {"dynamic": 2.21405070054e-08, "internal": 2.11013559e-08, "leakage": 1.247019516e-09, "switching": 1.0391511054e-09, "total": 2.338756932e-08}, "power": {"dynamic": 0.00020175420999999998, "internal": 0.000192285, "leakage": 1.13634e-05, "switching": 9.46921e-06, "total": 0.000213118}}, "/scalar_top/MMIO": {"energy": {"dynamic": 1.5755558358e-11, "internal": 7.869082284e-12, "leakage": 7.75324074e-15, "switching": 7.886476074e-12, "total": 1.5763273080000002e-11}, "power": {"dynamic": 1.4357169999999998e-07, "internal": 7.17066e-08, "leakage": 7.0651e-11, "switching": 7.18651e-08, "total": 1.43642e-07}}, "/scalar_top/SCALAR": {"energy": {"dynamic": 1.4210232600000001e-08, "internal": 7.526067966e-09, "leakage": 4.929773202e-12, "switching": 6.684164634e-09, "total": 1.4215170900000002e-08}, "power": {"dynamic": 0.00012949, "internal": 6.85809e-05, "leakage": 4.49223e-08, "switching": 6.09091e-05, "total": 0.000129535}}}, "perf": 5487}