{"physical": {"/panic_top": {"energy": {"dynamic": 6.670603616e-09, "internal": 5.099257439999999e-09, "leakage": 3.3672256999999997e-10, "switching": 1.5713461760000001e-09, "total": 7.0073330199999994e-09}, "power": {"dynamic": 0.0002928272, "internal": 0.000223848, "leakage": 1.47815e-05, "switching": 6.89792e-05, "total": 0.000307609}}, "/panic_top/I2C_DEVICE": {"energy": {"dynamic": 1.869866686e-10, "internal": 1.437618464e-10, "leakage": 1.56644392e-13, "switching": 4.32248222e-11, "total": 1.8714339500000001e-10}, "power": {"dynamic": 8.20837e-06, "internal": 6.31088e-06, "leakage": 6.8764e-09, "switching": 1.89749e-06, "total": 8.21525e-06}}, "/panic_top/MEM": {"energy": {"dynamic": 3.0221884299999997e-09, "internal": 2.6191305e-09, "leakage": 2.5990385399999997e-10, "switching": 4.0305793e-10, "total": 3.28209684e-09}, "power": {"dynamic": 0.0001326685, "internal": 0.000114975, "leakage": 1.14093e-05, "switching": 1.76935e-05, "total": 0.000144078}}, "/panic_top/MMIO": {"energy": {"dynamic": 1.388978608e-12, "internal": 6.823612319999999e-13, "leakage": 1.83850546e-15, "switching": 7.066173759999999e-13, "total": 1.3908192319999999e-12}, "power": {"dynamic": 6.09736e-08, "internal": 2.99544e-08, "leakage": 8.0707e-11, "switching": 3.10192e-08, "total": 6.10544e-08}}, "/panic_top/SCALAR": {"energy": {"dynamic": 1.7412508059999999e-09, "internal": 9.33984556e-10, "leakage": 1.1024699919999999e-12, "switching": 8.0726625e-10, "total": 1.7423556359999998e-09}, "power": {"dynamic": 7.64377e-05, "internal": 4.10002e-05, "leakage": 4.83964e-08, "switching": 3.54375e-05, "total": 7.64862e-05}}, "/panic_top/VCU": {"energy": {"dynamic": 1.7157463179999998e-09, "internal": 1.4002660979999999e-09, "leakage": 7.555192019999999e-11, "switching": 3.1548022e-10, "total": 1.7912984659999998e-09}, "power": {"dynamic": 7.531809999999999e-05, "internal": 6.14691e-05, "leakage": 3.31659e-06, "switching": 1.3849e-05, "total": 7.86347e-05}}}, "perf": 1139}