{"physical": {"/manic_top": {"energy": {"dynamic": 9.48477941928e-07, "internal": 7.207277976e-07, "leakage": 5.5815330924e-08, "switching": 2.2775014432800001e-07, "total": 1.004294475e-06}, "power": {"dynamic": 0.0002366958, "internal": 0.00017986, "leakage": 1.39289e-05, "switching": 5.68358e-05, "total": 0.000250625}}, "/manic_top/ARBITER": {"energy": {"dynamic": 2.6798042786400003e-09, "internal": 1.2968371908e-09, "leakage": 3.12746015088e-12, "switching": 1.3829670878400001e-09, "total": 2.68292986344e-09}, "power": {"dynamic": 6.687540000000001e-07, "internal": 3.2363e-07, "leakage": 7.80468e-10, "switching": 3.45124e-07, "total": 6.69534e-07}}, "/manic_top/I2C_DEVICE": {"energy": {"dynamic": 4.154605055063999e-09, "internal": 3.85741643796e-09, "leakage": 2.46519681768e-11, "switching": 2.97188617104e-10, "total": 4.179267522e-09}, "power": {"dynamic": 1.0367953999999998e-06, "internal": 9.62631e-07, "leakage": 6.15198e-09, "switching": 7.41644e-08, "total": 1.04295e-06}}, "/manic_top/MEM": {"energy": {"dynamic": 3.366299309076e-07, "internal": 3.18788812368e-07, "leakage": 4.5550189152e-08, "switching": 1.7841118539600002e-08, "total": 3.82180480704e-07}, "power": {"dynamic": 8.400711e-05, "internal": 7.95548e-05, "leakage": 1.13672e-05, "switching": 4.45231e-06, "total": 9.53744e-05}}, "/manic_top/MMIO": {"energy": {"dynamic": 1.73361362364e-10, "internal": 8.362622347200001e-11, "leakage": 3.5103923748e-13, "switching": 8.9735138892e-11, "total": 1.7371238958e-10}, "power": {"dynamic": 4.32629e-08, "internal": 2.08692e-08, "leakage": 8.7603e-11, "switching": 2.23937e-08, "total": 4.33505e-08}}, "/manic_top/SCALAR": {"energy": {"dynamic": 2.41025464692e-07, "internal": 1.297017513e-07, "leakage": 1.7816634792e-10, "switching": 1.1132371339200001e-07, "total": 2.41204184028e-07}, "power": {"dynamic": 6.01487e-05, "internal": 3.23675e-05, "leakage": 4.4462e-08, "switching": 2.77812e-05, "total": 6.01933e-05}}, "/manic_top/VCU": {"energy": {"dynamic": 3.37894951248e-07, "internal": 2.6644408272e-07, "leakage": 1.00579716e-08, "switching": 7.145086852799999e-08, "total": 3.47952922848e-07}, "power": {"dynamic": 8.43228e-05, "internal": 6.6492e-05, "leakage": 2.51e-06, "switching": 1.78308e-05, "total": 8.68328e-05}}}, "perf": 200358}