{"physical": {"/panic_top": {"energy": {"dynamic": 1.2797353127999997e-07, "internal": 8.906270016e-08, "leakage": 3.989756256e-09, "switching": 3.891083112e-08, "total": 1.3196317511999998e-07}, "power": {"dynamic": 0.000455357, "internal": 0.000316904, "leakage": 1.41964e-05, "switching": 0.000138453, "total": 0.000469553}}, "/panic_top/I2C_DEVICE": {"energy": {"dynamic": 6.953401747199999e-10, "internal": 5.785377023999999e-10, "leakage": 1.7846124312e-12, "switching": 1.1680247232e-10, "total": 6.971253407999999e-10}, "power": {"dynamic": 2.474168e-06, "internal": 2.05856e-06, "leakage": 6.35003e-09, "switching": 4.15608e-07, "total": 2.48052e-06}}, "/panic_top/MEM": {"energy": {"dynamic": 6.0695590512e-08, "internal": 5.297238648e-08, "leakage": 3.2063572559999997e-09, "switching": 7.723204032e-09, "total": 6.390175104e-08}, "power": {"dynamic": 0.00021596780000000002, "internal": 0.000188487, "leakage": 1.14089e-05, "switching": 2.74808e-05, "total": 0.000227376}}, "/panic_top/MMIO": {"energy": {"dynamic": 1.7089452216e-11, "internal": 9.149819279999998e-12, "leakage": 2.5999291439999998e-14, "switching": 7.939632935999999e-12, "total": 1.7115448416e-11}, "power": {"dynamic": 6.08079e-08, "internal": 3.2557e-08, "leakage": 9.2511e-11, "switching": 2.82509e-08, "total": 6.09004e-08}}, "/panic_top/SCALAR": {"energy": {"dynamic": 2.5324935959999997e-08, "internal": 1.3133111615999999e-08, "leakage": 1.3569285695999998e-11, "switching": 1.2191824343999998e-08, "total": 2.5338538296e-08}, "power": {"dynamic": 9.01115e-05, "internal": 4.67304e-05, "leakage": 4.82824e-08, "switching": 4.33811e-05, "total": 9.01599e-05}}, "/panic_top/VCU": {"energy": {"dynamic": 3.5899122168e-08, "internal": 2.2354849032e-08, "leakage": 7.679530416e-10, "switching": 1.3544273135999999e-08, "total": 3.666700776e-08}, "power": {"dynamic": 0.0001277367, "internal": 7.95433e-05, "leakage": 2.73254e-06, "switching": 4.81934e-05, "total": 0.000130469}}}, "perf": 14052}