{"physical": {"/manic_top": {"energy": {"dynamic": 3.45880091592e-07, "internal": 2.6161325639999996e-07, "leakage": 3.0275232408e-08, "switching": 8.426683519200001e-08, "total": 3.76155324e-07}, "power": {"dynamic": 0.0001591219, "internal": 0.000120355, "leakage": 1.39281e-05, "switching": 3.87669e-05, "total": 0.00017305}}, "/manic_top/ARBITER": {"energy": {"dynamic": 9.4192727544e-10, "internal": 5.514843528e-10, "leakage": 1.6851801988799999e-12, "switching": 3.9044292263999995e-10, "total": 9.4361187744e-10}, "power": {"dynamic": 4.33333e-07, "internal": 2.5371e-07, "leakage": 7.75266e-10, "switching": 1.79623e-07, "total": 4.34108e-07}}, "/manic_top/I2C_DEVICE": {"energy": {"dynamic": 8.61480248112e-09, "internal": 6.8441357952e-09, "leakage": 1.34426022768e-11, "switching": 1.77066668592e-09, "total": 8.6282488656e-09}, "power": {"dynamic": 3.963234e-06, "internal": 3.14864e-06, "leakage": 6.18426e-09, "switching": 8.14594e-07, "total": 3.96942e-06}}, "/manic_top/MEM": {"energy": {"dynamic": 1.0007120599919999e-07, "internal": 9.514849464e-08, "leakage": 2.4708437928e-08, "switching": 4.922711359199999e-09, "total": 1.2477988303200001e-07}, "power": {"dynamic": 4.603769e-05, "internal": 4.3773e-05, "leakage": 1.13671e-05, "switching": 2.26469e-06, "total": 5.74049e-05}}, "/manic_top/MMIO": {"energy": {"dynamic": 3.48485247072e-11, "internal": 1.6605176256e-11, "leakage": 1.9307277863999997e-13, "switching": 1.82433484512e-11, "total": 3.5041677912e-11}, "power": {"dynamic": 1.603204e-08, "internal": 7.6392e-09, "leakage": 8.8823e-11, "switching": 8.39284e-09, "total": 1.61209e-08}}, "/manic_top/SCALAR": {"energy": {"dynamic": 6.3610788888e-08, "internal": 3.5192313936e-08, "leakage": 9.7138063944e-11, "switching": 2.8418474952e-08, "total": 6.370795238399999e-08}, "power": {"dynamic": 2.92641e-05, "internal": 1.61902e-05, "leakage": 4.46883e-08, "switching": 1.30739e-05, "total": 2.93088e-05}}, "/manic_top/VCU": {"energy": {"dynamic": 1.58877096984e-07, "internal": 1.2370760668799998e-07, "leakage": 5.453654436e-09, "switching": 3.5169490296e-08, "total": 1.64330860104e-07}, "power": {"dynamic": 7.30913e-05, "internal": 5.69116e-05, "leakage": 2.50895e-06, "switching": 1.61797e-05, "total": 7.56003e-05}}}, "perf": 108684}