{"physical": {"/base_top": {"energy": {"dynamic": 1.3988099987274e-05, "internal": 1.239280602868e-05, "leakage": 4.41743038128e-07, "switching": 1.595293958594e-06, "total": 1.4429861936559999e-05}, "power": {"dynamic": 0.0005177721, "internal": 0.000458722, "leakage": 1.63512e-05, "switching": 5.90501e-05, "total": 0.000534124}}, "/base_top/ARBITER": {"energy": {"dynamic": 1.5184903427679998e-07, "internal": 4.83898710904e-08, "leakage": 2.3687576191999998e-11, "switching": 1.034591631864e-07, "total": 1.5187280830399998e-07}, "power": {"dynamic": 5.62072e-06, "internal": 1.79116e-06, "leakage": 8.768e-10, "switching": 3.82956e-06, "total": 5.6216e-06}}, "/base_top/I2C_DEVICE": {"energy": {"dynamic": 2.5617738130081997e-08, "internal": 2.50657943711e-08, "leakage": 1.62850735523e-10, "switching": 5.51943758982e-10, "total": 2.578058211162e-08}, "power": {"dynamic": 9.482453e-07, "internal": 9.27815e-07, "leakage": 6.02795e-09, "switching": 2.04303e-08, "total": 9.54273e-07}}, "/base_top/MEM": {"energy": {"dynamic": 4.9165501429394e-06, "internal": 4.72646571894e-06, "leakage": 3.07100996356e-07, "switching": 1.9008442399939998e-07, "total": 5.22364006276e-06}, "power": {"dynamic": 0.00018198701, "internal": 0.000174951, "leakage": 1.13674e-05, "switching": 7.03601e-06, "total": 0.000193354}}, "/base_top/MMIO": {"energy": {"dynamic": 6.20045540534e-10, "internal": 3.03437634892e-10, "leakage": 2.2522648859199997e-12, "switching": 3.16607905642e-10, "total": 6.22301371524e-10}, "power": {"dynamic": 2.29511e-08, "internal": 1.12318e-08, "leakage": 8.3368e-11, "switching": 1.17193e-08, "total": 2.30346e-08}}, "/base_top/SCALAR": {"energy": {"dynamic": 9.35410712936e-07, "internal": 5.003973454619999e-07, "leakage": 1.2369356192759998e-09, "switching": 4.3501336747399997e-07, "total": 9.366480429879999e-07}, "power": {"dynamic": 3.46244e-05, "internal": 1.85223e-05, "leakage": 4.57854e-08, "switching": 1.61021e-05, "total": 3.46702e-05}}, "/base_top/VCU": {"energy": {"dynamic": 7.86597459837e-06, "internal": 7.08968507044e-06, "leakage": 1.33208846155e-07, "switching": 7.762895279299999e-07, "total": 7.999176690539999e-06}, "power": {"dynamic": 0.0002911605, "internal": 0.000262426, "leakage": 4.93075e-06, "switching": 2.87345e-05, "total": 0.000296091}}}, "perf": 1350797}