{"icache": {"read_latency": 0, "destiny": {"leakage_power": 0.000295922, "hit_dynamic_energy": 0.00356465, "read_latency": 0.243833, "write_dynamic_energy": 0.00285388, "miss_dynamic_energy": 0.00356465}, "write_latency": 0, "invalid_latency": 1, "line_size": 4, "sets": 2, "type": "cache", "children": ["main"], "size": 128}, "power": {"avg": {"total": 1057214.5060119068, "compute": 207589.65600000005, "vrf": 46957.23676216163, "memory": {"total": 802667.6132497451, "parts": {"main": {"read": 488220.3812123804, "write": 43922.44186428971, "leakage": 37702.5}, "icache": {"read": 102919.11225865869, "write": 0.0, "leakage": 295.922}, "dcache": {"read": 120400.58826431601, "write": 8910.74565010032, "leakage": 295.922}}}}, "dynamic": 206820.619, "leakage": 769.037}, "energy": {"total": 321.4249262628, "compute": 63.11348311368001, "vrf": 14.2764086928, "memory": {"total": 244.03503445632, "parts": {"icache": {"read": 31.2904977, "write": 0.0, "leakage": 0.08996916566000002}, "main": {"read": 148.43364250000002, "write": 13.35374, "leakage": 11.462691075}, "dcache": {"read": 36.60539085, "write": 2.709134, "leakage": 0.08996916566000002}}}}, "frequency": 100000000.0, "dcache": {"read_latency": 0, "destiny": {"leakage_power": 0.000295922, "hit_dynamic_energy": 0.00356465, "read_latency": 0.243833, "write_dynamic_energy": 0.00285388, "miss_dynamic_energy": 0.00356465}, "write_latency": 0, "invalid_latency": 1, "line_size": 4, "sets": 2, "type": "cache", "children": ["main"], "size": 128}, "vrf": {"destiny": {"leakage_power": 0.00233276, "read_dynamic_energy": 0.00473775, "read_latency": 0.0549339, "write_dynamic_energy": 0.00455963}}, "cycles": 30403, "main": {"read_latency": 0, "destiny": {"leakage_power": 0.0377025, "read_dynamic_energy": 0.040280500000000004, "read_latency": 1.29522, "write_latency": 10.3834, "write_dynamic_energy": 0.0667687}, "write_latency": 0, "line_size": 4, "type": "main_mem", "size": 64}}