{"physical": {"/manic_top": {"energy": {"dynamic": 2.5229119770400004e-07, "internal": 1.9345122888e-07, "leakage": 1.096562948e-08, "switching": 5.8839968823999996e-08, "total": 2.6325698464e-07}, "power": {"dynamic": 0.00032045930000000004, "internal": 0.000245721, "leakage": 1.39285e-05, "switching": 7.47383e-05, "total": 0.000334388}}, "/manic_top/ARBITER": {"energy": {"dynamic": 1.09928142584e-09, "internal": 4.3487300272e-10, "leakage": 6.169196935200001e-13, "switching": 6.6440842312e-10, "total": 1.0999010152e-09}, "power": {"dynamic": 1.396303e-06, "internal": 5.52374e-07, "leakage": 7.83609e-10, "switching": 8.43929e-07, "total": 1.39709e-06}}, "/manic_top/I2C_DEVICE": {"energy": {"dynamic": 1.1216504124799999e-09, "internal": 9.909572088e-10, "leakage": 4.8502982424e-12, "switching": 1.3069320368000001e-10, "total": 1.1265032064e-09}, "power": {"dynamic": 1.424716e-06, "internal": 1.25871e-06, "leakage": 6.16083e-09, "switching": 1.66006e-07, "total": 1.43088e-06}}, "/manic_top/MEM": {"energy": {"dynamic": 1.358598703904e-07, "internal": 1.2917847695999998e-07, "leakage": 8.949090488e-09, "switching": 6.6813934304e-09, "total": 1.4480913408e-07}, "power": {"dynamic": 0.00017256868, "internal": 0.000164082, "leakage": 1.13671e-05, "switching": 8.48668e-06, "total": 0.000183936}}, "/manic_top/MMIO": {"energy": {"dynamic": 5.2333178351999996e-11, "internal": 2.576413164e-11, "leakage": 6.680385712e-14, "switching": 2.6569046712e-11, "total": 5.2399939696e-11}, "power": {"dynamic": 6.64734e-08, "internal": 3.27255e-08, "leakage": 8.4854e-11, "switching": 3.37479e-08, "total": 6.65582e-08}}, "/manic_top/SCALAR": {"energy": {"dynamic": 7.662123872e-08, "internal": 4.0022480992e-08, "leakage": 3.5346431432e-11, "switching": 3.6598757728e-08, "total": 7.6656587592e-08}, "power": {"dynamic": 9.7324e-05, "internal": 5.08364e-05, "leakage": 4.48969e-08, "switching": 4.64876e-05, "total": 9.73689e-05}}, "/manic_top/VCU": {"energy": {"dynamic": 3.2311230848e-08, "internal": 2.2603202439999998e-08, "leakage": 1.9754508488e-09, "switching": 9.708028408e-09, "total": 3.4286673824000003e-08}, "power": {"dynamic": 4.10416e-05, "internal": 2.87105e-05, "leakage": 2.50921e-06, "switching": 1.23311e-05, "total": 4.35508e-05}}}, "perf": 39364}