{"physical": {"/manic_top": {"energy": {"dynamic": 2.1828764881840003e-06, "internal": 1.72442160472e-06, "leakage": 1.1152587609200001e-07, "switching": 4.5845488346400005e-07, "total": 2.29440396544e-06}, "power": {"dynamic": 0.0002726612, "internal": 0.000215396, "leakage": 1.39306e-05, "switching": 5.72652e-05, "total": 0.000286592}}, "/manic_top/ARBITER": {"energy": {"dynamic": 1.0000061756180001e-08, "internal": 4.04235467514e-09, "leakage": 6.25499520092e-12, "switching": 5.95770708104e-09, "total": 1.00063143016e-08}, "power": {"dynamic": 1.249099e-06, "internal": 5.04927e-07, "leakage": 7.81306e-10, "switching": 7.44172e-07, "total": 1.24988e-06}}, "/manic_top/I2C_DEVICE": {"energy": {"dynamic": 7.608933875246e-09, "internal": 7.330144803640001e-09, "leakage": 4.9167583413600004e-11, "switching": 2.7878907160600003e-10, "total": 7.65809521412e-09}, "power": {"dynamic": 9.504253e-07, "internal": 9.15602e-07, "leakage": 6.14148e-09, "switching": 3.48233e-08, "total": 9.56566e-07}}, "/manic_top/MEM": {"energy": {"dynamic": 6.056626192378001e-07, "internal": 5.809727504160001e-07, "leakage": 9.1003757104e-08, "switching": 2.4689868821800004e-08, "total": 6.966664564000001e-07}, "power": {"dynamic": 7.565279e-05, "internal": 7.25688e-05, "leakage": 1.13672e-05, "switching": 3.08399e-06, "total": 8.702e-05}}, "/manic_top/MMIO": {"energy": {"dynamic": 2.00135092434e-10, "internal": 9.818898055400001e-11, "leakage": 6.4888772264e-13, "switching": 1.0194611188e-10, "total": 2.0078436443600001e-10}, "power": {"dynamic": 2.49987e-08, "internal": 1.22647e-08, "leakage": 8.1052e-11, "switching": 1.2734e-08, "total": 2.50798e-08}}, "/manic_top/SCALAR": {"energy": {"dynamic": 2.97713228922e-07, "internal": 1.5896676424799998e-07, "leakage": 3.5953737329000004e-10, "switching": 1.38746464674e-07, "total": 2.9807269024e-07}, "power": {"dynamic": 3.71871e-05, "internal": 1.98564e-05, "leakage": 4.49095e-08, "switching": 1.73307e-05, "total": 3.7232e-05}}, "/manic_top/VCU": {"energy": {"dynamic": 1.2101693581840002e-06, "internal": 9.7208267604e-07, "leakage": 2.0104455358600003e-08, "switching": 2.38086682144e-07, "total": 1.23027037104e-06}, "power": {"dynamic": 0.0001511612, "internal": 0.000121422, "leakage": 2.51123e-06, "switching": 2.97392e-05, "total": 0.000153672}}}, "perf": 400291}