{"physical": {"/base_top": {"energy": {"dynamic": 5.2969205744e-08, "internal": 4.52628604e-08, "leakage": 2.423753648e-09, "switching": 7.706345344e-09, "total": 5.5392989040000004e-08}, "power": {"dynamic": 0.0003573206, "internal": 0.000305335, "leakage": 1.63502e-05, "switching": 5.19856e-05, "total": 0.000373671}}, "/base_top/ARBITER": {"energy": {"dynamic": 4.4286255280000006e-10, "internal": 1.506918896e-10, "leakage": 1.3013218752e-13, "switching": 2.9217066320000003e-10, "total": 4.42993004e-10}, "power": {"dynamic": 2.9874700000000002e-06, "internal": 1.01654e-06, "leakage": 8.77848e-10, "switching": 1.97093e-06, "total": 2.98835e-06}}, "/base_top/I2C_DEVICE": {"energy": {"dynamic": 4.758314252800001e-10, "internal": 3.830580896e-10, "leakage": 8.968297639999999e-13, "switching": 9.277333568e-11, "total": 4.767279808e-10}, "power": {"dynamic": 3.209872e-06, "internal": 2.58404e-06, "leakage": 6.04985e-09, "switching": 6.25832e-07, "total": 3.21592e-06}}, "/base_top/MEM": {"energy": {"dynamic": 2.4106348527200003e-08, "internal": 2.3114766720000002e-08, "leakage": 1.685088552e-09, "switching": 9.915818072e-10, "total": 2.579138816e-08}, "power": {"dynamic": 0.00016261703, "internal": 0.000155928, "leakage": 1.13673e-05, "switching": 6.68903e-06, "total": 0.000173984}}, "/base_top/MMIO": {"energy": {"dynamic": 5.310001272000001e-12, "internal": 2.573876296e-12, "leakage": 1.278481056e-14, "switching": 2.736124976e-12, "total": 5.3227943839999996e-12}, "power": {"dynamic": 3.58203e-08, "internal": 1.73629e-08, "leakage": 8.6244e-11, "switching": 1.84574e-08, "total": 3.59066e-08}}, "/base_top/SCALAR": {"energy": {"dynamic": 7.806273928e-09, "internal": 4.179597152e-09, "leakage": 6.6875362960000004e-12, "switching": 3.626676776e-09, "total": 7.812959552e-09}, "power": {"dynamic": 5.26597e-05, "internal": 2.81948e-05, "leakage": 4.51129e-08, "switching": 2.44649e-05, "total": 5.27048e-05}}, "/base_top/VCU": {"energy": {"dynamic": 1.9600796816000002e-08, "internal": 1.740678552e-08, "leakage": 7.308958376e-10, "switching": 2.194011296e-09, "total": 2.033170896e-08}, "power": {"dynamic": 0.0001322234, "internal": 0.000117423, "leakage": 4.93049e-06, "switching": 1.48004e-05, "total": 0.000137154}}}, "perf": 7412}