{"physical": {"/panic_top": {"energy": {"dynamic": 5.2594911519999995e-08, "internal": 3.903422712e-08, "leakage": 1.7672467799999998e-09, "switching": 1.35606844e-08, "total": 5.436221816e-08}, "power": {"dynamic": 0.000439316, "internal": 0.000326046, "leakage": 1.47615e-05, "switching": 0.00011327, "total": 0.000454078}}, "/panic_top/I2C_DEVICE": {"energy": {"dynamic": 4.5909040372e-10, "internal": 3.671118024e-10, "leakage": 8.971828772000001e-13, "switching": 9.197860132e-11, "total": 4.5998698680000006e-10}, "power": {"dynamic": 3.834701e-06, "internal": 3.06642e-06, "leakage": 7.49401e-09, "switching": 7.68281e-07, "total": 3.84219e-06}}, "/panic_top/MEM": {"energy": {"dynamic": 2.4526904707999997e-08, "internal": 2.0983324399999998e-08, "leakage": 1.36594534e-09, "switching": 3.543580308e-09, "total": 2.589280216e-08}, "power": {"dynamic": 0.00020486889999999999, "internal": 0.00017527, "leakage": 1.14095e-05, "switching": 2.95989e-05, "total": 0.000216278}}, "/panic_top/MMIO": {"energy": {"dynamic": 6.55754328e-12, "internal": 3.394672572e-12, "leakage": 1.3888717199999999e-14, "switching": 3.162870708e-12, "total": 6.571430799999999e-12}, "power": {"dynamic": 5.4774e-08, "internal": 2.83551e-08, "leakage": 1.1601e-10, "switching": 2.64189e-08, "total": 5.489e-08}}, "/panic_top/SCALAR": {"energy": {"dynamic": 9.761298368e-09, "internal": 5.2391746679999994e-09, "leakage": 5.90237558e-12, "switching": 4.5221237e-09, "total": 9.767200564e-09}, "power": {"dynamic": 8.15344e-05, "internal": 4.37619e-05, "leakage": 4.93015e-08, "switching": 3.77725e-05, "total": 8.15837e-05}}, "/panic_top/VCU": {"energy": {"dynamic": 1.7826104476000002e-08, "internal": 1.2435915e-08, "leakage": 3.94459442e-10, "switching": 5.3901894759999995e-09, "total": 1.822054596e-08}, "power": {"dynamic": 0.0001488983, "internal": 0.000103875, "leakage": 3.29485e-06, "switching": 4.50233e-05, "total": 0.000152193}}}, "perf": 5986}