{"main": {"read_latency": 0, "destiny": {"leakage_power": 0.0377025, "read_dynamic_energy": 0.040280500000000004, "read_latency": 1.29522, "write_latency": 10.3834, "write_dynamic_energy": 0.0667687}, "write_latency": 0, "line_size": 4, "type": "main_mem", "size": 64}, "icache": {"line_size": 4, "destiny": {"leakage_power": 0.000295922, "hit_dynamic_energy": 0.00356465, "read_latency": 0.243833, "write_dynamic_energy": 0.00285388, "miss_dynamic_energy": 0.00356465}, "write_latency": 0, "invalid_latency": 1, "read_latency": 0, "sets": 2, "type": "cache", "children": ["main"], "size": 128}, "power": {"avg": {"total": 805343.5675047003, "compute": 233388.97599999997, "vrf": 1313.2159329341503, "memory": {"total": 570641.3755717662, "parts": {"main": {"read": 31419.971959437582, "write": 1227.611572333411, "leakage": 37702.49999999999}, "icache": {"read": 98005.84487919185, "write": 0.0, "leakage": 295.922}, "dcache": {"read": 279393.87894769356, "write": 122221.84621310973, "leakage": 373.79999999999995}}}}, "dynamic": 232631.872, "leakage": 757.104}, "energy": {"total": 10819.07407365057, "compute": 3135.37317637136, "vrf": 17.64188729679, "memory": {"total": 7666.05900998242, "parts": {"icache": {"read": 1316.62130075, "write": 0.0, "leakage": 3.9754486994200002}, "main": {"read": 422.09935950000005, "write": 16.4918689, "leakage": 506.499532275}, "dcache": {"read": 3753.4081031099995, "write": 1641.9417264299998, "leakage": 5.021670318}}}}, "frequency": 100000000.0, "dcache": {"line_size": 4, "destiny": {"leakage_power": 0.0003738, "hit_dynamic_energy": 0.00790113, "read_latency": 0.304819, "write_dynamic_energy": 0.00609866, "miss_dynamic_energy": 0.00790113}, "write_latency": 0, "invalid_latency": 1, "read_latency": 0, "sets": 8, "type": "cache", "children": ["main"], "size": 256}, "vrf": {"destiny": {"leakage_power": 0.000583189, "read_dynamic_energy": 0.00224385, "read_latency": 0.051956800000000004, "write_dynamic_energy": 0.0020657199999999996}}, "cycles": 1343411}