{"physical": {"/scalar_top": {"energy": {"dynamic": 3.1065460634399996e-05, "internal": 2.39868720348e-05, "leakage": 8.0382719088e-07, "switching": 7.078588599599999e-06, "total": 3.18692455764e-05}, "power": {"dynamic": 0.00044117799999999997, "internal": 0.000340651, "leakage": 1.14156e-05, "switching": 0.000100527, "total": 0.000452593}}, "/scalar_top/I2C_DEVICE": {"energy": {"dynamic": 8.60153397696e-08, "internal": 7.8363222624e-08, "leakage": 4.25385664872e-10, "switching": 7.6521171456e-09, "total": 8.6440504332e-08}, "power": {"dynamic": 1.221552e-06, "internal": 1.11288e-06, "leakage": 6.04114e-09, "switching": 1.08672e-07, "total": 1.22759e-06}}, "/scalar_top/MEM": {"energy": {"dynamic": 1.8415075657439998e-05, "internal": 1.75340597628e-05, "leakage": 8.0015153832e-07, "switching": 8.8101589464e-07, "total": 1.92152835276e-05}, "power": {"dynamic": 0.0002615228, "internal": 0.000249011, "leakage": 1.13634e-05, "switching": 1.25118e-05, "total": 0.000272887}}, "/scalar_top/MMIO": {"energy": {"dynamic": 1.10951544138e-08, "internal": 5.55860768532e-09, "leakage": 4.8769994628e-12, "switching": 5.53654672848e-09, "total": 1.11000482424e-08}, "power": {"dynamic": 1.575685e-07, "internal": 7.89409e-08, "leakage": 6.9261e-11, "switching": 7.86276e-08, "total": 1.57638e-07}}, "/scalar_top/SCALAR": {"energy": {"dynamic": 1.2283235168279999e-05, "internal": 6.33908532852e-06, "leakage": 3.18497406768e-09, "switching": 5.94414983976e-06, "total": 1.22863967928e-05}, "power": {"dynamic": 0.00017444109999999999, "internal": 9.00249e-05, "leakage": 4.52316e-08, "switching": 8.44162e-05, "total": 0.000174486}}}, "perf": 3520740}