{"physical": {"/base_top": {"energy": {"dynamic": 7.14412344282e-07, "internal": 6.0335700586e-07, "leakage": 2.5720863728e-08, "switching": 1.11055338422e-07, "total": 7.401339946e-07}, "power": {"dynamic": 0.0004541199, "internal": 0.000383527, "leakage": 1.63496e-05, "switching": 7.05929e-05, "total": 0.00047047}}, "/base_top/ARBITER": {"energy": {"dynamic": 7.583152358599999e-09, "internal": 2.4276212534e-09, "leakage": 1.3639439136399999e-12, "switching": 5.1555311052e-09, "total": 7.584521025199999e-09}, "power": {"dynamic": 4.82027e-06, "internal": 1.54313e-06, "leakage": 8.66998e-10, "switching": 3.27714e-06, "total": 4.82114e-06}}, "/base_top/I2C_DEVICE": {"energy": {"dynamic": 1.9917324049e-09, "internal": 1.8305837116e-09, "leakage": 9.4844347794e-12, "switching": 1.611486933e-10, "total": 2.0012108144e-09}, "power": {"dynamic": 1.266055e-06, "internal": 1.16362e-06, "leakage": 6.02883e-09, "switching": 1.02435e-07, "total": 1.27208e-06}}, "/base_top/MEM": {"energy": {"dynamic": 3.268053024264e-07, "internal": 3.1277335488e-07, "leakage": 1.7882966332e-08, "switching": 1.40319475464e-08, "total": 3.4468845754e-07}, "power": {"dynamic": 0.00020773548, "internal": 0.000198816, "leakage": 1.13674e-05, "switching": 8.91948e-06, "total": 0.000219103}}, "/base_top/MMIO": {"energy": {"dynamic": 6.8058598524e-11, "internal": 3.2856493571999996e-11, "leakage": 1.2993994846e-13, "switching": 3.5202104952e-11, "total": 6.8188543192e-11}, "power": {"dynamic": 4.3261799999999996e-08, "internal": 2.08854e-08, "leakage": 8.2597e-11, "switching": 2.23764e-08, "total": 4.33444e-08}}, "/base_top/SCALAR": {"energy": {"dynamic": 1.11370761012e-07, "internal": 5.881962701999999e-08, "leakage": 7.168462110599999e-11, "switching": 5.2551133992e-08, "total": 1.1144249802e-07}, "power": {"dynamic": 7.07934e-05, "internal": 3.7389e-05, "leakage": 4.55667e-08, "switching": 3.34044e-05, "total": 7.0839e-05}}, "/base_top/VCU": {"energy": {"dynamic": 2.60971211886e-07, "internal": 2.271829238e-07, "leakage": 7.7547862966e-09, "switching": 3.3788288086e-08, "total": 2.6872588806e-07}, "power": {"dynamic": 0.0001658877, "internal": 0.00014441, "leakage": 4.92937e-06, "switching": 2.14777e-05, "total": 0.000170817}}}, "perf": 78659}