{"physical": {"/panic_top": {"energy": {"dynamic": 1.3592996571e-06, "internal": 9.712232769e-07, "leakage": 3.4278536369999995e-08, "switching": 3.880763802e-07, "total": 1.3935784238999999e-06}, "power": {"dynamic": 0.000589897, "internal": 0.000421483, "leakage": 1.48759e-05, "switching": 0.000168414, "total": 0.000604773}}, "/panic_top/I2C_DEVICE": {"energy": {"dynamic": 3.1611620200499995e-09, "internal": 2.933903889e-09, "leakage": 1.5630435588e-11, "switching": 2.2725813105e-10, "total": 3.1768001520000004e-09}, "power": {"dynamic": 1.3718534999999998e-06, "internal": 1.27323e-06, "leakage": 6.78316e-09, "switching": 9.86235e-08, "total": 1.37864e-06}}, "/panic_top/MEM": {"energy": {"dynamic": 4.9624506123e-07, "internal": 4.347845412e-07, "leakage": 2.628607182e-08, "switching": 6.146052003e-08, "total": 5.225299809e-07}, "power": {"dynamic": 0.0002153561, "internal": 0.000188684, "leakage": 1.14074e-05, "switching": 2.66721e-05, "total": 0.000226763}}, "/panic_top/MMIO": {"energy": {"dynamic": 1.3118218599e-10, "internal": 6.431693031e-11, "leakage": 1.827286857e-13, "switching": 6.686525568e-11, "total": 1.3136491698e-10}, "power": {"dynamic": 5.6929299999999996e-08, "internal": 2.79117e-08, "leakage": 7.9299e-11, "switching": 2.90176e-08, "total": 5.70086e-08}}, "/panic_top/SCALAR": {"energy": {"dynamic": 2.6585008658999996e-07, "internal": 1.4137617875999999e-07, "leakage": 1.133738643e-10, "switching": 1.2447390783e-07, "total": 2.6596230600000003e-07}, "power": {"dynamic": 0.00011537129999999998, "internal": 6.13532e-05, "leakage": 4.9201e-08, "switching": 5.40181e-05, "total": 0.00011542}}, "/panic_top/VCU": {"energy": {"dynamic": 5.933703845100001e-07, "internal": 3.9181165049999996e-07, "leakage": 7.862525073e-09, "switching": 2.0155873401e-07, "total": 6.012333474e-07}, "power": {"dynamic": 0.0002575057, "internal": 0.000170035, "leakage": 3.41211e-06, "switching": 8.74707e-05, "total": 0.000260918}}}, "perf": 115215}