{"main": {"read_latency": 0, "destiny": {"leakage_power": 0.0377025, "read_dynamic_energy": 0.040280500000000004, "read_latency": 1.29522, "write_latency": 10.3834, "write_dynamic_energy": 0.0667687}, "write_latency": 0, "line_size": 4, "type": "main_mem", "size": 64}, "icache": {"read_latency": 0, "destiny": {"leakage_power": 0.000147961, "hit_dynamic_energy": 0.00296197, "read_latency": 0.243648, "write_dynamic_energy": 0.0022512, "miss_dynamic_energy": 0.00296197}, "write_latency": 0, "invalid_latency": 1, "line_size": 4, "sets": 2, "type": "cache", "children": ["main"], "size": 64}, "power": {"avg": {"total": 900599.1916641915, "compute": 201613.875, "vrf": 63334.465010767206, "memory": {"total": 635650.8516534246, "parts": {"main": {"read": 242358.8082152155, "write": 6008.818178896281, "leakage": 37702.5}, "icache": {"read": 81777.14235207147, "write": 0.0, "leakage": 147.96099999999998}, "dcache": {"read": 247499.15784398804, "write": 19782.664063253298, "leakage": 373.79999999999995}}}}, "dynamic": 200844.002, "leakage": 769.873}, "energy": {"total": 280.20342650247994, "compute": 62.72812492875, "vrf": 19.705252098800003, "memory": {"total": 197.77004947492998, "parts": {"icache": {"read": 25.4433223, "write": 0.0, "leakage": 0.04603510593}, "main": {"read": 75.405096, "write": 1.8695236, "leakage": 11.730378825}, "dcache": {"read": 77.00441298, "write": 6.154980269999999, "leakage": 0.11630039399999999}}}}, "frequency": 100000000.0, "dcache": {"read_latency": 0, "destiny": {"leakage_power": 0.0003738, "hit_dynamic_energy": 0.00790113, "read_latency": 0.304819, "write_dynamic_energy": 0.00609866, "miss_dynamic_energy": 0.00790113}, "write_latency": 0, "invalid_latency": 1, "line_size": 4, "sets": 8, "type": "cache", "children": ["main"], "size": 256}, "vrf": {"destiny": {"leakage_power": 0.00233276, "read_dynamic_energy": 0.00473775, "read_latency": 0.0549339, "write_dynamic_energy": 0.00455963}}, "cycles": 31113}