{"physical": {"/scalar_top": {"energy": {"dynamic": 3.6685281289530004e-05, "internal": 2.82310557394e-05, "leakage": 9.805224688600001e-07, "switching": 8.45422555013e-06, "total": 3.76658295259e-05}, "power": {"dynamic": 0.0004271109, "internal": 0.000328682, "leakage": 1.14158e-05, "switching": 9.84289e-05, "total": 0.000438527}}, "/scalar_top/I2C_DEVICE": {"energy": {"dynamic": 1.081366195996e-07, "internal": 9.4921494421e-08, "leakage": 5.18684515794e-10, "switching": 1.32151251786e-08, "total": 1.08655577251e-07}, "power": {"dynamic": 1.258988e-06, "internal": 1.10513e-06, "leakage": 6.03882e-09, "switching": 1.53858e-07, "total": 1.26503e-06}}, "/scalar_top/MEM": {"energy": {"dynamic": 2.115412077711e-05, "internal": 2.01670275932e-05, "leakage": 9.7602174378e-07, "switching": 9.8709318391e-07, "total": 2.21300823967e-05}, "power": {"dynamic": 0.0002462883, "internal": 0.000234796, "leakage": 1.13634e-05, "switching": 1.14923e-05, "total": 0.000257651}}, "/scalar_top/MMIO": {"energy": {"dynamic": 1.7819435648800002e-08, "internal": 8.900785087600001e-09, "leakage": 5.5362354151999995e-12, "switching": 8.918650561200001e-09, "total": 1.78249327176e-08}, "power": {"dynamic": 2.07464e-07, "internal": 1.03628e-07, "leakage": 6.4456e-11, "switching": 1.03836e-07, "total": 2.07528e-07}}, "/scalar_top/SCALAR": {"energy": {"dynamic": 1.5089213359240002e-05, "internal": 7.92855975696e-06, "leakage": 3.90182802341e-09, "switching": 7.160653602280001e-06, "total": 1.50931471991e-05}, "power": {"dynamic": 0.00017567720000000002, "internal": 9.23088e-05, "leakage": 4.54273e-08, "switching": 8.33684e-05, "total": 0.000175723}}}, "perf": 4294585}