{"physical": {"/base_top": {"energy": {"dynamic": 9.272281858200001e-07, "internal": 8.323939500000001e-07, "leakage": 3.28556994e-08, "switching": 9.483423582e-08, "total": 9.600832824000001e-07}, "power": {"dynamic": 0.0004614453, "internal": 0.00041425, "leakage": 1.6351e-05, "switching": 4.71953e-05, "total": 0.000477796}}, "/base_top/ARBITER": {"energy": {"dynamic": 7.153283154000001e-09, "internal": 2.4251448600000003e-09, "leakage": 1.7540333916000002e-12, "switching": 4.728138294e-09, "total": 7.155051426000001e-09}, "power": {"dynamic": 3.5599100000000003e-06, "internal": 1.2069e-06, "leakage": 8.72914e-10, "switching": 2.35301e-06, "total": 3.56079e-06}}, "/base_top/I2C_DEVICE": {"energy": {"dynamic": 2.2269444759599997e-09, "internal": 2.088891864e-09, "leakage": 1.2130928646000001e-11, "switching": 1.3805261196000001e-10, "total": 2.2390744200000005e-09}, "power": {"dynamic": 1.1082633999999998e-06, "internal": 1.03956e-06, "leakage": 6.03709e-09, "switching": 6.87034e-08, "total": 1.1143e-06}}, "/base_top/MEM": {"energy": {"dynamic": 3.3459170445600005e-07, "internal": 3.2251673760000005e-07, "leakage": 2.2841653560000003e-08, "switching": 1.2074966856000002e-08, "total": 3.5743408140000006e-07}, "power": {"dynamic": 0.00016651324, "internal": 0.000160504, "leakage": 1.13674e-05, "switching": 6.00924e-06, "total": 0.000177881}}, "/base_top/MMIO": {"energy": {"dynamic": 4.512650238e-11, "internal": 2.2399987440000003e-11, "leakage": 1.77309456e-13, "switching": 2.2726514940000002e-11, "total": 4.530373146e-11}, "power": {"dynamic": 2.24577e-08, "internal": 1.11476e-08, "leakage": 8.824e-11, "switching": 1.13101e-08, "total": 2.25459e-08}}, "/base_top/SCALAR": {"energy": {"dynamic": 6.644081100000001e-08, "internal": 3.627549726000001e-08, "leakage": 9.209703114000002e-11, "switching": 3.016531374e-08, "total": 6.653304246000001e-08}, "power": {"dynamic": 3.3065e-05, "internal": 1.80529e-05, "leakage": 4.58331e-08, "switching": 1.50121e-05, "total": 3.31109e-05}}, "/base_top/VCU": {"energy": {"dynamic": 5.0976307848e-07, "internal": 4.6878297300000003e-07, "leakage": 9.907487358000001e-09, "switching": 4.098010548e-08, "total": 5.19671028e-07}, "power": {"dynamic": 0.0002536892, "internal": 0.000233295, "leakage": 4.93057e-06, "switching": 2.03942e-05, "total": 0.00025862}}}, "perf": 100470}