{"physical": {"/scalar_top": {"energy": {"dynamic": 7.22223642704e-06, "internal": 5.601738828079999e-06, "leakage": 1.8625255827999998e-07, "switching": 1.62049759896e-06, "total": 7.408480827439999e-06}, "power": {"dynamic": 0.000442654, "internal": 0.000343333, "leakage": 1.14155e-05, "switching": 9.9321e-05, "total": 0.000454069}}, "/scalar_top/I2C_DEVICE": {"energy": {"dynamic": 2.0477681955359995e-08, "internal": 1.84485561472e-08, "leakage": 9.857965876239998e-11, "switching": 2.0291258081599997e-09, "total": 2.05762944088e-08}, "power": {"dynamic": 1.2550859999999999e-06, "internal": 1.13072e-06, "leakage": 6.04199e-09, "switching": 1.24366e-07, "total": 1.26113e-06}}, "/scalar_top/MEM": {"energy": {"dynamic": 4.3411473158080004e-06, "internal": 4.13322253352e-06, "leakage": 1.8540250718399998e-07, "switching": 2.0792478228799997e-07, "total": 4.526562875599999e-06}, "power": {"dynamic": 0.00026607080000000003, "internal": 0.000253327, "leakage": 1.13634e-05, "switching": 1.27438e-05, "total": 0.000277435}}, "/scalar_top/MMIO": {"energy": {"dynamic": 2.431852606968e-09, "internal": 1.206767451608e-09, "leakage": 1.14923318712e-12, "switching": 1.22508515536e-09, "total": 2.4330061312e-09}, "power": {"dynamic": 1.490493e-07, "internal": 7.39633e-08, "leakage": 7.0437e-11, "switching": 7.5086e-08, "total": 1.4912e-07}}, "/scalar_top/SCALAR": {"energy": {"dynamic": 2.7960334227759994e-06, "internal": 1.4421125001519998e-06, "leakage": 7.369208793119999e-10, "switching": 1.3539209226239998e-06, "total": 2.7967660004e-06}, "power": {"dynamic": 0.0001713701, "internal": 8.83877e-05, "leakage": 4.51662e-08, "switching": 8.29824e-05, "total": 0.000171415}}}, "perf": 815788}