{"physical": {"/sort_design_top": {"energy": {"dynamic": 1.8048411225e-07, "internal": 1.6510936542e-07, "leakage": 7.981914004e-09, "switching": 1.537474683e-08, "total": 1.8846553820000002e-07}, "power": {"dynamic": 0.0002588625, "internal": 0.000236811, "leakage": 1.14482e-05, "switching": 2.20515e-05, "total": 0.00027031}}, "/sort_design_top/I2C_DEVICE": {"energy": {"dynamic": 9.7450160512e-10, "internal": 8.697401168e-10, "leakage": 4.3125218382000005e-12, "switching": 1.0476148832e-10, "total": 9.788132136000001e-10}, "power": {"dynamic": 1.3976959999999999e-06, "internal": 1.24744e-06, "leakage": 6.18531e-09, "switching": 1.50256e-07, "total": 1.40388e-06}}, "/sort_design_top/MEM": {"energy": {"dynamic": 1.6218508529600001e-07, "internal": 1.5432476646e-07, "leakage": 7.929343616e-09, "switching": 7.860318836e-09, "total": 1.7011401058e-07}, "power": {"dynamic": 0.0002326168, "internal": 0.000221343, "leakage": 1.13728e-05, "switching": 1.12738e-05, "total": 0.000243989}}, "/sort_design_top/MMIO": {"energy": {"dynamic": 1.12866740542e-12, "internal": 5.156395093e-13, "leakage": 6.499624284e-14, "switching": 6.1302789612e-13, "total": 1.1936615566e-12}, "power": {"dynamic": 1.618811e-09, "internal": 7.39565e-10, "leakage": 9.3222e-11, "switching": 8.79246e-10, "total": 1.71203e-09}}, "/sort_design_top/SCALAR": {"energy": {"dynamic": 2.07471476512e-09, "internal": 1.4104830321999999e-09, "leakage": 3.1970604768e-11, "switching": 6.6423173292e-10, "total": 2.106685091e-09}, "power": {"dynamic": 2.975696e-06, "internal": 2.02301e-06, "leakage": 4.58544e-08, "switching": 9.52686e-07, "total": 3.02155e-06}}, "/sort_design_top/SORT": {"energy": {"dynamic": 1.1719975367600001e-08, "internal": 8.500436518e-09, "leakage": 1.6041707482e-11, "switching": 3.2195388496e-09, "total": 1.1736025371999999e-08}, "power": {"dynamic": 1.680958e-05, "internal": 1.21919e-05, "leakage": 2.30081e-08, "switching": 4.61768e-06, "total": 1.68326e-05}}}, "perf": 34861}