{"main": {"read_latency": 1, "destiny": {"leakage_power": 0.0377025, "read_dynamic_energy": 0.040280500000000004, "read_latency": 1.29522, "write_latency": 10.3834, "write_dynamic_energy": 0.0667687}, "write_latency": 1, "line_size": 4, "type": "main_mem", "size": 64}, "icache": {"line_size": 4, "destiny": {"leakage_power": 0.000295922, "hit_dynamic_energy": 0.00356465, "read_latency": 0.243833, "write_dynamic_energy": 0.00285388, "miss_dynamic_energy": 0.00356465}, "write_latency": 0, "invalid_latency": 0, "read_latency": 0, "sets": 2, "type": "cache", "children": ["main"], "size": 128}, "power": {"avg": {"total": 701775.9799978902, "compute": 188718.965, "vrf": 583.189, "memory": {"total": 512473.82599789015, "parts": {"icache": {"read": 96287.6354650045, "write": 0.0, "leakage": 295.922}, "main": {"read": 3966.5321218671897, "write": 1335.797291609289, "leakage": 37702.5}, "dcache": {"read": 221447.52213168846, "write": 151064.11698772077, "leakage": 373.7999999999999}}}}, "dynamic": 187959.701, "leakage": 759.264}, "energy": {"total": 5401.96271259256, "compute": 1452.6755562254, "vrf": 4.489132318839999, "memory": {"total": 3944.7980240483193, "parts": {"main": {"read": 30.532619000000004, "write": 10.2823798, "leakage": 290.2172559}, "icache": {"read": 741.17985125, "write": 0.0, "leakage": 2.2778773503200003}, "dcache": {"read": 1704.6055884599998, "write": 1162.8251043599998, "leakage": 2.8773479279999994}}}}, "frequency": 100000000.0, "dcache": {"line_size": 4, "destiny": {"leakage_power": 0.0003738, "hit_dynamic_energy": 0.00790113, "read_latency": 0.304819, "write_dynamic_energy": 0.00609866, "miss_dynamic_energy": 0.00790113}, "write_latency": 0, "invalid_latency": 0, "read_latency": 0, "sets": 8, "type": "cache", "children": ["main"], "size": 256}, "vrf": {"destiny": {"leakage_power": 0.000583189, "read_dynamic_energy": 0.00224385, "read_latency": 0.051956800000000004, "write_dynamic_energy": 0.0020657199999999996}}, "cycles": 769756}