{"icache": {"read_latency": 0, "destiny": {"leakage_power": 0.000295922, "hit_dynamic_energy": 0.00356465, "read_latency": 0.243833, "write_dynamic_energy": 0.00285388, "miss_dynamic_energy": 0.00356465}, "write_latency": 0, "invalid_latency": 0, "line_size": 4, "sets": 2, "type": "cache", "children": ["main"], "size": 128}, "power": {"avg": {"total": 750993.7452869203, "compute": 161048.636, "vrf": 2332.76, "memory": {"total": 587612.3492869204, "parts": {"main": {"read": 175493.9100728631, "write": 131825.36026424705, "leakage": 37702.5}, "icache": {"read": 63430.79694775437, "write": 0.0, "leakage": 295.922}, "dcache": {"read": 104931.86197447177, "write": 73636.07602758417, "leakage": 295.922}}}}, "dynamic": 160280.531, "leakage": 768.105}, "energy": {"total": 5311.1554356057995, "compute": 1138.96333206012, "vrf": 16.4976752892, "memory": {"total": 4155.69442825648, "parts": {"icache": {"read": 448.59337925, "write": 0.0, "leakage": 2.0928106907400004}, "main": {"read": 1241.1227660000002, "write": 932.2913581, "leakage": 266.638489425}, "dcache": {"read": 742.0959663, "write": 520.7668477999999, "leakage": 2.0928106907400004}}}}, "frequency": 100000000.0, "dcache": {"read_latency": 0, "destiny": {"leakage_power": 0.000295922, "hit_dynamic_energy": 0.00356465, "read_latency": 0.243833, "write_dynamic_energy": 0.00285388, "miss_dynamic_energy": 0.00356465}, "write_latency": 0, "invalid_latency": 0, "line_size": 4, "sets": 2, "type": "cache", "children": ["main"], "size": 128}, "vrf": {"destiny": {"leakage_power": 0.00233276, "read_dynamic_energy": 0.00473775, "read_latency": 0.0549339, "write_dynamic_energy": 0.00455963}}, "cycles": 707217, "main": {"read_latency": 1, "destiny": {"leakage_power": 0.0377025, "read_dynamic_energy": 0.040280500000000004, "read_latency": 1.29522, "write_latency": 10.3834, "write_dynamic_energy": 0.0667687}, "write_latency": 1, "line_size": 4, "type": "main_mem", "size": 64}}