{"physical": {"/manic_top": {"energy": {"dynamic": 9.091598881287999e-06, "internal": 7.0824267136e-06, "leakage": 6.3990886988e-07, "switching": 2.0091721676879997e-06, "total": 9.731516551399999e-06}, "power": {"dynamic": 0.0002066218, "internal": 0.00016096, "leakage": 1.4543e-05, "switching": 4.56618e-05, "total": 0.000221165}}, "/manic_top/ALIGNER": {"energy": {"dynamic": 1.0154244495752e-07, "internal": 6.4754307114e-08, "leakage": 8.19825213004e-11, "switching": 3.6788137843519996e-08, "total": 1.016246391244e-07}, "power": {"dynamic": 2.307722e-06, "internal": 1.47165e-06, "leakage": 1.86319e-09, "switching": 8.36072e-07, "total": 2.30959e-06}}, "/manic_top/CORE": {"energy": {"dynamic": 1.6149402545752e-06, "internal": 1.336420831984e-06, "leakage": 2.8634150880439998e-08, "switching": 2.785194225912e-07, "total": 1.6435753294799998e-06}, "power": {"dynamic": 3.6702220000000004e-05, "internal": 3.03724e-05, "leakage": 6.50759e-07, "switching": 6.32982e-06, "total": 3.7353e-05}}, "/manic_top/INSN_DATA_CONFLICT": {"energy": {"dynamic": 1.5042394961776e-09, "internal": 4.298499721096e-10, "leakage": 2.0962152624e-13, "switching": 1.074389524068e-09, "total": 1.504452461792e-09}, "power": {"dynamic": 3.418636e-08, "internal": 9.76906e-09, "leakage": 4.764e-12, "switching": 2.44173e-08, "total": 3.41912e-08}}, "/manic_top/MM": {"energy": {"dynamic": 3.3041320266388e-06, "internal": 3.1522431024e-06, "leakage": 5.004339929119999e-07, "switching": 1.5188892423879998e-07, "total": 3.8045690996319994e-06}, "power": {"dynamic": 7.509193e-05, "internal": 7.164e-05, "leakage": 1.13732e-05, "switching": 3.45193e-06, "total": 8.64652e-05}}, "/manic_top/VECTOR": {"energy": {"dynamic": 3.659105664788e-06, "internal": 2.527497032256e-06, "leakage": 1.1075707988239999e-07, "switching": 1.1316086325319999e-06, "total": 3.76986538474e-06}, "power": {"dynamic": 8.31593e-05, "internal": 5.74416e-05, "leakage": 2.51714e-06, "switching": 2.57177e-05, "total": 8.56765e-05}}}, "perf": 2200058, "count": 265174}