{"physical": {"/manic_top": {"energy": {"dynamic": 3.806408530434e-06, "internal": 3.0641464589000002e-06, "leakage": 2.83943392444e-07, "switching": 7.42262071534e-07, "total": 4.0903382554200004e-06}, "power": {"dynamic": 0.0001949511, "internal": 0.000156935, "leakage": 1.45426e-05, "switching": 3.80161e-05, "total": 0.000209493}}, "/manic_top/ALIGNER": {"energy": {"dynamic": 2.1653295134580003e-08, "internal": 1.529039053774e-08, "leakage": 3.6157260139e-11, "switching": 6.36290459684e-09, "total": 2.16894748484e-08}, "power": {"dynamic": 1.109007e-06, "internal": 7.83121e-07, "leakage": 1.85185e-09, "switching": 3.25886e-07, "total": 1.11086e-06}}, "/manic_top/CORE": {"energy": {"dynamic": 4.1695977968560005e-07, "internal": 3.5899726180400006e-07, "leakage": 1.2707026201400001e-08, "switching": 5.796251788160001e-08, "total": 4.2966582964e-07}, "power": {"dynamic": 2.135524e-05, "internal": 1.83866e-05, "leakage": 6.5081e-07, "switching": 2.96864e-06, "total": 2.2006e-05}}, "/manic_top/INSN_DATA_CONFLICT": {"energy": {"dynamic": 2.802797327024e-10, "internal": 8.014714520840001e-11, "leakage": 9.051762184e-14, "switching": 2.00132587494e-10, "total": 2.8037032842400003e-10}, "power": {"dynamic": 1.4354959999999999e-08, "internal": 4.10486e-09, "leakage": 4.636e-12, "switching": 1.02501e-08, "total": 1.43596e-08}}, "/manic_top/MM": {"energy": {"dynamic": 1.4991701910608002e-06, "internal": 1.4446327381540002e-06, "leakage": 2.2206104760800002e-07, "switching": 5.45374529068e-08, "total": 1.7212308481700002e-06}, "power": {"dynamic": 7.678232e-05, "internal": 7.39891e-05, "leakage": 1.13732e-05, "switching": 2.79322e-06, "total": 8.81555e-05}}, "/manic_top/VECTOR": {"energy": {"dynamic": 1.6868474288300002e-06, "internal": 1.244994131642e-06, "leakage": 4.91390022462e-08, "switching": 4.41853297188e-07, "total": 1.735987797822e-06}, "power": {"dynamic": 8.639450000000001e-05, "internal": 6.37643e-05, "leakage": 2.51673e-06, "switching": 2.26302e-05, "total": 8.89113e-05}}}, "perf": 976247, "count": 50486}