{"main": {"read_latency": 1, "destiny": {"leakage_power": 0.0377025, "read_dynamic_energy": 0.040280500000000004, "read_latency": 1.29522, "write_latency": 10.3834, "write_dynamic_energy": 0.0667687}, "write_latency": 1, "line_size": 4, "type": "main_mem", "size": 64}, "icache": {"line_size": 4, "destiny": {"leakage_power": 0.000295922, "hit_dynamic_energy": 0.00356465, "read_latency": 0.243833, "write_dynamic_energy": 0.00285388, "miss_dynamic_energy": 0.00356465}, "write_latency": 0, "invalid_latency": 0, "read_latency": 0, "sets": 2, "type": "cache", "children": ["main"], "size": 128}, "power": {"avg": {"total": 692836.0040911841, "compute": 172279.647, "vrf": 1166.3800000000003, "memory": {"total": 519389.97709118406, "parts": {"icache": {"read": 77062.32513165395, "write": 0.0, "leakage": 295.922}, "main": {"read": 4308.4031348599365, "write": 1450.9281815667525, "leakage": 37702.5}, "dcache": {"read": 234914.67091590512, "write": 163281.4277271983, "leakage": 373.8}}}}, "dynamic": 171518.589, "leakage": 761.058}, "energy": {"total": 4909.96248035324, "compute": 1220.90451117372, "vrf": 8.265855128800002, "memory": {"total": 3680.7921140507196, "parts": {"main": {"read": 30.532619000000004, "write": 10.2823798, "leakage": 267.1885689}, "icache": {"read": 546.12220325, "write": 0.0, "leakage": 2.09712819272}, "dcache": {"read": 1664.7838932599998, "write": 1157.1362907599998, "leakage": 2.649030888}}}}, "frequency": 100000000.0, "dcache": {"line_size": 4, "destiny": {"leakage_power": 0.0003738, "hit_dynamic_energy": 0.00790113, "read_latency": 0.304819, "write_dynamic_energy": 0.00609866, "miss_dynamic_energy": 0.00790113}, "write_latency": 0, "invalid_latency": 0, "read_latency": 0, "sets": 8, "type": "cache", "children": ["main"], "size": 256}, "vrf": {"destiny": {"leakage_power": 0.00116638, "read_dynamic_energy": 0.00356587, "read_latency": 0.0528274, "write_dynamic_energy": 0.0033877399999999998}}, "cycles": 708676}