{"physical": {"/panic_top": {"energy": {"dynamic": 2.1954508500000002e-07, "internal": 1.64038322e-07, "leakage": 6.801393900000001e-09, "switching": 5.5506763e-08, "total": 2.2634615899999998e-07}, "power": {"dynamic": 0.00048040500000000005, "internal": 0.000358946, "leakage": 1.48827e-05, "switching": 0.000121459, "total": 0.000495287}}, "/panic_top/I2C_DEVICE": {"energy": {"dynamic": 9.01803127e-10, "internal": 7.688111e-10, "leakage": 3.1222468499999997e-12, "switching": 1.3299202699999999e-10, "total": 9.049239800000001e-10}, "power": {"dynamic": 1.973311e-06, "internal": 1.6823e-06, "leakage": 6.83205e-09, "switching": 2.91011e-07, "total": 1.98014e-06}}, "/panic_top/MEM": {"energy": {"dynamic": 1.1706941580000001e-07, "internal": 1.00320183e-07, "leakage": 5.2148727e-09, "switching": 1.6749232799999998e-08, "total": 1.22284517e-07}, "power": {"dynamic": 0.0002561694, "internal": 0.000219519, "leakage": 1.14111e-05, "switching": 3.66504e-05, "total": 0.000267581}}, "/panic_top/MMIO": {"energy": {"dynamic": 4.48666148e-11, "internal": 2.23474828e-11, "leakage": 3.7002376e-14, "switching": 2.2519132e-11, "total": 4.4903586099999994e-11}, "power": {"dynamic": 9.81764e-08, "internal": 4.89004e-08, "leakage": 8.0968e-11, "switching": 4.9276e-08, "total": 9.82573e-08}}, "/panic_top/SCALAR": {"energy": {"dynamic": 6.810250559999999e-08, "internal": 3.6735487999999994e-08, "leakage": 2.22765107e-11, "switching": 3.13670176e-08, "total": 6.812499e-08}, "power": {"dynamic": 0.00014902079999999998, "internal": 8.0384e-05, "leakage": 4.87451e-08, "switching": 6.86368e-05, "total": 0.00014907}}, "/panic_top/VCU": {"energy": {"dynamic": 3.3336413400000004e-08, "internal": 2.61499513e-08, "leakage": 1.56098404e-09, "switching": 7.1864621e-09, "total": 3.48973883e-08}, "power": {"dynamic": 7.29462e-05, "internal": 5.72209e-05, "leakage": 3.41572e-06, "switching": 1.57253e-05, "total": 7.63619e-05}}}, "perf": 22850}