{"physical": {"/panic_design_top": {"energy": {"dynamic": 2.8046217395400004e-06, "internal": 2.00809720104e-06, "leakage": 8.0909998344e-08, "switching": 7.965245385e-07, "total": 2.8855306753200003e-06}, "power": {"dynamic": 0.000527897, "internal": 0.000377972, "leakage": 1.52292e-05, "switching": 0.000149925, "total": 0.000543126}}, "/panic_design_top/CGRA": {"energy": {"dynamic": 1.703291685846e-06, "internal": 1.21054197546e-06, "leakage": 2.01262372368e-08, "switching": 4.927497103860001e-07, "total": 1.7234203669800002e-06}, "power": {"dynamic": 0.0003206003, "internal": 0.000227853, "leakage": 3.78824e-06, "switching": 9.27473e-05, "total": 0.000324389}}, "/panic_design_top/I2C_DEVICE": {"energy": {"dynamic": 5.301423469818001e-09, "internal": 5.03977824174e-09, "leakage": 3.2772661452000003e-11, "switching": 2.61645228078e-10, "total": 5.3341775364e-09}, "power": {"dynamic": 9.978549e-07, "internal": 9.48607e-07, "leakage": 6.1686e-09, "switching": 4.92479e-08, "total": 1.00402e-06}}, "/panic_design_top/MEM": {"energy": {"dynamic": 6.98782463832e-07, "internal": 6.3025452378e-07, "leakage": 6.049920646800001e-08, "switching": 6.852794005200001e-08, "total": 7.592816703e-07}, "power": {"dynamic": 0.0001315276, "internal": 0.000118629, "leakage": 1.13874e-05, "switching": 1.28986e-05, "total": 0.000142915}}, "/panic_design_top/MMIO": {"energy": {"dynamic": 2.02240993812e-10, "internal": 9.494274981000001e-11, "leakage": 4.6421296032e-13, "switching": 1.0729824400200001e-10, "total": 2.0270533428e-10}, "power": {"dynamic": 3.80666e-08, "internal": 1.78705e-08, "leakage": 8.7376e-11, "switching": 2.01961e-08, "total": 3.8154e-08}}, "/panic_design_top/SCALAR": {"energy": {"dynamic": 3.0543667821000004e-07, "internal": 1.61941128984e-07, "leakage": 2.49780107172e-10, "switching": 1.43495549226e-07, "total": 3.0568638075e-07}, "power": {"dynamic": 5.74905e-05, "internal": 3.04812e-05, "leakage": 4.70146e-08, "switching": 2.70093e-05, "total": 5.75375e-05}}}, "perf": 265641}