{"physical": {"/panic_top": {"energy": {"dynamic": 8.213003904e-09, "internal": 6.72424704e-09, "leakage": 3.97611648e-10, "switching": 1.488756864e-09, "total": 8.6106048e-09}, "power": {"dynamic": 0.0003055433, "internal": 0.000250158, "leakage": 1.47921e-05, "switching": 5.53853e-05, "total": 0.000320335}}, "/panic_top/I2C_DEVICE": {"energy": {"dynamic": 2.0699266560000001e-10, "internal": 1.599107328e-10, "leakage": 1.849013376e-13, "switching": 4.7081932800000005e-11, "total": 2.071776e-10}, "power": {"dynamic": 7.70062e-06, "internal": 5.94906e-06, "leakage": 6.87877e-09, "switching": 1.75156e-06, "total": 7.7075e-06}}, "/panic_top/MEM": {"energy": {"dynamic": 4.427662848e-09, "internal": 3.98100864e-09, "leakage": 3.06681984e-10, "switching": 4.46654208e-10, "total": 4.73434752e-09}, "power": {"dynamic": 0.00016471959999999998, "internal": 0.000148103, "leakage": 1.14093e-05, "switching": 1.66166e-05, "total": 0.000176129}}, "/panic_top/MMIO": {"energy": {"dynamic": 6.8420352e-13, "internal": 3.29218176e-13, "leakage": 2.28660096e-15, "switching": 3.54985344e-13, "total": 6.8648832e-13}, "power": {"dynamic": 2.5454e-08, "internal": 1.22477e-08, "leakage": 8.5067e-11, "switching": 1.32063e-08, "total": 2.5539e-08}}, "/panic_top/SCALAR": {"energy": {"dynamic": 1.0661683200000002e-09, "internal": 5.94529152e-10, "leakage": 1.298688384e-12, "switching": 4.716391680000001e-10, "total": 1.0674693120000002e-09}, "power": {"dynamic": 3.9664000000000005e-05, "internal": 2.21179e-05, "leakage": 4.83143e-08, "switching": 1.75461e-05, "total": 3.97124e-05}}, "/panic_top/VCU": {"energy": {"dynamic": 2.509433472e-09, "internal": 1.987501824e-09, "leakage": 8.9437824e-11, "switching": 5.21931648e-10, "total": 2.598871296e-09}, "power": {"dynamic": 9.33569e-05, "internal": 7.39398e-05, "leakage": 3.3273e-06, "switching": 1.94171e-05, "total": 9.66842e-05}}}, "perf": 1344}