{"physical": {"/panic_top": {"energy": {"dynamic": 5.41738598e-07, "internal": 3.9611110896000005e-07, "leakage": 1.381954732e-08, "switching": 1.4562748904e-07, "total": 5.5555814532e-07}, "power": {"dynamic": 0.00057935, "internal": 0.000423612, "leakage": 1.4779e-05, "switching": 0.000155738, "total": 0.000594129}}, "/panic_top/I2C_DEVICE": {"energy": {"dynamic": 1.77091341404e-09, "internal": 1.5141843948e-09, "leakage": 6.9311121856e-12, "switching": 2.5672901924000003e-10, "total": 1.7778395516e-09}, "power": {"dynamic": 1.893863e-06, "internal": 1.61931e-06, "leakage": 7.41232e-09, "switching": 2.74553e-07, "total": 1.90127e-06}}, "/panic_top/MEM": {"energy": {"dynamic": 2.5403131344000006e-07, "internal": 2.2041612252e-07, "leakage": 1.0668888768e-08, "switching": 3.361519092e-08, "total": 2.6470057623999996e-07}, "power": {"dynamic": 0.00027166800000000003, "internal": 0.000235719, "leakage": 1.14096e-05, "switching": 3.5949e-05, "total": 0.000283078}}, "/panic_top/MMIO": {"energy": {"dynamic": 1.4282355815200002e-10, "internal": 7.9799446676e-11, "leakage": 8.755808596e-14, "switching": 6.3024111476e-11, "total": 1.4291108164e-10}, "power": {"dynamic": 1.5273940000000002e-07, "internal": 8.53397e-08, "leakage": 9.3637e-11, "switching": 6.73997e-08, "total": 1.52833e-07}}, "/panic_top/SCALAR": {"energy": {"dynamic": 1.7344752166000001e-07, "internal": 9.2863542864e-08, "leakage": 4.7272034319999996e-11, "switching": 8.0583978796e-08, "total": 1.734947432e-07}, "power": {"dynamic": 0.0001854895, "internal": 9.93108e-05, "leakage": 5.0554e-08, "switching": 8.61787e-05, "total": 0.00018554}}, "/panic_top/VCU": {"energy": {"dynamic": 1.11961616784e-07, "internal": 8.1099581908e-08, "leakage": 3.0962275452e-09, "switching": 3.0862034876e-08, "total": 1.1505785368e-07}, "power": {"dynamic": 0.0001197348, "internal": 8.67301e-05, "leakage": 3.31119e-06, "switching": 3.30047e-05, "total": 0.000123046}}}, "perf": 46754}