{"physical": {"/base_top": {"energy": {"dynamic": 1.395529211e-08, "internal": 1.1772420700000001e-08, "leakage": 1.10684084e-09, "switching": 2.18287141e-09, "total": 1.50620991e-08}, "power": {"dynamic": 0.00020613429999999998, "internal": 0.000173891, "leakage": 1.63492e-05, "switching": 3.22433e-05, "total": 0.000222483}}, "/base_top/ARBITER": {"energy": {"dynamic": 3.3933474100000005e-11, "internal": 1.83015441e-11, "leakage": 6.061120070000001e-14, "switching": 1.563193e-11, "total": 3.39940656e-11}, "power": {"dynamic": 5.01233e-07, "internal": 2.70333e-07, "leakage": 8.95291e-10, "switching": 2.309e-07, "total": 5.02128e-07}}, "/base_top/I2C_DEVICE": {"energy": {"dynamic": 3.2718665300000004e-10, "internal": 2.5714897200000004e-10, "leakage": 4.0968451900000005e-13, "switching": 7.003768100000001e-11, "total": 3.27596238e-10}, "power": {"dynamic": 4.83289e-06, "internal": 3.79836e-06, "leakage": 6.05147e-09, "switching": 1.03453e-06, "total": 4.83894e-06}}, "/base_top/MEM": {"energy": {"dynamic": 3.952923114000001e-09, "internal": 3.75408009e-09, "leakage": 7.6957975e-10, "switching": 1.9884302400000002e-10, "total": 4.72250151e-09}, "power": {"dynamic": 5.838882e-05, "internal": 5.54517e-05, "leakage": 1.13675e-05, "switching": 2.93712e-06, "total": 6.97563e-05}}, "/base_top/MMIO": {"energy": {"dynamic": 1.377887268e-12, "internal": 6.56381288e-13, "leakage": 5.958277000000001e-15, "switching": 7.2150598e-13, "total": 1.38384893e-12}, "power": {"dynamic": 2.035284e-08, "internal": 9.69544e-09, "leakage": 8.801e-11, "switching": 1.06574e-08, "total": 2.04409e-08}}, "/base_top/SCALAR": {"energy": {"dynamic": 2.5147165e-09, "internal": 1.3744386300000002e-09, "leakage": 3.04240415e-12, "switching": 1.1402778700000001e-09, "total": 2.51775623e-09}, "power": {"dynamic": 3.7145e-05, "internal": 2.03019e-05, "leakage": 4.49395e-08, "switching": 1.68431e-05, "total": 3.71899e-05}}, "/base_top/VCU": {"energy": {"dynamic": 6.8952578630000005e-09, "internal": 6.36193825e-09, "leakage": 3.33725796e-10, "switching": 5.33319613e-10, "total": 7.229006000000001e-09}, "power": {"dynamic": 0.00010185019, "internal": 9.39725e-05, "leakage": 4.92948e-06, "switching": 7.87769e-06, "total": 0.00010678}}}, "perf": 3385}