{"physical": {"/scalar_top": {"energy": {"dynamic": 6.4036875776e-07, "internal": 4.9592370734e-07, "leakage": 1.8176603256e-08, "switching": 1.4444505042e-07, "total": 6.5854440566e-07}, "power": {"dynamic": 0.00040217599999999997, "internal": 0.000311459, "leakage": 1.14156e-05, "switching": 9.0717e-05, "total": 0.000413591}}, "/scalar_top/I2C_DEVICE": {"energy": {"dynamic": 2.28762223364e-09, "internal": 1.9327488784e-09, "leakage": 9.6264377402e-12, "switching": 3.5487335524e-10, "total": 2.2972490376e-09}, "power": {"dynamic": 1.436714e-06, "internal": 1.21384e-06, "leakage": 6.04577e-09, "switching": 2.22874e-07, "total": 1.44276e-06}}, "/scalar_top/MEM": {"energy": {"dynamic": 3.74927233036e-07, "internal": 3.5761045018000004e-07, "leakage": 1.8093487284e-08, "switching": 1.7316782856e-08, "total": 3.9302072032e-07}, "power": {"dynamic": 0.0002354686, "internal": 0.000224593, "leakage": 1.13634e-05, "switching": 1.08756e-05, "total": 0.000246832}}, "/scalar_top/MMIO": {"energy": {"dynamic": 3.1052907346600004e-10, "internal": 1.5544374559599999e-10, "leakage": 1.0629768534e-13, "switching": 1.5508532787e-10, "total": 3.1063559566e-10}, "power": {"dynamic": 1.950241e-07, "internal": 9.76246e-08, "leakage": 6.6759e-11, "switching": 9.73995e-08, "total": 1.95091e-07}}, "/scalar_top/SCALAR": {"energy": {"dynamic": 2.5732991538000005e-07, "internal": 1.3573299983e-07, "leakage": 7.2119983666e-11, "switching": 1.2159691555000002e-07, "total": 2.5740156708e-07}, "power": {"dynamic": 0.000161613, "internal": 8.52455e-05, "leakage": 4.52941e-08, "switching": 7.63675e-05, "total": 0.000161658}}}, "perf": 79613}