{"physical": {"/manic_top": {"energy": {"dynamic": 4.66066022912e-07, "internal": 3.6350631771999996e-07, "leakage": 3.4410979414e-08, "switching": 1.02559705192e-07, "total": 5.004777435e-07}, "power": {"dynamic": 0.0001886464, "internal": 0.000147134, "leakage": 1.39283e-05, "switching": 4.15124e-05, "total": 0.000202575}}, "/manic_top/ARBITER": {"energy": {"dynamic": 2.38038406536e-09, "internal": 1.0539494280000001e-09, "leakage": 1.93853565584e-12, "switching": 1.32643463736e-09, "total": 2.38232347066e-09}, "power": {"dynamic": 9.63492e-07, "internal": 4.266e-07, "leakage": 7.84648e-10, "switching": 5.36892e-07, "total": 9.64277e-07}}, "/manic_top/I2C_DEVICE": {"energy": {"dynamic": 1.1015184694359999e-08, "internal": 8.681371062e-09, "leakage": 1.5282760822e-11, "switching": 2.33381363236e-09, "total": 1.10304726434e-08}, "power": {"dynamic": 4.458542e-06, "internal": 3.5139e-06, "leakage": 6.1859e-09, "switching": 9.44642e-07, "total": 4.46473e-06}}, "/manic_top/MEM": {"energy": {"dynamic": 1.84276609272e-07, "internal": 1.7677296369599997e-07, "leakage": 2.8083329918e-08, "switching": 7.503645576e-09, "total": 2.12359692132e-07}, "power": {"dynamic": 7.45884e-05, "internal": 7.15512e-05, "leakage": 1.13671e-05, "switching": 3.0372e-06, "total": 8.59554e-05}}, "/manic_top/MMIO": {"energy": {"dynamic": 6.423384471e-11, "internal": 3.1126837419999996e-11, "leakage": 2.031681463e-13, "switching": 3.310700729e-11, "total": 6.4437173444e-11}, "power": {"dynamic": 2.59995e-08, "internal": 1.2599e-08, "leakage": 8.2235e-11, "switching": 1.34005e-08, "total": 2.60818e-08}}, "/manic_top/SCALAR": {"energy": {"dynamic": 8.4452824372e-08, "internal": 4.6222822394e-08, "leakage": 1.10999206472e-10, "switching": 3.8230001978000006e-08, "total": 8.4563753414e-08}, "power": {"dynamic": 3.41834e-05, "internal": 1.87093e-05, "leakage": 4.49284e-08, "switching": 1.54741e-05, "total": 3.42283e-05}}, "/manic_top/VCU": {"energy": {"dynamic": 1.6811975724599999e-07, "internal": 1.3049480031e-07, "leakage": 6.198586396800001e-09, "switching": 3.7624956936e-08, "total": 1.7431844246600002e-07}, "power": {"dynamic": 6.804869999999999e-05, "internal": 5.28195e-05, "leakage": 2.50896e-06, "switching": 1.52292e-05, "total": 7.05577e-05}}}, "perf": 123529}