{"physical": {"/panic_top": {"energy": {"dynamic": 1.348205088e-07, "internal": 1.0049653152e-07, "leakage": 4.2167803679999995e-09, "switching": 3.4323977279999995e-08, "total": 1.3903723295999998e-07}, "power": {"dynamic": 0.00047972, "internal": 0.000357588, "leakage": 1.50042e-05, "switching": 0.000122132, "total": 0.000494724}}, "/panic_top/I2C_DEVICE": {"energy": {"dynamic": 6.988287242399999e-10, "internal": 5.793667704e-10, "leakage": 1.9598268191999997e-12, "switching": 1.1946195384e-10, "total": 7.007901023999999e-10}, "power": {"dynamic": 2.4865809999999997e-06, "internal": 2.06151e-06, "leakage": 6.97348e-09, "switching": 4.25071e-07, "total": 2.49356e-06}}, "/panic_top/MEM": {"energy": {"dynamic": 6.108168326399999e-08, "internal": 5.322925704e-08, "leakage": 3.207312792e-09, "switching": 7.852426224e-09, "total": 6.428902415999999e-08}, "power": {"dynamic": 0.0002173416, "internal": 0.000189401, "leakage": 1.14123e-05, "switching": 2.79406e-05, "total": 0.000228754}}, "/panic_top/MMIO": {"energy": {"dynamic": 1.6858634063999998e-11, "internal": 8.181355439999999e-12, "leakage": 2.3695044479999995e-14, "switching": 8.677278624e-12, "total": 1.6882325736e-11}, "power": {"dynamic": 5.99866e-08, "internal": 2.9111e-08, "leakage": 8.4312e-11, "switching": 3.08756e-08, "total": 6.00709e-08}}, "/panic_top/SCALAR": {"energy": {"dynamic": 2.486093892e-08, "internal": 1.3017266927999998e-08, "leakage": 1.4448125879999999e-11, "switching": 1.1843671991999999e-08, "total": 2.4875356271999998e-08}, "power": {"dynamic": 8.84605e-05, "internal": 4.63182e-05, "leakage": 5.14095e-08, "switching": 4.21423e-05, "total": 8.85118e-05}}, "/panic_top/VCU": {"energy": {"dynamic": 4.8122451095999995e-08, "internal": 3.3644141519999994e-08, "leakage": 9.92956476e-10, "switching": 1.4478309576e-08, "total": 4.911539352e-08}, "power": {"dynamic": 0.0001712299, "internal": 0.000119713, "leakage": 3.53315e-06, "switching": 5.15169e-05, "total": 0.000174763}}}, "perf": 14052}