{"physical": {"/panic_top": {"energy": {"dynamic": 1.1474851032e-08, "internal": 8.64540504e-09, "leakage": 6.1244712e-10, "switching": 2.8294459919999996e-09, "total": 1.208728986e-08}, "power": {"dynamic": 0.0002767692, "internal": 0.000208524, "leakage": 1.4772e-05, "switching": 6.82452e-05, "total": 0.000291541}}, "/panic_top/I2C_DEVICE": {"energy": {"dynamic": 2.6910234899999996e-10, "internal": 2.0918560079999997e-10, "leakage": 3.135387624e-13, "switching": 5.99167482e-11, "total": 2.694157866e-10}, "power": {"dynamic": 6.4906499999999994e-06, "internal": 5.04548e-06, "leakage": 7.56244e-09, "switching": 1.44517e-06, "total": 6.49821e-06}}, "/panic_top/MEM": {"energy": {"dynamic": 4.429403976e-09, "internal": 3.86245506e-09, "leakage": 4.7303787e-10, "switching": 5.66948916e-10, "total": 4.9024377e-09}, "power": {"dynamic": 0.00010683559999999999, "internal": 9.3161e-05, "leakage": 1.14095e-05, "switching": 1.36746e-05, "total": 0.000118245}}, "/panic_top/MMIO": {"energy": {"dynamic": 1.4335209600000002e-12, "internal": 7.53402828e-13, "leakage": 4.90239624e-15, "switching": 6.80118132e-13, "total": 1.4384215319999999e-12}, "power": {"dynamic": 3.4576000000000005e-08, "internal": 1.81718e-08, "leakage": 1.18244e-10, "switching": 1.64042e-08, "total": 3.46942e-08}}, "/panic_top/SCALAR": {"energy": {"dynamic": 1.931903328e-09, "internal": 1.056396654e-09, "leakage": 2.04157332e-12, "switching": 8.75506674e-10, "total": 1.933947306e-09}, "power": {"dynamic": 4.65968e-05, "internal": 2.54799e-05, "leakage": 4.9242e-08, "switching": 2.11169e-05, "total": 4.66461e-05}}, "/panic_top/VCU": {"energy": {"dynamic": 4.840633278e-09, "internal": 3.515741664e-09, "leakage": 1.370385672e-10, "switching": 1.3248916139999999e-09, "total": 4.9776876e-09}, "power": {"dynamic": 0.0001167543, "internal": 8.47984e-05, "leakage": 3.30532e-06, "switching": 3.19559e-05, "total": 0.00012006}}}, "perf": 2073}