{"main": {"read_latency": 0, "destiny": {"leakage_power": 0.0377025, "read_dynamic_energy": 0.040280500000000004, "read_latency": 1.29522, "write_latency": 10.3834, "write_dynamic_energy": 0.0667687}, "write_latency": 0, "line_size": 4, "type": "main_mem", "size": 64}, "icache": {"read_latency": 0, "destiny": {"leakage_power": 0.000591843, "hit_dynamic_energy": 0.00540088, "read_latency": 0.2445, "write_dynamic_energy": 0.00469011, "miss_dynamic_energy": 0.00540088}, "write_latency": 0, "invalid_latency": 1, "line_size": 4, "sets": 2, "type": "cache", "children": ["main"], "size": 256}, "power": {"avg": {"total": 814219.307977609, "compute": 200433.099, "vrf": 65572.33243769158, "memory": {"total": 548213.8765399173, "parts": {"main": {"read": 68046.8262694922, "write": 6229.2536318805805, "leakage": 37702.5}, "icache": {"read": 158182.51099560174, "write": 0.0, "leakage": 591.843}, "dcache": {"read": 256578.74510195918, "write": 20508.397540983602, "leakage": 373.7999999999999}}}}, "dynamic": 199663.228, "leakage": 769.871}, "energy": {"total": 244.36349871024, "compute": 60.153981671880004, "vrf": 19.6795684112, "memory": {"total": 164.52994862716, "parts": {"icache": {"read": 47.4737352, "write": 0.0, "leakage": 0.17762392116}, "main": {"read": 20.4222135, "write": 1.8695236, "leakage": 11.3152743}, "dcache": {"read": 77.00441298, "write": 6.154980269999999, "leakage": 0.11218485599999997}}}}, "frequency": 100000000.0, "dcache": {"read_latency": 0, "destiny": {"leakage_power": 0.0003738, "hit_dynamic_energy": 0.00790113, "read_latency": 0.304819, "write_dynamic_energy": 0.00609866, "miss_dynamic_energy": 0.00790113}, "write_latency": 0, "invalid_latency": 1, "line_size": 4, "sets": 8, "type": "cache", "children": ["main"], "size": 256}, "vrf": {"destiny": {"leakage_power": 0.00233276, "read_dynamic_energy": 0.00473775, "read_latency": 0.0549339, "write_dynamic_energy": 0.00455963}}, "cycles": 30012}