{
    "cgra_minus_noc": {
        "energy": {
            "dynamic": 0.0,
            "internal": 0.0,
            "leakage": 0.0,
            "switching": 0.0,
            "total": 0.0
        }
    },
    "count": 4463923,
    "efficiency": 9.503076389,
    "latency": 0.10091772,
    "noc": {
        "energy": {
            "dynamic": 0.0,
            "internal": 0.0,
            "leakage": 0.0,
            "switching": 0.0,
            "total": 0.0
        }
    },
    "perf": 5045886,
    "physical": {
        "/scalar_top": {
            "energy": {
                "dynamic": 4.0451293745568e-05,
                "internal": 3.434371296408e-05,
                "leakage": 1.212708057696e-06,
                "switching": 6.107580781488e-06,
                "total": 4.166398161972e-05
            },
            "power": {
                "dynamic": 0.0004008344,
                "internal": 0.000340314,
                "leakage": 1.20168e-05,
                "switching": 6.05204e-05,
                "total": 0.000412851
            }
        },
        "/scalar_top/ALIGNER": {
            "energy": {
                "dynamic": 1.280867885784e-06,
                "internal": 7.538644509948001e-07,
                "leakage": 1.948832182692e-10,
                "switching": 5.270034347892e-07,
                "total": 1.281059629452e-06
            },
            "power": {
                "dynamic": 1.26922e-05,
                "internal": 7.47009e-06,
                "leakage": 1.93111e-09,
                "switching": 5.22211e-06,
                "total": 1.26941e-05
            }
        },
        "/scalar_top/CORE": {
            "energy": {
                "dynamic": 1.9536832974924e-05,
                "internal": 1.5447071729519998e-05,
                "leakage": 6.52574344608e-08,
                "switching": 4.089761245404e-06,
                "total": 1.9602056097360003e-05
            },
            "power": {
                "dynamic": 0.00019359169999999998,
                "internal": 0.000153066,
                "leakage": 6.4664e-07,
                "switching": 4.05257e-05,
                "total": 0.000194238
            }
        },
        "/scalar_top/INSN_DATA_CONFLICT": {
            "energy": {
                "dynamic": 2.4049076163336004e-08,
                "internal": 6.676393418496e-09,
                "leakage": 5.9763473784e-13,
                "switching": 1.737268274484e-08,
                "total": 2.40497018532e-08
            },
            "power": {
                "dynamic": 2.3830380000000003e-07,
                "internal": 6.61568e-08,
                "leakage": 5.922e-12,
                "switching": 1.72147e-07,
                "total": 2.3831e-07
            }
        },
        "/scalar_top/MM": {
            "energy": {
                "dynamic": 1.90142719381692e-05,
                "internal": 1.81202812146e-05,
                "leakage": 1.147252824504e-06,
                "switching": 8.939907235692e-07,
                "total": 2.016154393704e-05
            },
            "power": {
                "dynamic": 0.00018841361,
                "internal": 0.000179555,
                "leakage": 1.13682e-05,
                "switching": 8.85861e-06,
                "total": 0.000199782
            }
        }
    }
}
