{"main": {"read_latency": 1, "destiny": {"leakage_power": 0.0377025, "read_dynamic_energy": 0.040280500000000004, "read_latency": 1.29522, "write_latency": 10.3834, "write_dynamic_energy": 0.0667687}, "write_latency": 1, "line_size": 4, "type": "main_mem", "size": 64}, "icache": {"line_size": 4, "destiny": {"leakage_power": 0.000147961, "hit_dynamic_energy": 0.00296197, "read_latency": 0.243648, "write_dynamic_energy": 0.0022512, "miss_dynamic_energy": 0.00296197}, "write_latency": 0, "invalid_latency": 0, "read_latency": 0, "sets": 2, "type": "cache", "children": ["main"], "size": 64}, "power": {"avg": {"total": 995568.885465884, "compute": 215399.749, "vrf": 3996.1393765208663, "memory": {"total": 776172.9970893632, "parts": {"main": {"read": 260700.74205124078, "write": 1354.8642988940499, "leakage": 37702.5}, "icache": {"read": 48692.28783537101, "write": 0.0, "leakage": 147.961}, "dcache": {"read": 292309.6273608854, "write": 134891.214542972, "leakage": 373.79999999999995}}}}, "dynamic": 214633.315, "leakage": 766.434}, "energy": {"total": 12118.402967311798, "compute": 2621.91898074266, "vrf": 48.6423671784, "memory": {"total": 9447.84161939074, "parts": {"icache": {"read": 592.69908291, "write": 0.0, "leakage": 1.80103159874}, "main": {"read": 3173.3380705000004, "write": 16.4918689, "leakage": 458.92764885}, "dcache": {"read": 3558.0921695099996, "write": 1641.9417264299998, "leakage": 4.5500206919999995}}}}, "frequency": 100000000.0, "dcache": {"line_size": 4, "destiny": {"leakage_power": 0.0003738, "hit_dynamic_energy": 0.00790113, "read_latency": 0.304819, "write_dynamic_energy": 0.00609866, "miss_dynamic_energy": 0.00790113}, "write_latency": 0, "invalid_latency": 0, "read_latency": 0, "sets": 8, "type": "cache", "children": ["main"], "size": 256}, "vrf": {"destiny": {"leakage_power": 0.00233276, "read_dynamic_energy": 0.00473775, "read_latency": 0.0549339, "write_dynamic_energy": 0.00455963}}, "cycles": 1217234}