{"physical": {"/panic_design_top": {"energy": {"dynamic": 2.9824255224000006e-07, "internal": 2.3238389016000002e-07, "leakage": 1.5529133544e-08, "switching": 6.585866208e-08, "total": 3.1377128352e-07}, "power": {"dynamic": 0.00022242300000000002, "internal": 0.000173307, "leakage": 1.15813e-05, "switching": 4.9116e-05, "total": 0.000234004}}, "/panic_design_top/CGRA": {"energy": {"dynamic": 1.33977109224e-07, "internal": 9.0410577144e-08, "leakage": 1.9332941928000002e-10, "switching": 4.356653208e-08, "total": 1.3416979368000002e-07}, "power": {"dynamic": 9.991729999999999e-05, "internal": 6.74263e-05, "leakage": 1.44181e-07, "switching": 3.2491e-05, "total": 0.000100061}}, "/panic_design_top/I2C_DEVICE": {"energy": {"dynamic": 1.5290218227360002e-09, "internal": 1.4209037184000002e-09, "leakage": 8.0787483648e-12, "switching": 1.08118104336e-10, "total": 1.5371043792e-09}, "power": {"dynamic": 1.1403122000000001e-06, "internal": 1.05968e-06, "leakage": 6.02496e-09, "switching": 8.06322e-08, "total": 1.14634e-06}}, "/panic_design_top/MEM": {"energy": {"dynamic": 1.452024604584e-07, "internal": 1.371854328e-07, "leakage": 1.5264041568000002e-08, "switching": 8.0170276584e-09, "total": 1.6046713224000002e-07}, "power": {"dynamic": 0.00010828893, "internal": 0.00010231, "leakage": 1.13836e-05, "switching": 5.97893e-06, "total": 0.000119673}}, "/panic_design_top/MMIO": {"energy": {"dynamic": 2.51443560744e-12, "internal": 1.19052846648e-12, "leakage": 1.252784184e-13, "switching": 1.32390714096e-12, "total": 2.6397100031999998e-12}, "power": {"dynamic": 1.875213e-09, "internal": 8.87871e-10, "leakage": 9.343e-11, "switching": 9.87342e-10, "total": 1.96864e-09}}, "/panic_design_top/SCALAR": {"energy": {"dynamic": 5.0334355704e-09, "internal": 3.3638790648e-09, "leakage": 6.3191785848e-11, "switching": 1.6695565056000002e-09, "total": 5.0966312448e-09}, "power": {"dynamic": 3.75383e-06, "internal": 2.50871e-06, "leakage": 4.71271e-08, "switching": 1.24512e-06, "total": 3.80096e-06}}}, "perf": 67044}