{"physical": {"/panic_design_top": {"energy": {"dynamic": 3.635649196e-06, "internal": 2.62459449712e-06, "leakage": 9.6957217068e-08, "switching": 1.0110546988799998e-06, "total": 3.73260694592e-06}, "power": {"dynamic": 0.0006823, "internal": 0.000492556, "leakage": 1.81959e-05, "switching": 0.000189744, "total": 0.000700496}}, "/panic_design_top/CGRA": {"energy": {"dynamic": 2.47503892628e-06, "internal": 1.80276087196e-06, "leakage": 3.59638866064e-08, "switching": 6.722780543200001e-07, "total": 2.51100110776e-06}, "power": {"dynamic": 0.000464489, "internal": 0.000338323, "leakage": 6.74932e-06, "switching": 0.000126166, "total": 0.000471238}}, "/panic_design_top/I2C_DEVICE": {"energy": {"dynamic": 5.323348671339999e-09, "internal": 5.05608342944e-09, "leakage": 3.63254799736e-11, "switching": 2.672652419e-10, "total": 5.359691842e-09}, "power": {"dynamic": 9.990295e-07, "internal": 9.48872e-07, "leakage": 6.81718e-09, "switching": 5.01575e-08, "total": 1.00585e-06}}, "/panic_design_top/MEM": {"energy": {"dynamic": 7.19430660652e-07, "internal": 6.5247194548e-07, "leakage": 6.069344135599999e-08, "switching": 6.6958715172e-08, "total": 7.801219705999999e-07}, "power": {"dynamic": 0.0001350151, "internal": 0.000122449, "leakage": 1.13903e-05, "switching": 1.25661e-05, "total": 0.000146405}}, "/panic_design_top/MMIO": {"energy": {"dynamic": 2.04683905908e-10, "internal": 9.663803872e-11, "leakage": 4.6525439528e-13, "switching": 1.08045867188e-10, "total": 2.0514908570399997e-10}, "power": {"dynamic": 3.84129e-08, "internal": 1.8136e-08, "leakage": 8.7314e-11, "switching": 2.02769e-08, "total": 3.85002e-08}}, "/panic_design_top/SCALAR": {"energy": {"dynamic": 3.02947143228e-07, "internal": 1.63959626104e-07, "leakage": 2.61722515396e-10, "switching": 1.3898751712399998e-07, "total": 3.0320877356e-07}, "power": {"dynamic": 5.68539e-05, "internal": 3.07702e-05, "leakage": 4.91173e-08, "switching": 2.60837e-05, "total": 5.6903e-05}}}, "perf": 266426}