{"physical": {"/base_top": {"energy": {"dynamic": 2.36897353664e-07, "internal": 1.9303814272e-07, "leakage": 9.995552592e-09, "switching": 4.3859210944000005e-08, "total": 2.4689284512e-07}, "power": {"dynamic": 0.0003874924, "internal": 0.000315752, "leakage": 1.63497e-05, "switching": 7.17404e-05, "total": 0.000403842}}, "/base_top/ARBITER": {"energy": {"dynamic": 1.6753678872e-09, "internal": 5.611031512e-10, "leakage": 5.325495824e-13, "switching": 1.114264736e-09, "total": 1.6759028272e-09}, "power": {"dynamic": 2.7403949999999997e-06, "internal": 9.17795e-07, "leakage": 8.7109e-10, "switching": 1.8226e-06, "total": 2.74127e-06}}, "/base_top/I2C_DEVICE": {"energy": {"dynamic": 1.0013288145600002e-09, "internal": 8.675320672000001e-10, "leakage": 3.689190784e-12, "switching": 1.3379674736e-10, "total": 1.0050208176e-09}, "power": {"dynamic": 1.637871e-06, "internal": 1.41902e-06, "leakage": 6.0344e-09, "switching": 2.18851e-07, "total": 1.64391e-06}}, "/base_top/MEM": {"energy": {"dynamic": 1.259732468032e-07, "internal": 1.2049538784e-07, "leakage": 6.9496347999999996e-09, "switching": 5.4778589632e-09, "total": 1.3292311392e-07}, "power": {"dynamic": 0.00020605412, "internal": 0.000197094, "leakage": 1.13675e-05, "switching": 8.96012e-06, "total": 0.000217422}}, "/base_top/MMIO": {"energy": {"dynamic": 3.6510174656e-11, "internal": 1.7452983008e-11, "leakage": 5.18647256e-14, "switching": 1.9057191648e-11, "total": 3.6562017984e-11}, "power": {"dynamic": 5.97196e-08, "internal": 2.85478e-08, "leakage": 8.4835e-11, "switching": 3.11718e-08, "total": 5.98044e-08}}, "/base_top/SCALAR": {"energy": {"dynamic": 5.739796155200001e-08, "internal": 3.0176790736e-08, "leakage": 2.7825255632e-11, "switching": 2.7221170816e-08, "total": 5.742577843200001e-08}, "power": {"dynamic": 9.388570000000001e-05, "internal": 4.93601e-05, "leakage": 4.55137e-08, "switching": 4.45256e-05, "total": 9.39312e-05}}, "/base_top/VCU": {"energy": {"dynamic": 4.851691824e-08, "internal": 4.074530992e-08, "leakage": 3.0137052336e-09, "switching": 7.77160832e-09, "total": 5.153061736e-08}, "power": {"dynamic": 7.9359e-05, "internal": 6.6647e-05, "leakage": 4.92951e-06, "switching": 1.2712e-05, "total": 8.42885e-05}}}, "perf": 30568}