{"main": {"read_latency": 1, "destiny": {"leakage_power": 0.0377025, "read_dynamic_energy": 0.040280500000000004, "read_latency": 1.29522, "write_latency": 10.3834, "write_dynamic_energy": 0.0667687}, "write_latency": 1, "line_size": 4, "type": "main_mem", "size": 64}, "icache": {"line_size": 4, "destiny": {"leakage_power": 0.000295922, "hit_dynamic_energy": 0.00356465, "read_latency": 0.243833, "write_dynamic_energy": 0.00285388, "miss_dynamic_energy": 0.00356465}, "write_latency": 0, "invalid_latency": 0, "read_latency": 0, "sets": 2, "type": "cache", "children": ["main"], "size": 128}, "power": {"avg": {"total": 933616.4880629214, "compute": 213058.49400000004, "vrf": 202451.9572682205, "memory": {"total": 518106.0367947009, "parts": {"main": {"read": 15022.557851372487, "write": 1132.2134640556199, "leakage": 37702.5}, "icache": {"read": 161488.57840067652, "write": 0.0, "leakage": 295.9220000000001}, "dcache": {"read": 183772.6044749404, "write": 118317.86060365588, "leakage": 373.79999999999995}}}}, "dynamic": 212290.104, "leakage": 768.39}, "energy": {"total": 8423.73215068044, "compute": 1922.3607432288602, "vrf": 1826.6612503244003, "memory": {"total": 4674.71015712718, "parts": {"icache": {"read": 1457.06138145, "write": 0.0, "leakage": 2.6700124701800005}, "main": {"read": 135.54388250000002, "write": 10.2156111, "leakage": 340.177969725}, "dcache": {"read": 1658.1232406699999, "write": 1067.54537769, "leakage": 3.3726815219999997}}}}, "frequency": 100000000.0, "dcache": {"line_size": 4, "destiny": {"leakage_power": 0.0003738, "hit_dynamic_energy": 0.00790113, "read_latency": 0.304819, "write_dynamic_energy": 0.00609866, "miss_dynamic_energy": 0.00790113}, "write_latency": 0, "invalid_latency": 0, "read_latency": 0, "sets": 8, "type": "cache", "children": ["main"], "size": 256}, "vrf": {"destiny": {"leakage_power": 0.00233276, "read_dynamic_energy": 0.00473775, "read_latency": 0.0549339, "write_dynamic_energy": 0.00455963}}, "cycles": 902269}