{"main": {"read_latency": 1, "destiny": {"leakage_power": 0.0377025, "read_dynamic_energy": 0.040280500000000004, "read_latency": 1.29522, "write_latency": 10.3834, "write_dynamic_energy": 0.0667687}, "write_latency": 1, "line_size": 4, "type": "main_mem", "size": 64}, "icache": {"line_size": 4, "destiny": {"leakage_power": 0.000147961, "hit_dynamic_energy": 0.00296197, "read_latency": 0.243648, "write_dynamic_energy": 0.0022512, "miss_dynamic_energy": 0.00296197}, "write_latency": 0, "invalid_latency": 0, "read_latency": 0, "sets": 2, "type": "cache", "children": ["main"], "size": 64}, "power": {"avg": {"total": 688753.6650455685, "compute": 166873.808, "vrf": 2332.76, "memory": {"total": 519547.0970455685, "parts": {"icache": {"read": 54793.015749364444, "write": 0.0, "leakage": 147.96100000000004}, "main": {"read": 12967.71571653794, "write": 1513.6082516718702, "leakage": 37702.5}, "dcache": {"read": 242132.02228375353, "write": 169916.47404424072, "leakage": 373.79999999999995}}}}, "dynamic": 166105.74, "leakage": 768.068}, "energy": {"total": 4678.90338521741, "compute": 1133.62217114832, "vrf": 15.847115180400001, "memory": {"total": 3529.4340988886897, "parts": {"main": {"read": 88.09345350000001, "write": 10.2823798, "leakage": 256.124016225}, "icache": {"read": 372.22484596, "write": 0.0, "leakage": 1.0051419816900002}, "dcache": {"read": 1644.87304566, "write": 1154.29188396, "leakage": 2.5393318019999995}}}}, "frequency": 100000000.0, "dcache": {"line_size": 4, "destiny": {"leakage_power": 0.0003738, "hit_dynamic_energy": 0.00790113, "read_latency": 0.304819, "write_dynamic_energy": 0.00609866, "miss_dynamic_energy": 0.00790113}, "write_latency": 0, "invalid_latency": 0, "read_latency": 0, "sets": 8, "type": "cache", "children": ["main"], "size": 256}, "vrf": {"destiny": {"leakage_power": 0.00233276, "read_dynamic_energy": 0.00473775, "read_latency": 0.0549339, "write_dynamic_energy": 0.00455963}}, "cycles": 679329}