{"main": {"read_latency": 0, "destiny": {"leakage_power": 0.0377025, "read_dynamic_energy": 0.040280500000000004, "read_latency": 1.29522, "write_latency": 10.3834, "write_dynamic_energy": 0.0667687}, "write_latency": 0, "line_size": 4, "type": "main_mem", "size": 64}, "icache": {"read_latency": 0, "destiny": {"leakage_power": 0.000295922, "hit_dynamic_energy": 0.00356465, "read_latency": 0.243833, "write_dynamic_energy": 0.00285388, "miss_dynamic_energy": 0.00356465}, "write_latency": 0, "invalid_latency": 1, "line_size": 4, "sets": 2, "type": "cache", "children": ["main"], "size": 128}, "power": {"avg": {"total": 759450.1762388491, "compute": 254712.06499999997, "vrf": 583.189, "memory": {"total": 504154.922238849, "parts": {"main": {"read": 22111.095458428284, "write": 541.9971443485572, "leakage": 37702.5}, "icache": {"read": 256766.30579930553, "write": 0.0, "leakage": 295.922}, "dcache": {"read": 121939.33266296485, "write": 64423.96917380176, "leakage": 373.79999999999995}}}}, "dynamic": 253953.018, "leakage": 759.047}, "energy": {"total": 14127.07193784396, "compute": 4738.07996663115, "vrf": 10.84831265319, "memory": {"total": 9378.14365855962, "parts": {"icache": {"read": 4776.29235825, "write": 0.0, "leakage": 5.504655226620001}, "main": {"read": 411.3041855, "write": 10.0820737, "leakage": 701.330971275}, "dcache": {"read": 2268.28010379, "write": 1198.39599162, "leakage": 6.953319197999999}}}}, "frequency": 100000000.0, "dcache": {"read_latency": 0, "destiny": {"leakage_power": 0.0003738, "hit_dynamic_energy": 0.00790113, "read_latency": 0.304819, "write_dynamic_energy": 0.00609866, "miss_dynamic_energy": 0.00790113}, "write_latency": 0, "invalid_latency": 1, "line_size": 4, "sets": 8, "type": "cache", "children": ["main"], "size": 256}, "vrf": {"destiny": {"leakage_power": 0.000583189, "read_dynamic_energy": 0.00224385, "read_latency": 0.051956800000000004, "write_dynamic_energy": 0.0020657199999999996}}, "cycles": 1860171}