{"physical": {"/base_top": {"energy": {"dynamic": 6.189046759e-07, "internal": 4.84835116e-07, "leakage": 2.353539315e-08, "switching": 1.340695599e-07, "total": 6.424402130000001e-07}, "power": {"dynamic": 0.0004299442, "internal": 0.000336808, "leakage": 1.63497e-05, "switching": 9.31362e-05, "total": 0.000446294}}, "/base_top/ARBITER": {"energy": {"dynamic": 5.2052320000000005e-09, "internal": 1.6668258400000002e-09, "leakage": 1.258943515e-12, "switching": 3.5384061600000002e-09, "total": 5.20649876e-09}, "power": {"dynamic": 3.616e-06, "internal": 1.15792e-06, "leakage": 8.7457e-10, "switching": 2.45808e-06, "total": 3.61688e-06}}, "/base_top/I2C_DEVICE": {"energy": {"dynamic": 2.098102919e-09, "internal": 1.88062038e-09, "leakage": 8.668179570000001e-12, "switching": 2.17482539e-10, "total": 2.10676583e-09}, "power": {"dynamic": 1.457522e-06, "internal": 1.30644e-06, "leakage": 6.02166e-09, "switching": 1.51082e-07, "total": 1.46354e-06}}, "/base_top/MEM": {"energy": {"dynamic": 3.3376736430000004e-07, "internal": 3.18627567e-07, "leakage": 1.636351625e-08, "switching": 1.5139797300000002e-08, "total": 3.5013102450000004e-07}, "power": {"dynamic": 0.0002318634, "internal": 0.000221346, "leakage": 1.13675e-05, "switching": 1.05174e-05, "total": 0.000243231}}, "/base_top/MMIO": {"energy": {"dynamic": 1.7670999705e-10, "internal": 8.871393785e-11, "leakage": 1.029055365e-13, "switching": 8.799605919999999e-11, "total": 1.7681234549999998e-10}, "power": {"dynamic": 1.227579e-07, "internal": 6.16283e-08, "leakage": 7.1487e-11, "switching": 6.11296e-08, "total": 1.22829e-07}}, "/base_top/SCALAR": {"energy": {"dynamic": 1.9195775685000002e-07, "internal": 1.016687181e-07, "leakage": 6.59417676e-11, "switching": 9.028903874999999e-08, "total": 1.92023542e-07}, "power": {"dynamic": 0.0001333503, "internal": 7.06278e-05, "leakage": 4.58088e-08, "switching": 6.27225e-05, "total": 0.000133396}}, "/base_top/VCU": {"energy": {"dynamic": 8.034410905e-08, "internal": 6.052593675e-08, "leakage": 7.095497030000001e-09, "switching": 1.98181723e-08, "total": 8.74395485e-08}, "power": {"dynamic": 5.58139e-05, "internal": 4.20465e-05, "leakage": 4.92914e-06, "switching": 1.37674e-05, "total": 6.0743e-05}}}, "perf": 71975}