{"physical": {"/panic_top": {"energy": {"dynamic": 2.181014877e-07, "internal": 1.6279275396e-07, "leakage": 6.758363916e-09, "switching": 5.5308733740000005e-08, "total": 2.2485976061999997e-07}, "power": {"dynamic": 0.000479365, "internal": 0.000357802, "leakage": 1.48542e-05, "switching": 0.000121563, "total": 0.000494219}}, "/panic_top/I2C_DEVICE": {"energy": {"dynamic": 8.987611222799999e-10, "internal": 7.665321047999999e-10, "leakage": 3.0931314822e-12, "switching": 1.3222901748e-10, "total": 9.018568062e-10}, "power": {"dynamic": 1.975386e-06, "internal": 1.68476e-06, "leakage": 6.79839e-09, "switching": 2.90626e-07, "total": 1.98219e-06}}, "/panic_top/MEM": {"energy": {"dynamic": 1.15690767468e-07, "internal": 9.940130052e-08, "leakage": 5.1901843500000005e-09, "switching": 1.6289466948e-08, "total": 1.2088090632e-07}, "power": {"dynamic": 0.0002542766, "internal": 0.000218474, "leakage": 1.14075e-05, "switching": 3.58026e-05, "total": 0.000265684}}, "/panic_top/MMIO": {"energy": {"dynamic": 4.4853475332e-11, "internal": 2.2342065888e-11, "leakage": 3.682198638e-14, "switching": 2.2511409444e-11, "total": 4.4890283214e-11}, "power": {"dynamic": 9.85834e-08, "internal": 4.91056e-08, "leakage": 8.0931e-11, "switching": 4.94778e-08, "total": 9.86643e-08}}, "/panic_top/SCALAR": {"energy": {"dynamic": 6.880971926399999e-08, "internal": 3.6885046607999995e-08, "leakage": 2.2322274258e-11, "switching": 3.1924672655999996e-08, "total": 6.883210428e-08}, "power": {"dynamic": 0.0001512368, "internal": 8.10696e-05, "leakage": 4.90621e-08, "switching": 7.01672e-05, "total": 0.000151286}}, "/panic_top/VCU": {"energy": {"dynamic": 3.256633095e-08, "internal": 2.5674885384e-08, "leakage": 1.5425960406e-09, "switching": 6.891445566e-09, "total": 3.410894064e-08}, "power": {"dynamic": 7.15775e-05, "internal": 5.64308e-05, "leakage": 3.39047e-06, "switching": 1.51467e-05, "total": 7.4968e-05}}}, "perf": 22749}