{"physical": {"/scalar_top": {"energy": {"dynamic": 2.0500606648038e-05, "internal": 1.590483622106e-05, "leakage": 5.49908196154e-07, "switching": 4.5957704269780005e-06, "total": 2.105053411268e-05}, "power": {"dynamic": 0.0004255779, "internal": 0.000330173, "leakage": 1.14157e-05, "switching": 9.54049e-05, "total": 0.000436994}}, "/scalar_top/I2C_DEVICE": {"energy": {"dynamic": 5.5094541886304e-08, "internal": 5.0361565373400004e-08, "leakage": 2.91435881e-10, "switching": 4.732976512904e-09, "total": 5.53858236194e-08}, "power": {"dynamic": 1.1437232e-06, "internal": 1.04547e-06, "leakage": 6.05e-09, "switching": 9.82532e-08, "total": 1.14977e-06}}, "/scalar_top/MEM": {"energy": {"dynamic": 1.2276690724466e-05, "internal": 1.1693563655e-05, "leakage": 5.47388841348e-07, "switching": 5.831270694660001e-07, "total": 1.282409401718e-05}, "power": {"dynamic": 0.0002548553, "internal": 0.00024275, "leakage": 1.13634e-05, "switching": 1.21053e-05, "total": 0.000266219}}, "/scalar_top/MMIO": {"energy": {"dynamic": 9.511084641826001e-09, "internal": 4.781364503394e-09, "leakage": 3.62714835234e-12, "switching": 4.729720138432e-09, "total": 9.514731203180001e-09}, "power": {"dynamic": 1.974433e-07, "internal": 9.92577e-08, "leakage": 7.5297e-11, "switching": 9.81856e-08, "total": 1.97519e-07}}, "/scalar_top/SCALAR": {"energy": {"dynamic": 7.979919060028002e-06, "internal": 4.1369010195020006e-06, "leakage": 2.182242974196e-09, "switching": 3.843018040526e-06, "total": 7.98211566766e-06}, "power": {"dynamic": 0.00016565740000000002, "internal": 8.58791e-05, "leakage": 4.53018e-08, "switching": 7.97783e-05, "total": 0.000165703}}}, "perf": 2408561}