{"physical": {"/manic_top": {"energy": {"dynamic": 5.01966368889e-06, "internal": 3.915495275700001e-06, "leakage": 3.0134901354e-07, "switching": 1.1041684131900001e-06, "total": 5.3210105394e-06}, "power": {"dynamic": 0.0002320663, "internal": 0.000181019, "leakage": 1.39318e-05, "switching": 5.10473e-05, "total": 0.000245998}}, "/manic_top/ARBITER": {"energy": {"dynamic": 3.4730907498e-08, "internal": 1.35061972533e-08, "leakage": 1.69054205286e-11, "switching": 2.12247102447e-08, "total": 3.4747779132e-08}, "power": {"dynamic": 1.6056599999999999e-06, "internal": 6.24411e-07, "leakage": 7.81562e-10, "switching": 9.81249e-07, "total": 1.60644e-06}}, "/manic_top/I2C_DEVICE": {"energy": {"dynamic": 1.9384867209120002e-08, "internal": 1.86765960138e-08, "leakage": 1.33094047839e-10, "switching": 7.0827119532e-10, "total": 1.95179497929e-08}, "power": {"dynamic": 8.961904e-07, "internal": 8.63446e-07, "leakage": 6.15313e-09, "switching": 3.27444e-08, "total": 9.02343e-07}}, "/manic_top/MEM": {"energy": {"dynamic": 2.393002916994e-06, "internal": 2.3000363202e-06, "leakage": 2.4587594616e-07, "switching": 9.2966596794e-08, "total": 2.6388749697000003e-06}, "power": {"dynamic": 0.00011063198, "internal": 0.000106334, "leakage": 1.13672e-05, "switching": 4.29798e-06, "total": 0.000121999}}, "/manic_top/MMIO": {"energy": {"dynamic": 5.80340949e-10, "internal": 2.8555456848e-10, "leakage": 1.9208787915e-12, "switching": 2.9478638052000004e-10, "total": 5.822617196400001e-10}, "power": {"dynamic": 2.683e-08, "internal": 1.32016e-08, "leakage": 8.8805e-11, "switching": 1.36284e-08, "total": 2.69188e-08}}, "/manic_top/SCALAR": {"energy": {"dynamic": 9.6523699629e-07, "internal": 5.1112182597e-07, "leakage": 9.780183405600002e-10, "switching": 4.5411517032000004e-07, "total": 9.6621468585e-07}, "power": {"dynamic": 4.46243e-05, "internal": 2.36299e-05, "leakage": 4.52152e-08, "switching": 2.09944e-05, "total": 4.46695e-05}}, "/manic_top/VCU": {"energy": {"dynamic": 1.46567129103e-06, "internal": 1.0686406454400001e-06, "leakage": 5.433855814500001e-08, "switching": 3.9703064559e-07, "total": 1.52000876766e-06}, "power": {"dynamic": 6.77601e-05, "internal": 4.94048e-05, "leakage": 2.51215e-06, "switching": 1.83553e-05, "total": 7.02722e-05}}}, "perf": 1081515}