{
    "cgra_minus_noc": {
        "energy": {
            "dynamic": 0.0,
            "internal": 0.0,
            "leakage": 0.0,
            "switching": 0.0,
            "total": 0.0
        }
    },
    "count": 3025313,
    "noc": {
        "energy": {
            "dynamic": 0.0,
            "internal": 0.0,
            "leakage": 0.0,
            "switching": 0.0,
            "total": 0.0
        }
    },
    "perf": 3367191,
    "physical": {
        "/scalar_top": {
            "energy": {
                "dynamic": 2.5071740529372e-05,
                "internal": 2.103288920622e-05,
                "leakage": 8.092437474119999e-07,
                "switching": 4.038851323152e-06,
                "total": 2.588097080802e-05
            },
            "power": {
                "dynamic": 0.0003722946,
                "internal": 0.000312321,
                "leakage": 1.20166e-05,
                "switching": 5.99736e-05,
                "total": 0.000384311
            }
        },
        "/scalar_top/ALIGNER": {
            "energy": {
                "dynamic": 7.385246551536e-07,
                "internal": 4.782502189884e-07,
                "leakage": 1.288145854578e-10,
                "switching": 2.602744361652e-07,
                "total": 7.38653955288e-07
            },
            "power": {
                "dynamic": 1.096648e-05,
                "internal": 7.10162e-06,
                "leakage": 1.91279e-09,
                "switching": 3.86486e-06,
                "total": 1.09684e-05
            }
        },
        "/scalar_top/CORE": {
            "energy": {
                "dynamic": 1.4042169689772e-05,
                "internal": 1.1091527154e-05,
                "leakage": 4.354895870412e-08,
                "switching": 2.950642535772e-06,
                "total": 1.408570073502e-05
            },
            "power": {
                "dynamic": 0.0002085146,
                "internal": 0.0001647,
                "leakage": 6.46666e-07,
                "switching": 4.38146e-05,
                "total": 0.000209161
            }
        },
        "/scalar_top/INSN_DATA_CONFLICT": {
            "energy": {
                "dynamic": 1.4017811430078e-08,
                "internal": 4.0302515173379996e-09,
                "leakage": 4.1032589526e-13,
                "switching": 9.98755991274e-09,
                "total": 1.401822222738e-08
            },
            "power": {
                "dynamic": 2.081529e-07,
                "internal": 5.98459e-08,
                "leakage": 6.093e-12,
                "switching": 1.48307e-07,
                "total": 2.08159e-07
            }
        },
        "/scalar_top/MM": {
            "energy": {
                "dynamic": 9.8885160097896e-06,
                "internal": 9.4527152943e-06,
                "leakage": 7.6556454576e-07,
                "switching": 4.3580071548959994e-07,
                "total": 1.065406169928e-05
            },
            "power": {
                "dynamic": 0.00014683627999999998,
                "internal": 0.000140365,
                "leakage": 1.1368e-05,
                "switching": 6.47128e-06,
                "total": 0.000158204
            }
        }
    }
}
