{"physical": {"/fft_design_top": {"energy": {"dynamic": 2.13462228312e-06, "internal": 1.68325220484e-06, "leakage": 5.0880397679999996e-08, "switching": 4.5137007828e-07, "total": 2.1855026808e-06}, "power": {"dynamic": 0.000582066, "internal": 0.000458987, "leakage": 1.3874e-05, "switching": 0.000123079, "total": 0.00059594}}, "/fft_design_top/FFT": {"energy": {"dynamic": 1.3738514184e-06, "internal": 1.10868951312e-06, "leakage": 8.9791763076e-09, "switching": 2.6516190528000003e-07, "total": 1.38282901776e-06}, "power": {"dynamic": 0.00037462, "internal": 0.000302316, "leakage": 2.44843e-06, "switching": 7.2304e-05, "total": 0.000377068}}, "/fft_design_top/I2C_DEVICE": {"energy": {"dynamic": 3.989905168572e-09, "internal": 3.78925839e-09, "leakage": 2.16766850364e-11, "switching": 2.0064677857199998e-10, "total": 4.0115713284e-09}, "power": {"dynamic": 1.0879621e-06, "internal": 1.03325e-06, "leakage": 5.91077e-09, "switching": 5.47121e-08, "total": 1.09387e-06}}, "/fft_design_top/MEM": {"energy": {"dynamic": 5.183855837640001e-07, "internal": 4.7447786160000004e-07, "leakage": 4.1710997484e-08, "switching": 4.3907722164e-08, "total": 5.600951143199999e-07}, "power": {"dynamic": 0.00014135270000000002, "internal": 0.00012938, "leakage": 1.13737e-05, "switching": 1.19727e-05, "total": 0.000152726}}, "/fft_design_top/MMIO": {"energy": {"dynamic": 1.59623403588e-10, "internal": 7.330789313999999e-11, "leakage": 3.1532350824e-13, "switching": 8.631551044800001e-11, "total": 1.59938793108e-10}, "power": {"dynamic": 4.35259e-08, "internal": 1.99895e-08, "leakage": 8.5982e-11, "switching": 2.35364e-08, "total": 4.36119e-08}}, "/fft_design_top/SCALAR": {"energy": {"dynamic": 1.8323947746e-07, "internal": 9.599613505200001e-08, "leakage": 1.67932450512e-10, "switching": 8.7243342408e-08, "total": 1.83407440716e-07}, "power": {"dynamic": 4.99655e-05, "internal": 2.61761e-05, "leakage": 4.57916e-08, "switching": 2.37894e-05, "total": 5.00113e-05}}}, "perf": 183366}