{"physical": {"/manic_top": {"energy": {"dynamic": 9.3691608318e-07, "internal": 7.0855404552e-07, "leakage": 5.581573164e-08, "switching": 2.2836203766e-07, "total": 9.9272981124e-07}, "power": {"dynamic": 0.0002338105, "internal": 0.000176822, "leakage": 1.3929e-05, "switching": 5.69885e-05, "total": 0.000247739}}, "/manic_top/ARBITER": {"energy": {"dynamic": 2.6798042786400003e-09, "internal": 1.2968371908e-09, "leakage": 3.12746015088e-12, "switching": 1.3829670878400001e-09, "total": 2.68292986344e-09}, "power": {"dynamic": 6.687540000000001e-07, "internal": 3.2363e-07, "leakage": 7.80468e-10, "switching": 3.45124e-07, "total": 6.69534e-07}}, "/manic_top/I2C_DEVICE": {"energy": {"dynamic": 4.154605055063999e-09, "internal": 3.85741643796e-09, "leakage": 2.46519681768e-11, "switching": 2.97188617104e-10, "total": 4.179267522e-09}, "power": {"dynamic": 1.0367953999999998e-06, "internal": 9.62631e-07, "leakage": 6.15198e-09, "switching": 7.41644e-08, "total": 1.04295e-06}}, "/manic_top/MEM": {"energy": {"dynamic": 3.366887159448e-07, "internal": 3.18818064636e-07, "leakage": 4.5550189152e-08, "switching": 1.7870651308800002e-08, "total": 3.8223898524000005e-07}, "power": {"dynamic": 8.402178e-05, "internal": 7.95621e-05, "leakage": 1.13672e-05, "switching": 4.45968e-06, "total": 9.5389e-05}}, "/manic_top/MMIO": {"energy": {"dynamic": 1.73361362364e-10, "internal": 8.362622347200001e-11, "leakage": 3.5103923748e-13, "switching": 8.9735138892e-11, "total": 1.7371238958e-10}, "power": {"dynamic": 4.32629e-08, "internal": 2.08692e-08, "leakage": 8.7603e-11, "switching": 2.23937e-08, "total": 4.33505e-08}}, "/manic_top/SCALAR": {"energy": {"dynamic": 2.41075954908e-07, "internal": 1.29727397124e-07, "leakage": 1.78183979424e-10, "switching": 1.11348557784e-07, "total": 2.41254273528e-07}, "power": {"dynamic": 6.01613e-05, "internal": 3.23739e-05, "leakage": 4.44664e-08, "switching": 2.77874e-05, "total": 6.02058e-05}}, "/manic_top/VCU": {"energy": {"dynamic": 3.2621808700800003e-07, "internal": 2.5421182610400003e-07, "leakage": 1.00580517432e-08, "switching": 7.200626090400001e-08, "total": 3.36276459324e-07}, "power": {"dynamic": 8.14088e-05, "internal": 6.34394e-05, "leakage": 2.51002e-06, "switching": 1.79694e-05, "total": 8.39189e-05}}}, "perf": 200358}