{"physical": {"/scalar_top": {"energy": {"dynamic": 1.172345506312e-05, "internal": 9.01215744928e-06, "leakage": 3.11686053496e-07, "switching": 2.71129761384e-06, "total": 1.203512200432e-05}, "power": {"dynamic": 0.000429379, "internal": 0.000330076, "leakage": 1.14157e-05, "switching": 9.9303e-05, "total": 0.000440794}}, "/scalar_top/I2C_DEVICE": {"energy": {"dynamic": 3.391535627252e-08, "internal": 3.12382287136e-08, "leakage": 1.649251898072e-10, "switching": 2.6771275589199996e-09, "total": 3.40805001616e-08}, "power": {"dynamic": 1.2421715e-06, "internal": 1.14412e-06, "leakage": 6.04049e-09, "switching": 9.80515e-08, "total": 1.24822e-06}}, "/scalar_top/MEM": {"energy": {"dynamic": 6.777758036216e-06, "internal": 6.48294540976e-06, "leakage": 3.10258091952e-07, "switching": 2.94812626456e-07, "total": 7.08801339784e-06}, "power": {"dynamic": 0.0002482397, "internal": 0.000237442, "leakage": 1.13634e-05, "switching": 1.07977e-05, "total": 0.000259603}}, "/scalar_top/MMIO": {"energy": {"dynamic": 3.830975093032e-09, "internal": 1.917107996184e-09, "leakage": 1.9022741241599998e-12, "switching": 1.9138670968479998e-09, "total": 3.832889052959999e-09}, "power": {"dynamic": 1.403119e-07, "internal": 7.02153e-08, "leakage": 6.9672e-11, "switching": 7.00966e-08, "total": 1.40382e-07}}, "/scalar_top/SCALAR": {"energy": {"dynamic": 4.802245593783999e-06, "internal": 2.4845793677039997e-06, "leakage": 1.23872251032e-09, "switching": 2.31766622608e-06, "total": 4.8034933536799995e-06}, "power": {"dynamic": 0.0001758853, "internal": 9.09993e-05, "leakage": 4.5369e-08, "switching": 8.4886e-05, "total": 0.000175931}}}, "perf": 1365164}