{"physical": {"/panic_top": {"energy": {"dynamic": 8.44404701276e-06, "internal": 6.50771966604e-06, "leakage": 1.56003480448e-07, "switching": 1.93632734672e-06, "total": 8.60004210412e-06}, "power": {"dynamic": 0.0008052409999999999, "internal": 0.000620589, "leakage": 1.48768e-05, "switching": 0.000184652, "total": 0.000820117}}, "/panic_top/I2C_DEVICE": {"energy": {"dynamic": 1.1830749102896e-08, "internal": 1.13618661964e-08, "leakage": 7.11911639948e-11, "switching": 4.688829064959999e-10, "total": 1.19019137364e-08}, "power": {"dynamic": 1.1282036e-06, "internal": 1.08349e-06, "leakage": 6.78893e-09, "switching": 4.47136e-08, "total": 1.13499e-06}}, "/panic_top/MEM": {"energy": {"dynamic": 4.64782739736e-06, "internal": 4.1923418644e-06, "leakage": 1.1962944351600002e-07, "switching": 4.5548553296000004e-07, "total": 4.76745579224e-06}, "power": {"dynamic": 0.000443226, "internal": 0.00039979, "leakage": 1.14081e-05, "switching": 4.3436e-05, "total": 0.000454634}}, "/panic_top/MMIO": {"energy": {"dynamic": 4.4522148379200005e-10, "internal": 2.2083435251200002e-10, "leakage": 8.6936118944e-13, "switching": 2.2438713128e-10, "total": 4.46090803036e-10}, "power": {"dynamic": 4.2457200000000005e-08, "internal": 2.10592e-08, "leakage": 8.2904e-11, "switching": 2.1398e-08, "total": 4.25401e-08}}, "/panic_top/SCALAR": {"energy": {"dynamic": 8.68326185708e-07, "internal": 4.64396841688e-07, "leakage": 5.15339578568e-10, "switching": 4.0392934402000003e-07, "total": 8.68841065984e-07}, "power": {"dynamic": 8.28053e-05, "internal": 4.42858e-05, "leakage": 4.91438e-08, "switching": 3.85195e-05, "total": 8.28544e-05}}, "/panic_top/VCU": {"energy": {"dynamic": 2.91383436684e-06, "internal": 1.8385734987999998e-06, "leakage": 3.57848083636e-08, "switching": 1.07526086804e-06, "total": 2.94962431352e-06}, "power": {"dynamic": 0.000277869, "internal": 0.00017533, "leakage": 3.41251e-06, "switching": 0.000102539, "total": 0.000281282}}}, "perf": 524318}