{"physical": {"/scalar_top": {"energy": {"dynamic": 1.628834500248e-06, "internal": 1.2621066790799999e-06, "leakage": 4.3439249928e-08, "switching": 3.66727821168e-07, "total": 1.6722745112399998e-06}, "power": {"dynamic": 0.0004280414, "internal": 0.000331669, "leakage": 1.14154e-05, "switching": 9.63724e-05, "total": 0.000439457}}, "/scalar_top/I2C_DEVICE": {"energy": {"dynamic": 4.96110603828e-09, "internal": 4.4515013892000005e-09, "leakage": 2.30036160384e-11, "switching": 5.0960464908e-10, "total": 4.9841320296e-09}, "power": {"dynamic": 1.303729e-06, "internal": 1.16981e-06, "leakage": 6.04512e-09, "switching": 1.33919e-07, "total": 1.30978e-06}}, "/scalar_top/MEM": {"energy": {"dynamic": 9.75359073672e-07, "internal": 9.286122396e-07, "leakage": 4.3241373288e-08, "switching": 4.6746834072e-08, "total": 1.01860044696e-06}, "power": {"dynamic": 0.0002563146, "internal": 0.00024403, "leakage": 1.13634e-05, "switching": 1.22846e-05, "total": 0.000267678}}, "/scalar_top/MMIO": {"energy": {"dynamic": 5.5630163346e-10, "internal": 2.7689981778000003e-10, "leakage": 2.7776172276e-13, "switching": 2.7940181568e-10, "total": 5.5658132448e-10}, "power": {"dynamic": 1.461905e-07, "internal": 7.27665e-08, "leakage": 7.2993e-11, "switching": 7.3424e-08, "total": 1.46264e-07}}, "/scalar_top/SCALAR": {"energy": {"dynamic": 6.335850189360001e-07, "internal": 3.27228219036e-07, "leakage": 1.71527082192e-10, "switching": 3.063567999e-07, "total": 6.337570194000001e-07}, "power": {"dynamic": 0.00016649980000000002, "internal": 8.59923e-05, "leakage": 4.50756e-08, "switching": 8.05075e-05, "total": 0.000166545}}}, "perf": 190266}