{
    "cgra_minus_noc": {
        "energy": {
            "dynamic": 1.724499768332388e-06,
            "internal": 1.16684939720496e-06,
            "leakage": 8.60778008007488e-08,
            "switching": 5.576503711274279e-07,
            "total": 1.8105775691331368e-06
        }
    },
    "count": 105688,
    "noc": {
        "energy": {
            "dynamic": 8.111745810451197e-09,
            "internal": 8.977340215503999e-08,
            "leakage": 8.111745810451197e-09,
            "switching": 4.228428333657213e-08,
            "total": 1.4016943130206335e-07
        }
    },
    "perf": 674096,
    "physical": {
        "/snafu_top": {
            "energy": {
                "dynamic": 5.307044559872e-06,
                "internal": 4.37573240096e-06,
                "leakage": 2.57321317888e-07,
                "switching": 9.313121589120001e-07,
                "total": 5.56436587776e-06
            },
            "power": {
                "dynamic": 0.0003936416,
                "internal": 0.000324563,
                "leakage": 1.90864e-05,
                "switching": 6.90786e-05,
                "total": 0.000412728
            }
        },
        "/snafu_top/ALIGNER": {
            "energy": {
                "dynamic": 4.0781459808e-08,
                "internal": 2.60213189728e-08,
                "leakage": 2.97556759936e-11,
                "switching": 1.4760140835199999e-08,
                "total": 4.08112548512e-08
            },
            "power": {
                "dynamic": 3.0249e-06,
                "internal": 1.93009e-06,
                "leakage": 2.20708e-09,
                "switching": 1.09481e-06,
                "total": 3.02711e-06
            }
        },
        "/snafu_top/CGRA": {
            "energy": {
                "dynamic": 1.856557453824e-06,
                "internal": 1.25662279936e-06,
                "leakage": 9.41895466112e-08,
                "switching": 5.99934654464e-07,
                "total": 1.95075293248e-06
            },
            "power": {
                "dynamic": 0.0001377072,
                "internal": 9.3208e-05,
                "leakage": 6.98636e-06,
                "switching": 4.44992e-05,
                "total": 0.000144694
            }
        },
        "/snafu_top/CORE": {
            "energy": {
                "dynamic": 6.650707982944e-07,
                "internal": 5.35633985216e-07,
                "leakage": 8.833691032e-09,
                "switching": 1.294368130784e-07,
                "total": 6.73904556736e-07
            },
            "power": {
                "dynamic": 4.933057e-05,
                "internal": 3.97298e-05,
                "leakage": 6.55225e-07,
                "switching": 9.60077e-06,
                "total": 4.99858e-05
            }
        },
        "/snafu_top/INSN_DATA_CONFLICT": {
            "energy": {
                "dynamic": 6.342623191680001e-10,
                "internal": 1.81598766016e-10,
                "leakage": 6.522552896e-14,
                "switching": 4.52663553152e-10,
                "total": 6.343283805759999e-10
            },
            "power": {
                "dynamic": 4.7045400000000004e-08,
                "internal": 1.34698e-08,
                "leakage": 4.838e-12,
                "switching": 3.35756e-08,
                "total": 4.70503e-08
            }
        },
        "/snafu_top/MM": {
            "energy": {
                "dynamic": 2.743443989952e-06,
                "internal": 2.55696746528e-06,
                "leakage": 1.54250691296e-07,
                "switching": 1.86476524672e-07,
                "total": 2.89768254752e-06
            },
            "power": {
                "dynamic": 0.0002034906,
                "internal": 0.000189659,
                "leakage": 1.14413e-05,
                "switching": 1.38316e-05,
                "total": 0.000214931
            }
        }
    }
}
