{"physical": {"/panic_top": {"energy": {"dynamic": 4.6159458928e-06, "internal": 3.4880294124e-06, "leakage": 9.336598722e-08, "switching": 1.1279164804e-06, "total": 4.7093194147e-06}, "power": {"dynamic": 0.000735152, "internal": 0.000555516, "leakage": 1.48698e-05, "switching": 0.000179636, "total": 0.000750023}}, "/panic_top/I2C_DEVICE": {"energy": {"dynamic": 8.71857412968e-09, "internal": 8.165458294e-09, "leakage": 4.2507336742999996e-11, "switching": 5.5311583568e-10, "total": 8.761074748e-09}, "power": {"dynamic": 1.3885512000000001e-06, "internal": 1.30046e-06, "leakage": 6.76987e-09, "switching": 8.80912e-08, "total": 1.39532e-06}}, "/panic_top/MEM": {"energy": {"dynamic": 2.45402832297e-06, "internal": 2.1875750388999995e-06, "leakage": 7.16296912e-08, "switching": 2.6645328407e-07, "total": 2.5256624093999996e-06}, "power": {"dynamic": 0.0003908373, "internal": 0.000348401, "leakage": 1.1408e-05, "switching": 4.24363e-05, "total": 0.000402246}}, "/panic_top/MMIO": {"energy": {"dynamic": 6.953768729799999e-10, "internal": 3.5279694953e-10, "leakage": 4.283214424e-13, "switching": 3.4257992344999996e-10, "total": 6.958025824e-10}, "power": {"dynamic": 1.1074819999999999e-07, "internal": 5.61877e-08, "leakage": 6.8216e-11, "switching": 5.45605e-08, "total": 1.10816e-07}}, "/panic_top/SCALAR": {"energy": {"dynamic": 9.8978947086e-07, "internal": 5.268235698199999e-07, "leakage": 3.1354817352e-10, "switching": 4.6296590103999994e-07, "total": 9.901009043e-07}, "power": {"dynamic": 0.0001576374, "internal": 8.39038e-05, "leakage": 4.99368e-08, "switching": 7.37336e-05, "total": 0.000157687}}, "/panic_top/VCU": {"energy": {"dynamic": 1.1607808708899998e-06, "internal": 7.642111978999999e-07, "leakage": 2.1378524298e-08, "switching": 3.9656967298999997e-07, "total": 1.1821598975e-06}, "power": {"dynamic": 0.0001848701, "internal": 0.000121711, "leakage": 3.40482e-06, "switching": 6.31591e-05, "total": 0.000188275}}}, "perf": 313945}