{"physical": {"/panic_top": {"energy": {"dynamic": 4.738551999999999e-09, "internal": 3.6029062999999996e-09, "leakage": 2.3959537e-10, "switching": 1.1356457e-09, "total": 4.9781522e-09}, "power": {"dynamic": 0.00029432, "internal": 0.000223783, "leakage": 1.48817e-05, "switching": 7.0537e-05, "total": 0.000309202}}, "/panic_top/I2C_DEVICE": {"energy": {"dynamic": 1.45509385e-10, "internal": 1.1157654199999999e-10, "leakage": 1.1149716899999999e-13, "switching": 3.393284299999999e-11, "total": 1.4562095799999998e-10}, "power": {"dynamic": 9.03785e-06, "internal": 6.93022e-06, "leakage": 6.92529e-09, "switching": 2.10763e-06, "total": 9.04478e-06}}, "/panic_top/MEM": {"energy": {"dynamic": 2.07486174e-09, "internal": 1.7935882999999999e-09, "leakage": 1.8372192999999998e-10, "switching": 2.8127343999999997e-10, "total": 2.2585884999999997e-09}, "power": {"dynamic": 0.0001288734, "internal": 0.000111403, "leakage": 1.14113e-05, "switching": 1.74704e-05, "total": 0.000140285}}, "/panic_top/MMIO": {"energy": {"dynamic": 7.911459499999999e-13, "internal": 3.8230737999999996e-13, "leakage": 1.3325808999999997e-15, "switching": 4.0883856999999994e-13, "total": 7.9247742e-13}, "power": {"dynamic": 4.91395e-08, "internal": 2.37458e-08, "leakage": 8.2769e-11, "switching": 2.53937e-08, "total": 4.92222e-08}}, "/panic_top/SCALAR": {"energy": {"dynamic": 1.11091449e-09, "internal": 6.042056299999999e-10, "leakage": 7.793688e-13, "switching": 5.0670886e-10, "total": 1.11169373e-09}, "power": {"dynamic": 6.90009e-05, "internal": 3.75283e-05, "leakage": 4.8408e-08, "switching": 3.14726e-05, "total": 6.90493e-05}}, "/panic_top/VCU": {"energy": {"dynamic": 1.40460747e-09, "internal": 1.09229967e-09, "leakage": 5.497763599999999e-11, "switching": 3.1230779999999995e-10, "total": 1.45958575e-09}, "power": {"dynamic": 8.724270000000001e-05, "internal": 6.78447e-05, "leakage": 3.41476e-06, "switching": 1.9398e-05, "total": 9.06575e-05}}}, "perf": 805}