{"physical": {"/panic_top": {"energy": {"dynamic": 1.3171523568e-08, "internal": 1.037819616e-08, "leakage": 9.016593599999999e-10, "switching": 2.793327408e-09, "total": 1.4073225599999999e-08}, "power": {"dynamic": 0.0002160683, "internal": 0.000170246, "leakage": 1.4791e-05, "switching": 4.58223e-05, "total": 0.00023086}}, "/panic_top/I2C_DEVICE": {"energy": {"dynamic": 3.302312928e-10, "internal": 2.593689504e-10, "leakage": 4.179381024e-13, "switching": 7.08623424e-11, "total": 3.306494784e-10}, "power": {"dynamic": 5.41718e-06, "internal": 4.25474e-06, "leakage": 6.85594e-09, "switching": 1.16244e-06, "total": 5.42404e-06}}, "/panic_top/MEM": {"energy": {"dynamic": 5.364857952e-09, "internal": 4.7037711360000005e-09, "leakage": 6.9549264e-10, "switching": 6.61086816e-10, "total": 6.060350592e-09}, "power": {"dynamic": 8.80062e-05, "internal": 7.71616e-05, "leakage": 1.1409e-05, "switching": 1.08446e-05, "total": 9.94152e-05}}, "/panic_top/MMIO": {"energy": {"dynamic": 1.5678424319999999e-12, "internal": 7.79818608e-13, "leakage": 5.24822928e-15, "switching": 7.88023824e-13, "total": 1.5730910880000001e-12}, "power": {"dynamic": 2.5719199999999998e-08, "internal": 1.27923e-08, "leakage": 8.6093e-11, "switching": 1.29269e-08, "total": 2.58053e-08}}, "/panic_top/SCALAR": {"energy": {"dynamic": 2.3029773599999997e-09, "internal": 1.25650752e-09, "leakage": 2.9444777279999998e-12, "switching": 1.04646984e-09, "total": 2.305921728e-09}, "power": {"dynamic": 3.77785e-05, "internal": 2.0612e-05, "leakage": 4.83018e-08, "switching": 1.71665e-05, "total": 3.78268e-05}}, "/panic_top/VCU": {"energy": {"dynamic": 5.1694019039999995e-09, "internal": 4.1566490399999996e-09, "leakage": 2.027828304e-10, "switching": 1.012752864e-09, "total": 5.372185344e-09}, "power": {"dynamic": 8.47999e-05, "internal": 6.81865e-05, "leakage": 3.32649e-06, "switching": 1.66134e-05, "total": 8.81264e-05}}}, "perf": 3048}