{"physical": {"/scalar_top": {"energy": {"dynamic": 8.806822704000001e-07, "internal": 6.557665294800001e-07, "leakage": 2.2319324496e-08, "switching": 2.2491574092e-07, "total": 9.030023769600001e-07}, "power": {"dynamic": 0.00045044000000000003, "internal": 0.000335403, "leakage": 1.14156e-05, "switching": 0.000115037, "total": 0.000461856}}, "/scalar_top/I2C_DEVICE": {"energy": {"dynamic": 2.9512162620000003e-09, "internal": 2.5843695912e-09, "leakage": 1.1812783446e-11, "switching": 3.668466708e-10, "total": 2.96304498e-09}, "power": {"dynamic": 1.50945e-06, "internal": 1.32182e-06, "leakage": 6.04185e-09, "switching": 1.8763e-07, "total": 1.5155e-06}}, "/scalar_top/MEM": {"energy": {"dynamic": 4.83094814436e-07, "internal": 4.59169326e-07, "leakage": 2.2217265144e-08, "switching": 2.3925488436e-08, "total": 5.0531305716e-07}, "power": {"dynamic": 0.0002470871, "internal": 0.00023485, "leakage": 1.13634e-05, "switching": 1.22371e-05, "total": 0.000258451}}, "/scalar_top/MMIO": {"energy": {"dynamic": 3.7329635260800004e-10, "internal": 1.8613827057600002e-10, "leakage": 1.3321287144e-13, "switching": 1.8715808203200002e-10, "total": 3.7342969452e-10}, "power": {"dynamic": 1.9092880000000002e-07, "internal": 9.52036e-08, "leakage": 6.8134e-11, "switching": 9.57252e-08, "total": 1.90997e-07}}, "/scalar_top/SCALAR": {"energy": {"dynamic": 3.86773466004e-07, "internal": 1.9299443014800001e-07, "leakage": 8.8432473348e-11, "switching": 1.93779035856e-07, "total": 3.8686164372e-07}, "power": {"dynamic": 0.0001978219, "internal": 9.87103e-05, "leakage": 4.52303e-08, "switching": 9.91116e-05, "total": 0.000197867}}}, "perf": 97758}