{"main": {"read_latency": 0, "destiny": {"leakage_power": 0.0377025, "read_dynamic_energy": 0.040280500000000004, "read_latency": 1.29522, "write_latency": 10.3834, "write_dynamic_energy": 0.0667687}, "write_latency": 0, "line_size": 4, "type": "main_mem", "size": 64}, "icache": {"line_size": 4, "destiny": {"leakage_power": 0.000295922, "hit_dynamic_energy": 0.00356465, "read_latency": 0.243833, "write_dynamic_energy": 0.00285388, "miss_dynamic_energy": 0.00356465}, "write_latency": 0, "invalid_latency": 1, "read_latency": 0, "sets": 2, "type": "cache", "children": ["main"], "size": 128}, "power": {"avg": {"total": 814683.5724168107, "compute": 223464.051, "vrf": 4070.743495914025, "memory": {"total": 587148.7779208968, "parts": {"main": {"read": 36351.305152488836, "write": 1420.2839815461516, "leakage": 37702.5}, "icache": {"read": 63176.71331944501, "write": 0.0, "leakage": 295.9220000000001}, "dcache": {"read": 306423.81065858743, "write": 141404.4428088294, "leakage": 373.79999999999995}}}}, "dynamic": 222572.449, "leakage": 891.602}, "energy": {"total": 9459.836797325108, "compute": 2594.79081707517, "vrf": 47.2681301292, "memory": {"total": 6817.7778501207395, "parts": {"icache": {"read": 733.58714675, "write": 0.0, "leakage": 3.4361486097400005}, "main": {"read": 422.09935950000005, "write": 16.4918689, "leakage": 437.788988175}, "dcache": {"read": 3558.0921695099996, "write": 1641.9417264299998, "leakage": 4.340442245999999}}}}, "frequency": 100000000.0, "dcache": {"line_size": 4, "destiny": {"leakage_power": 0.0003738, "hit_dynamic_energy": 0.00790113, "read_latency": 0.304819, "write_dynamic_energy": 0.00609866, "miss_dynamic_energy": 0.00790113}, "write_latency": 0, "invalid_latency": 1, "read_latency": 0, "sets": 8, "type": "cache", "children": ["main"], "size": 256}, "vrf": {"destiny": {"leakage_power": 0.00233276, "read_dynamic_energy": 0.00473775, "read_latency": 0.0549339, "write_dynamic_energy": 0.00455963}}, "cycles": 1161167}