{"physical": {"/scalar_top": {"energy": {"dynamic": 1.60999644454e-06, "internal": 1.2489151125000002e-06, "leakage": 4.395218641e-08, "switching": 3.6108133204000003e-07, "total": 1.65395055606e-06}, "power": {"dynamic": 0.000418157, "internal": 0.000324375, "leakage": 1.14155e-05, "switching": 9.3782e-05, "total": 0.000429573}}, "/scalar_top/I2C_DEVICE": {"energy": {"dynamic": 4.96190172104e-09, "internal": 4.4053832218e-09, "leakage": 2.3306998752400002e-11, "switching": 5.5651849924e-10, "total": 4.9851878516e-09}, "power": {"dynamic": 1.2887319999999999e-06, "internal": 1.14419e-06, "leakage": 6.05342e-09, "switching": 1.44542e-07, "total": 1.29478e-06}}, "/scalar_top/MEM": {"energy": {"dynamic": 9.66943480756e-07, "internal": 9.205067473800001e-07, "leakage": 4.3751589948e-08, "switching": 4.6436733376e-08, "total": 1.01069815088e-06}, "power": {"dynamic": 0.0002511398, "internal": 0.000239079, "leakage": 1.13634e-05, "switching": 1.20608e-05, "total": 0.000262504}}, "/scalar_top/MMIO": {"energy": {"dynamic": 6.965814173780001e-10, "internal": 3.41162988914e-10, "leakage": 3.0545335347999997e-13, "switching": 3.55418428464e-10, "total": 6.968859697799999e-10}, "power": {"dynamic": 1.8091990000000002e-07, "internal": 8.86087e-08, "leakage": 7.9334e-11, "switching": 9.23112e-08, "total": 1.80999e-07}}, "/scalar_top/SCALAR": {"energy": {"dynamic": 6.23049145774e-07, "internal": 3.2212288097e-07, "leakage": 1.7355598191800002e-10, "switching": 3.0092626480400006e-07, "total": 6.2322356074e-07}, "power": {"dynamic": 0.0001618217, "internal": 8.36635e-05, "leakage": 4.50769e-08, "switching": 7.81582e-05, "total": 0.000161867}}}, "perf": 192511}