{"physical": {"/panic_top": {"energy": {"dynamic": 5.0809167999999996e-08, "internal": 3.8204926679999995e-08, "leakage": 1.778368768e-09, "switching": 1.2604241319999999e-08, "total": 5.25876086e-08}, "power": {"dynamic": 0.00042439999999999996, "internal": 0.000319119, "leakage": 1.48544e-05, "switching": 0.000105281, "total": 0.000439255}}, "/panic_top/I2C_DEVICE": {"energy": {"dynamic": 4.5858123455999994e-10, "internal": 3.671345492e-10, "leakage": 8.170662531999999e-13, "switching": 9.144668536e-11, "total": 4.593979644e-10}, "power": {"dynamic": 3.830447999999999e-06, "internal": 3.06661e-06, "leakage": 6.82481e-09, "switching": 7.63838e-07, "total": 3.83727e-06}}, "/panic_top/MEM": {"energy": {"dynamic": 2.4178423732e-08, "internal": 2.0943337919999998e-08, "leakage": 1.365681956e-09, "switching": 3.235085812e-09, "total": 2.554417752e-08}, "power": {"dynamic": 0.0002019581, "internal": 0.000174936, "leakage": 1.14073e-05, "switching": 2.70221e-05, "total": 0.000213366}}, "/panic_top/MMIO": {"energy": {"dynamic": 5.934065464e-12, "internal": 2.853777612e-12, "leakage": 1.00409164e-14, "switching": 3.080287852e-12, "total": 5.9441099719999995e-12}, "power": {"dynamic": 4.95662e-08, "internal": 2.38371e-08, "leakage": 8.387e-11, "switching": 2.57291e-08, "total": 4.96501e-08}}, "/panic_top/SCALAR": {"energy": {"dynamic": 9.804002492e-09, "internal": 5.227501968e-09, "leakage": 5.872768824e-12, "switching": 4.576500524e-09, "total": 9.809880744e-09}, "power": {"dynamic": 8.18911e-05, "internal": 4.36644e-05, "leakage": 4.90542e-08, "switching": 3.82267e-05, "total": 8.19402e-05}}, "/panic_top/VCU": {"energy": {"dynamic": 1.6349382220000002e-08, "internal": 1.165809416e-08, "leakage": 4.05952562e-10, "switching": 4.69128806e-09, "total": 1.675529288e-08}, "power": {"dynamic": 0.0001365635, "internal": 9.7378e-05, "leakage": 3.39085e-06, "switching": 3.91855e-05, "total": 0.000139954}}}, "perf": 5986}