{"physical": {"/panic_design_top": {"energy": {"dynamic": 4.39133156114e-07, "internal": 3.1133196532e-07, "leakage": 2.3539461276e-08, "switching": 1.2780119079399997e-07, "total": 4.626716191599999e-07}, "power": {"dynamic": 0.0002199559, "internal": 0.000155942, "leakage": 1.17906e-05, "switching": 6.40139e-05, "total": 0.000231746}}, "/panic_design_top/CGRA": {"energy": {"dynamic": 2.47928787932e-07, "internal": 1.5919073279e-07, "leakage": 7.131115544799999e-10, "switching": 8.873805514199999e-08, "total": 2.4864112486e-07}, "power": {"dynamic": 0.00012418420000000002, "internal": 7.97365e-05, "leakage": 3.57188e-07, "switching": 4.44477e-05, "total": 0.000124541}}, "/panic_design_top/I2C_DEVICE": {"energy": {"dynamic": 2.077552811218e-09, "internal": 1.9684077405399997e-09, "leakage": 1.2290487264399998e-11, "switching": 1.0914507067799999e-10, "total": 2.0898344342e-09}, "power": {"dynamic": 1.0406183000000001e-06, "internal": 9.85949e-07, "leakage": 6.15614e-09, "switching": 5.46693e-08, "total": 1.04677e-06}}, "/panic_design_top/MEM": {"energy": {"dynamic": 1.5547923379159997e-07, "internal": 1.4601070280799998e-07, "leakage": 2.2718716569999998e-08, "switching": 9.4685309836e-09, "total": 1.78197830574e-07}, "power": {"dynamic": 7.787745999999999e-05, "internal": 7.31348e-05, "leakage": 1.13795e-05, "switching": 4.74266e-06, "total": 8.92569e-05}}, "/panic_design_top/MMIO": {"energy": {"dynamic": 2.4978230139599997e-12, "internal": 1.15818238228e-12, "leakage": 1.8678280822e-13, "switching": 1.33964063168e-12, "total": 2.6845998327999997e-12}, "power": {"dynamic": 1.251126e-09, "internal": 5.80118e-10, "leakage": 9.3557e-11, "switching": 6.71008e-10, "total": 1.34468e-09}}, "/panic_design_top/SCALAR": {"energy": {"dynamic": 5.8602329955199996e-09, "internal": 4.1567095783999994e-09, "leakage": 9.479531478199999e-11, "switching": 1.70352341712e-09, "total": 5.955040888e-09}, "power": {"dynamic": 2.935312e-06, "internal": 2.08204e-06, "leakage": 4.74817e-08, "switching": 8.53272e-07, "total": 2.9828e-06}}}, "perf": 99823}