{"physical": {"/panic_top": {"energy": {"dynamic": 2.1239071872000002e-07, "internal": 1.5654713472e-07, "leakage": 5.829223104e-09, "switching": 5.5843584e-08, "total": 2.1821978496e-07}, "power": {"dynamic": 0.000541592, "internal": 0.000399192, "leakage": 1.48644e-05, "switching": 0.0001424, "total": 0.000556456}}, "/panic_top/I2C_DEVICE": {"energy": {"dynamic": 7.864808016000001e-10, "internal": 6.753073631999999e-10, "leakage": 2.6717037264e-12, "switching": 1.1117343840000001e-10, "total": 7.891514112e-10}, "power": {"dynamic": 2.00551e-06, "internal": 1.72202e-06, "leakage": 6.81279e-09, "switching": 2.8349e-07, "total": 2.01232e-06}}, "/panic_top/MEM": {"energy": {"dynamic": 8.8098312624e-08, "internal": 7.771081776e-08, "leakage": 4.4736044160000004e-09, "switching": 1.0387494864e-08, "total": 9.257211312e-08}, "power": {"dynamic": 0.00022464890000000002, "internal": 0.000198161, "leakage": 1.14076e-05, "switching": 2.64879e-05, "total": 0.000236057}}, "/panic_top/MMIO": {"energy": {"dynamic": 7.105774492799999e-12, "internal": 3.5666246112000003e-12, "leakage": 3.45512568e-14, "switching": 3.5391498816e-12, "total": 7.1403316320000004e-12}, "power": {"dynamic": 1.8119579999999998e-08, "internal": 9.09482e-09, "leakage": 8.8105e-11, "switching": 9.02476e-09, "total": 1.82077e-08}}, "/panic_top/SCALAR": {"energy": {"dynamic": 1.1927193455999999e-08, "internal": 6.565268207999999e-09, "leakage": 1.9182427968000002e-11, "switching": 5.361925248e-09, "total": 1.1946409296e-08}, "power": {"dynamic": 3.0414099999999997e-05, "internal": 1.67413e-05, "leakage": 4.89148e-08, "switching": 1.36728e-05, "total": 3.04631e-05}}, "/panic_top/VCU": {"energy": {"dynamic": 1.1155814736e-07, "internal": 7.158606288e-08, "leakage": 1.3336538064e-09, "switching": 3.997208448e-08, "total": 1.1289149136e-07}, "power": {"dynamic": 0.000284471, "internal": 0.000182543, "leakage": 3.40079e-06, "switching": 0.000101928, "total": 0.000287871}}}, "perf": 19608}