{"physical": {"/base_top": {"energy": {"dynamic": 1.2201303211999999e-08, "internal": 9.7488904e-09, "leakage": 7.069350839999999e-10, "switching": 2.452412812e-09, "total": 1.2908221e-08}, "power": {"dynamic": 0.00028217629999999997, "internal": 0.00022546, "leakage": 1.63491e-05, "switching": 5.67163e-05, "total": 0.000298525}}, "/base_top/ARBITER": {"energy": {"dynamic": 9.265925544e-11, "internal": 3.2386587040000003e-11, "leakage": 3.791992336e-14, "switching": 6.027266839999999e-11, "total": 9.26970472e-11}, "power": {"dynamic": 2.142906e-06, "internal": 7.48996e-07, "leakage": 8.76964e-10, "switching": 1.39391e-06, "total": 2.14378e-06}}, "/base_top/I2C_DEVICE": {"energy": {"dynamic": 2.6142860760000003e-10, "internal": 2.027013368e-10, "leakage": 2.614986564e-13, "switching": 5.87272708e-11, "total": 2.616902096e-10}, "power": {"dynamic": 6.04599e-06, "internal": 4.68782e-06, "leakage": 6.04761e-09, "switching": 1.35817e-06, "total": 6.05204e-06}}, "/base_top/MEM": {"energy": {"dynamic": 6.4838981036e-09, "internal": 6.1892006400000005e-09, "leakage": 4.91522052e-10, "switching": 2.946974636e-10, "total": 6.9754335599999995e-09}, "power": {"dynamic": 0.00014995139000000002, "internal": 0.000143136, "leakage": 1.13673e-05, "switching": 6.81539e-06, "total": 0.000161319}}, "/base_top/MMIO": {"energy": {"dynamic": 2.273312732e-12, "internal": 1.103195092e-12, "leakage": 3.64392128e-15, "switching": 1.17011764e-12, "total": 2.27695354e-12}, "power": {"dynamic": 5.25743e-08, "internal": 2.55133e-08, "leakage": 8.4272e-11, "switching": 2.7061e-08, "total": 5.26585e-08}}, "/base_top/SCALAR": {"energy": {"dynamic": 3.2116077599999998e-09, "internal": 1.7047802399999998e-09, "leakage": 1.944498476e-12, "switching": 1.5068275200000002e-09, "total": 3.21355356e-09}, "power": {"dynamic": 7.4274e-05, "internal": 3.9426e-05, "leakage": 4.49699e-08, "switching": 3.4848e-05, "total": 7.4319e-05}}, "/base_top/VCU": {"energy": {"dynamic": 1.9935754436e-09, "internal": 1.6099203279999999e-09, "leakage": 2.1315244479999997e-10, "switching": 3.836551156e-10, "total": 2.206727456e-09}, "power": {"dynamic": 4.610489e-05, "internal": 3.72322e-05, "leakage": 4.92952e-06, "switching": 8.87269e-06, "total": 5.10344e-05}}}, "perf": 2162}