{"physical": {"/panic_top": {"energy": {"dynamic": 1.63881110862e-07, "internal": 1.2616727970000002e-07, "leakage": 6.733521326e-09, "switching": 3.7713831162e-08, "total": 1.7061445002e-07}, "power": {"dynamic": 0.0003598461, "internal": 0.000277035, "leakage": 1.47853e-05, "switching": 8.28111e-05, "total": 0.000374631}}, "/panic_top/I2C_DEVICE": {"energy": {"dynamic": 8.955151170000001e-10, "internal": 7.636528102e-10, "leakage": 3.0979626706e-12, "switching": 1.318623068e-10, "total": 8.98611973e-10}, "power": {"dynamic": 1.9663500000000002e-06, "internal": 1.67681e-06, "leakage": 6.80243e-09, "switching": 2.8954e-07, "total": 1.97315e-06}}, "/panic_top/MEM": {"energy": {"dynamic": 8.3448473822e-08, "internal": 7.264905382000001e-08, "leakage": 5.196023406e-09, "switching": 1.0799420002e-08, "total": 8.864431506e-08}, "power": {"dynamic": 0.0001832341, "internal": 0.000159521, "leakage": 1.14093e-05, "switching": 2.37131e-05, "total": 0.000194643}}, "/panic_top/MMIO": {"energy": {"dynamic": 3.1487647716e-11, "internal": 1.5150821476e-11, "leakage": 3.83873518e-14, "switching": 1.633682624e-11, "total": 3.1526039622e-11}, "power": {"dynamic": 6.91398e-08, "internal": 3.32678e-08, "leakage": 8.429e-11, "switching": 3.5872e-08, "total": 6.92241e-08}}, "/panic_top/SCALAR": {"energy": {"dynamic": 4.0582430658e-08, "internal": 2.2050616643999997e-08, "leakage": 2.2108637152000002e-11, "switching": 1.8531814014000002e-08, "total": 4.060456407e-08}, "power": {"dynamic": 8.91099e-05, "internal": 4.84182e-05, "leakage": 4.85456e-08, "switching": 4.06917e-05, "total": 8.91585e-05}}, "/panic_top/VCU": {"energy": {"dynamic": 3.8820410677999996e-08, "internal": 3.0641386272e-08, "leakage": 1.512131026e-09, "switching": 8.179024406e-09, "total": 4.0332587246e-08}, "power": {"dynamic": 8.52409e-05, "internal": 6.72816e-05, "leakage": 3.3203e-06, "switching": 1.79593e-05, "total": 8.85613e-05}}}, "perf": 22771}