{"physical": {"/dmm_design_top": {"energy": {"dynamic": 2.8075132993280002e-06, "internal": 2.43559227392e-06, "leakage": 6.807706521600001e-08, "switching": 3.7192102540800007e-07, "total": 2.87559214592e-06}, "power": {"dynamic": 0.00047281090000000003, "internal": 0.000410176, "leakage": 1.14648e-05, "switching": 6.26349e-05, "total": 0.000484276}}, "/dmm_design_top/DMM": {"energy": {"dynamic": 6.46736869888e-07, "internal": 4.2134767769599997e-07, "leakage": 2.16947251328e-10, "switching": 2.25389192192e-07, "total": 6.4695419776e-07}, "power": {"dynamic": 0.0001089164, "internal": 7.09588e-05, "leakage": 3.65359e-08, "switching": 3.79576e-05, "total": 0.000108953}}, "/dmm_design_top/I2C_DEVICE": {"energy": {"dynamic": 5.6503869122559995e-09, "internal": 5.54039406976e-09, "leakage": 3.50914445824e-11, "switching": 1.0999284249600001e-10, "total": 5.68548120704e-09}, "power": {"dynamic": 9.515767999999999e-07, "internal": 9.33053e-07, "leakage": 5.90972e-09, "switching": 1.85238e-08, "total": 9.57487e-07}}, "/dmm_design_top/MEM": {"energy": {"dynamic": 2.1168595731200002e-06, "internal": 2.0022072448000003e-06, "leakage": 6.754443379200001e-08, "switching": 1.1465232832e-07, "total": 2.18440044416e-06}, "power": {"dynamic": 0.0003564985, "internal": 0.00033719, "leakage": 1.13751e-05, "switching": 1.93085e-05, "total": 0.000367873}}, "/dmm_design_top/MMIO": {"energy": {"dynamic": 1.5777231577600001e-12, "internal": 6.610864473600001e-13, "leakage": 3.7888086144e-13, "switching": 9.166367104e-13, "total": 1.9566040192e-12}, "power": {"dynamic": 2.65703e-10, "internal": 1.11333e-10, "leakage": 6.3807e-11, "switching": 1.5437e-10, "total": 3.2951e-10}}, "/dmm_design_top/SCALAR": {"energy": {"dynamic": 7.328194899200001e-09, "internal": 6.471442112e-09, "leakage": 2.7919506048e-10, "switching": 8.567527872e-10, "total": 7.607366208e-09}, "power": {"dynamic": 1.234135e-06, "internal": 1.08985e-06, "leakage": 4.7019e-08, "switching": 1.44285e-07, "total": 1.28115e-06}}}, "perf": 296896}