{"main": {"read_latency": 1, "destiny": {"leakage_power": 0.0377025, "read_dynamic_energy": 0.040280500000000004, "read_latency": 1.29522, "write_latency": 10.3834, "write_dynamic_energy": 0.0667687}, "write_latency": 1, "line_size": 4, "type": "main_mem", "size": 64}, "icache": {"line_size": 4, "destiny": {"leakage_power": 0.000295922, "hit_dynamic_energy": 0.00356465, "read_latency": 0.243833, "write_dynamic_energy": 0.00285388, "miss_dynamic_energy": 0.00356465}, "write_latency": 0, "invalid_latency": 0, "read_latency": 0, "sets": 2, "type": "cache", "children": ["main"], "size": 128}, "power": {"avg": {"total": 784167.1030189616, "compute": 187884.813, "vrf": 72915.18796229517, "memory": {"total": 523367.1020566665, "parts": {"main": {"read": 106031.62042853177, "write": 20787.793144003357, "leakage": 37702.5}, "icache": {"read": 71419.72407327134, "write": 0.0, "leakage": 295.922}, "dcache": {"read": 269541.6654892135, "write": 17214.07692164658, "leakage": 373.79999999999995}}}}, "dynamic": 186990.123, "leakage": 894.69}, "energy": {"total": 13495.092392720699, "compute": 3233.39617393098, "vrf": 1254.8310106296, "memory": {"total": 9006.86520816012, "parts": {"icache": {"read": 1229.09488465, "write": 0.0, "leakage": 5.0926578221200005}, "main": {"read": 1824.7469305000002, "write": 357.7466946, "leakage": 648.83966565}, "dcache": {"read": 4638.666510569999, "write": 296.24496822, "leakage": 6.432896147999999}}}}, "frequency": 100000000.0, "dcache": {"line_size": 4, "destiny": {"leakage_power": 0.0003738, "hit_dynamic_energy": 0.00790113, "read_latency": 0.304819, "write_dynamic_energy": 0.00609866, "miss_dynamic_energy": 0.00790113}, "write_latency": 0, "invalid_latency": 0, "read_latency": 0, "sets": 8, "type": "cache", "children": ["main"], "size": 256}, "vrf": {"destiny": {"leakage_power": 0.00233276, "read_dynamic_energy": 0.00473775, "read_latency": 0.0549339, "write_dynamic_energy": 0.00455963}}, "cycles": 1720946}