{"physical": {"/panic_top": {"energy": {"dynamic": 1.1360991760000001e-08, "internal": 8.7094612e-09, "leakage": 6.51191912e-10, "switching": 2.6515305600000003e-09, "total": 1.2012201159999999e-08}, "power": {"dynamic": 0.000259858, "internal": 0.00019921, "leakage": 1.48946e-05, "switching": 6.0648e-05, "total": 0.000274753}}, "/panic_top/I2C_DEVICE": {"energy": {"dynamic": 2.772801096e-10, "internal": 2.1594575879999998e-10, "leakage": 3.0168986e-13, "switching": 6.13343508e-11, "total": 2.775822148e-10}, "power": {"dynamic": 6.3421799999999995e-06, "internal": 4.93929e-06, "leakage": 6.9005e-09, "switching": 1.40289e-06, "total": 6.34909e-06}}, "/panic_top/MEM": {"energy": {"dynamic": 4.536894352e-09, "internal": 3.957495052e-09, "leakage": 4.9888892e-10, "switching": 5.793993000000001e-10, "total": 5.03580076e-09}, "power": {"dynamic": 0.0001037716, "internal": 9.05191e-05, "leakage": 1.1411e-05, "switching": 1.32525e-05, "total": 0.000115183}}, "/panic_top/MMIO": {"energy": {"dynamic": 1.35604138e-12, "internal": 6.74673924e-13, "leakage": 3.71418888e-15, "switching": 6.81367456e-13, "total": 1.3597575800000001e-12}, "power": {"dynamic": 3.10165e-08, "internal": 1.54317e-08, "leakage": 8.4954e-11, "switching": 1.55848e-08, "total": 3.11015e-08}}, "/panic_top/SCALAR": {"energy": {"dynamic": 1.981976248e-09, "internal": 1.081405456e-09, "leakage": 2.1224398640000003e-12, "switching": 9.00570792e-10, "total": 1.98410104e-09}, "power": {"dynamic": 4.5333399999999995e-05, "internal": 2.47348e-05, "leakage": 4.85462e-08, "switching": 2.05986e-05, "total": 4.5382e-05}}, "/panic_top/VCU": {"energy": {"dynamic": 4.561355692e-09, "internal": 3.452992484e-09, "leakage": 1.498638532e-10, "switching": 1.108363208e-09, "total": 4.71122348e-09}, "power": {"dynamic": 0.0001043311, "internal": 7.89797e-05, "leakage": 3.42781e-06, "switching": 2.53514e-05, "total": 0.000107759}}}, "perf": 2186}