{"physical": {"/panic_design_top": {"energy": {"dynamic": 3.735953990172e-06, "internal": 2.92297667256e-06, "leakage": 9.4532571576e-08, "switching": 8.129773176120001e-07, "total": 3.8304890305200005e-06}, "power": {"dynamic": 0.00045398529999999995, "internal": 0.000355194, "leakage": 1.14874e-05, "switching": 9.87913e-05, "total": 0.000465473}}, "/panic_design_top/CGRA": {"energy": {"dynamic": 1.2524615256600002e-06, "internal": 7.928362527120001e-07, "leakage": 4.6370779891200005e-10, "switching": 4.5962527294800006e-07, "total": 1.2529264777200001e-06}, "power": {"dynamic": 0.0001521965, "internal": 9.63438e-05, "leakage": 5.63488e-08, "switching": 5.58527e-05, "total": 0.000152253}}, "/panic_design_top/I2C_DEVICE": {"energy": {"dynamic": 7.649874347508e-09, "internal": 7.3541261599200004e-09, "leakage": 5.0382616683600007e-11, "switching": 2.95748187588e-10, "total": 7.70025622356e-09}, "power": {"dynamic": 9.295967000000001e-07, "internal": 8.93658e-07, "leakage": 6.12239e-09, "switching": 3.59387e-08, "total": 9.35719e-07}}, "/panic_design_top/MEM": {"energy": {"dynamic": 2.0995605640080005e-06, "internal": 1.9476224600400002e-06, "leakage": 9.362735517600001e-08, "switching": 1.51938103968e-07, "total": 2.19319121088e-06}, "power": {"dynamic": 0.00025513420000000003, "internal": 0.000236671, "leakage": 1.13774e-05, "switching": 1.84632e-05, "total": 0.000266512}}, "/panic_design_top/MMIO": {"energy": {"dynamic": 2.24685408492e-10, "internal": 1.05393522528e-10, "leakage": 7.603570882800001e-13, "switching": 1.1929188596400001e-10, "total": 2.25445790268e-10}, "power": {"dynamic": 2.73033e-08, "internal": 1.28072e-08, "leakage": 9.2397e-11, "switching": 1.44961e-08, "total": 2.73957e-08}}, "/panic_design_top/SCALAR": {"energy": {"dynamic": 3.2630500155600004e-07, "internal": 1.7490426696e-07, "leakage": 3.8824237641600006e-10, "switching": 1.51400734596e-07, "total": 3.26693421684e-07}, "power": {"dynamic": 3.96519e-05, "internal": 2.1254e-05, "leakage": 4.71784e-08, "switching": 1.83979e-05, "total": 3.96991e-05}}}, "perf": 411462}