{"physical": {"/manic_top": {"energy": {"dynamic": 3.229020638592e-06, "internal": 2.6019565152e-06, "leakage": 2.64243012992e-07, "switching": 6.270641233919999e-07, "total": 3.4932674448000003e-06}, "power": {"dynamic": 0.0001702524, "internal": 0.00013719, "leakage": 1.39324e-05, "switching": 3.30624e-05, "total": 0.000184185}}, "/manic_top/ARBITER": {"energy": {"dynamic": 3.3467734428799994e-08, "internal": 1.27535508352e-08, "leakage": 1.479746837856e-11, "switching": 2.07141835936e-08, "total": 3.34825279712e-08}, "power": {"dynamic": 1.7646099999999999e-06, "internal": 6.7244e-07, "leakage": 7.80207e-10, "switching": 1.09217e-06, "total": 1.76539e-06}}, "/manic_top/I2C_DEVICE": {"energy": {"dynamic": 1.59934644521792e-08, "internal": 1.5839957931839998e-08, "leakage": 1.167415329024e-10, "switching": 1.535065203392e-10, "total": 1.6110205605760002e-08}, "power": {"dynamic": 8.4326674e-07, "internal": 8.35173e-07, "leakage": 6.15528e-09, "switching": 8.09374e-09, "total": 8.49422e-07}}, "/manic_top/MEM": {"energy": {"dynamic": 1.3374282184480001e-06, "internal": 1.3066927375040002e-06, "leakage": 2.15591224576e-07, "switching": 3.0735480944e-08, "total": 1.55301849472e-06}, "power": {"dynamic": 7.051685e-05, "internal": 6.88963e-05, "leakage": 1.13672e-05, "switching": 1.62055e-06, "total": 8.1884e-05}}, "/manic_top/MMIO": {"energy": {"dynamic": 6.0744561024e-11, "internal": 2.94327009088e-11, "leakage": 1.73300659392e-12, "switching": 3.1311860115200003e-11, "total": 6.24774917536e-11}, "power": {"dynamic": 3.2028e-09, "internal": 1.55186e-09, "leakage": 9.1374e-11, "switching": 1.65094e-09, "total": 3.29417e-09}}, "/manic_top/SCALAR": {"energy": {"dynamic": 1.28732268e-07, "internal": 7.95164283648e-08, "leakage": 8.683923185280001e-10, "switching": 4.92158396352e-08, "total": 1.296007248032e-07}, "power": {"dynamic": 6.787500000000001e-06, "internal": 4.19256e-06, "leakage": 4.57866e-08, "switching": 2.59494e-06, "total": 6.83329e-06}}, "/manic_top/VCU": {"energy": {"dynamic": 1.591733953824e-06, "internal": 1.1855108659519999e-06, "leakage": 4.76467758368e-08, "switching": 4.06223087872e-07, "total": 1.639378643392e-06}, "power": {"dynamic": 8.39253e-05, "internal": 6.25069e-05, "leakage": 2.51221e-06, "switching": 2.14184e-05, "total": 8.64374e-05}}}, "perf": 948304}