{
    "cycles": 1439721,
    "dcache": {
        "children": [
            "main"
        ],
        "destiny": {
            "hit_dynamic_energy": 0.00790113,
            "leakage_power": 0.0003738,
            "miss_dynamic_energy": 0.00790113,
            "read_latency": 0.304819,
            "write_dynamic_energy": 0.00609866
        },
        "invalid_latency": 1,
        "line_size": 4,
        "read_latency": 0,
        "sets": 8,
        "size": 256,
        "type": "cache",
        "write_latency": 0
    },
    "energy": {
        "compute": 3540.6670980106805,
        "memory": {
            "parts": {
                "dcache": {
                    "leakage": 5.381677098,
                    "read": 2220.16222209,
                    "write": 469.35872651999995
                },
                "icache": {
                    "leakage": 4.26045117762,
                    "read": 942.48276605,
                    "write": 0.0
                },
                "main": {
                    "leakage": 542.810810025,
                    "read": 1230.6901165000002,
                    "write": 267.6089496
                }
            },
            "total": 5682.75571906062
        },
        "total": 21215.1598689909,
        "vrf": 11991.737051919601
    },
    "frequency": 100000000.0,
    "icache": {
        "children": [
            "main"
        ],
        "destiny": {
            "hit_dynamic_energy": 0.00356465,
            "leakage_power": 0.000295922,
            "miss_dynamic_energy": 0.00356465,
            "read_latency": 0.243833,
            "write_dynamic_energy": 0.00285388
        },
        "invalid_latency": 1,
        "line_size": 4,
        "read_latency": 0,
        "sets": 2,
        "size": 128,
        "type": "cache",
        "write_latency": 0
    },
    "main": {
        "destiny": {
            "leakage_power": 0.0377025,
            "read_dynamic_energy": 0.040280500000000004,
            "read_latency": 1.29522,
            "write_dynamic_energy": 0.0667687,
            "write_latency": 10.3834
        },
        "line_size": 4,
        "read_latency": 0,
        "size": 64,
        "type": "main_mem",
        "write_latency": 0
    },
    "power": {
        "avg": {
            "compute": 245927.30800000002,
            "memory": {
                "parts": {
                    "dcache": {
                        "leakage": 373.79999999999995,
                        "read": 154207.8098527423,
                        "write": 32600.672388608622
                    },
                    "icache": {
                        "leakage": 295.922,
                        "read": 65462.87551893735,
                        "write": 0.0
                    },
                    "main": {
                        "leakage": 37702.5,
                        "read": 85481.1533970818,
                        "write": 18587.556172341727
                    }
                },
                "total": 394712.2893297118
            },
            "total": 1473560.4932477125,
            "vrf": 832920.8959180008
        },
        "dynamic": 245200.078,
        "leakage": 727.23
    },
    "vrf": {
        "destiny": {
            "leakage_power": 0.00233276,
            "read_dynamic_energy": 0.00473775,
            "read_latency": 0.0549339,
            "write_dynamic_energy": 0.00455963
        }
    }
}
