{"physical": {"/panic_top": {"energy": {"dynamic": 2.22015627e-07, "internal": 1.66671556e-07, "leakage": 6.7260803e-09, "switching": 5.5344070999999995e-08, "total": 2.28741753e-07}, "power": {"dynamic": 0.000485811, "internal": 0.000364708, "leakage": 1.47179e-05, "switching": 0.000121103, "total": 0.000500529}}, "/panic_top/I2C_DEVICE": {"energy": {"dynamic": 9.0197633e-10, "internal": 7.6911272e-10, "leakage": 3.1068779399999997e-12, "switching": 1.3286361e-10, "total": 9.050839300000001e-10}, "power": {"dynamic": 1.97369e-06, "internal": 1.68296e-06, "leakage": 6.79842e-09, "switching": 2.9073e-07, "total": 1.98049e-06}}, "/panic_top/MEM": {"energy": {"dynamic": 1.165004508e-07, "internal": 1.00097624e-07, "leakage": 5.2146442e-09, "switching": 1.6402826800000002e-08, "total": 1.2171509499999998e-07}, "power": {"dynamic": 0.0002549244, "internal": 0.000219032, "leakage": 1.14106e-05, "switching": 3.58924e-05, "total": 0.000266335}}, "/panic_top/MMIO": {"energy": {"dynamic": 4.485642370000001e-11, "internal": 2.23369718e-11, "leakage": 3.7002376e-14, "switching": 2.25194519e-11, "total": 4.48934407e-11}, "power": {"dynamic": 9.815410000000001e-08, "internal": 4.88774e-08, "leakage": 8.0968e-11, "switching": 4.92767e-08, "total": 9.82351e-08}}, "/panic_top/SCALAR": {"energy": {"dynamic": 6.860895299999999e-08, "internal": 3.6727079199999994e-08, "leakage": 2.1657092899999998e-11, "switching": 3.1881873800000003e-08, "total": 6.863043199999999e-08}, "power": {"dynamic": 0.00015012899999999999, "internal": 8.03656e-05, "leakage": 4.73897e-08, "switching": 6.97634e-05, "total": 0.000150176}}, "/panic_top/VCU": {"energy": {"dynamic": 3.58670966e-08, "internal": 2.9012462200000004e-08, "leakage": 1.48652503e-09, "switching": 6.8546344e-09, "total": 3.73536262e-08}, "power": {"dynamic": 7.84838e-05, "internal": 6.34846e-05, "leakage": 3.25279e-06, "switching": 1.49992e-05, "total": 8.17366e-05}}}, "perf": 22850}