{"physical": {"/sort_design_top": {"energy": {"dynamic": 5.57731696162e-07, "internal": 4.2100548802e-07, "leakage": 2.1690411248e-08, "switching": 1.36726208142e-07, "total": 5.7942123398e-07}, "power": {"dynamic": 0.0003192767, "internal": 0.000241007, "leakage": 1.24168e-05, "switching": 7.82697e-05, "total": 0.000331693}}, "/sort_design_top/I2C_DEVICE": {"energy": {"dynamic": 2.1631507128799997e-09, "internal": 1.9448840496e-09, "leakage": 1.0779436345e-11, "switching": 2.1826666328e-10, "total": 2.1739323328e-09}, "power": {"dynamic": 1.2383079999999999e-06, "internal": 1.11336e-06, "leakage": 6.17075e-09, "switching": 1.24948e-07, "total": 1.24448e-06}}, "/sort_design_top/MEM": {"energy": {"dynamic": 3.12828736916e-07, "internal": 2.80458373e-07, "leakage": 1.9867213466e-08, "switching": 3.2370363915999996e-08, "total": 3.3269647444000003e-07}, "power": {"dynamic": 0.0001790806, "internal": 0.00016055, "leakage": 1.13731e-05, "switching": 1.85306e-05, "total": 0.000190454}}, "/sort_design_top/MMIO": {"energy": {"dynamic": 1.77271876858e-10, "internal": 8.3832335458e-11, "leakage": 1.4541910756e-13, "switching": 9.34395414e-11, "total": 1.7741808904e-10}, "power": {"dynamic": 1.014803e-07, "internal": 4.79903e-08, "leakage": 8.3246e-11, "switching": 5.349e-08, "total": 1.01564e-07}}, "/sort_design_top/SCALAR": {"energy": {"dynamic": 1.89290448344e-07, "internal": 9.8948439096e-08, "leakage": 7.668156404800001e-11, "switching": 9.0342009248e-08, "total": 1.8936661144e-07}, "power": {"dynamic": 0.0001083604, "internal": 5.66436e-05, "leakage": 4.38968e-08, "switching": 5.17168e-05, "total": 0.000108404}}, "/sort_design_top/SORT": {"energy": {"dynamic": 4.3029773510400004e-08, "internal": 3.9387500536e-08, "leakage": 1.73524512786e-09, "switching": 3.6422729744000006e-09, "total": 4.476503436e-08}, "power": {"dynamic": 2.463264e-05, "internal": 2.25476e-05, "leakage": 9.93351e-07, "switching": 2.08504e-06, "total": 2.5626e-05}}}, "perf": 87343}