{"physical": {"/manic_top": {"energy": {"dynamic": 3.9271876398e-08, "internal": 2.99712257e-08, "leakage": 2.417256014e-09, "switching": 9.300650698e-09, "total": 4.168916712e-08}, "power": {"dynamic": 0.0002262987, "internal": 0.000172705, "leakage": 1.39291e-05, "switching": 5.35937e-05, "total": 0.000240228}}, "/manic_top/ARBITER": {"energy": {"dynamic": 1.9551693205999999e-10, "internal": 8.20983032e-11, "leakage": 1.3606559886e-13, "switching": 1.1341862886e-10, "total": 1.9565246679999998e-10}, "power": {"dynamic": 1.126639e-06, "internal": 4.7308e-07, "leakage": 7.84059e-10, "switching": 6.53559e-07, "total": 1.12742e-06}}, "/manic_top/I2C_DEVICE": {"energy": {"dynamic": 5.0369256132e-10, "internal": 4.080567498e-10, "leakage": 1.0690723452e-12, "switching": 9.563581152e-11, "total": 5.047619148e-10}, "power": {"dynamic": 2.902458e-06, "internal": 2.35137e-06, "leakage": 6.16038e-09, "switching": 5.51088e-07, "total": 2.90862e-06}}, "/manic_top/MEM": {"energy": {"dynamic": 1.81267198226e-08, "internal": 1.7363197619999998e-08, "leakage": 1.972646534e-09, "switching": 7.635222025999999e-10, "total": 2.00994028e-08}, "power": {"dynamic": 0.00010445269, "internal": 0.000100053, "leakage": 1.13671e-05, "switching": 4.39969e-06, "total": 0.00011582}}, "/manic_top/MMIO": {"energy": {"dynamic": 6.424520216000001e-12, "internal": 3.147894122e-12, "leakage": 1.504574446e-14, "switching": 3.276626094e-12, "total": 6.439566134e-12}, "power": {"dynamic": 3.7020400000000005e-08, "internal": 1.81393e-08, "leakage": 8.6699e-11, "switching": 1.88811e-08, "total": 3.71071e-08}}, "/manic_top/SCALAR": {"energy": {"dynamic": 8.918064414e-09, "internal": 4.687298046e-09, "leakage": 7.738339493999999e-12, "switching": 4.230766367999999e-09, "total": 8.925804298e-09}, "power": {"dynamic": 5.13891e-05, "internal": 2.70099e-05, "leakage": 4.45911e-08, "switching": 2.43792e-05, "total": 5.14337e-05}}, "/manic_top/VCU": {"energy": {"dynamic": 1.0386837557999999e-08, "internal": 7.396986313999999e-09, "leakage": 4.356079602e-10, "switching": 2.989851244e-09, "total": 1.0822457666000001e-08}, "power": {"dynamic": 5.98527e-05, "internal": 4.26241e-05, "leakage": 2.51013e-06, "switching": 1.72286e-05, "total": 6.23629e-05}}}, "perf": 8677}