{"physical": {"/panic_top": {"energy": {"dynamic": 1.6943869704e-07, "internal": 1.2927255287999998e-07, "leakage": 5.765598048e-09, "switching": 4.016614416e-08, "total": 1.7520421824000002e-07}, "power": {"dynamic": 0.00044097099999999996, "internal": 0.000336437, "leakage": 1.50052e-05, "switching": 0.000104534, "total": 0.000455976}}, "/panic_top/I2C_DEVICE": {"energy": {"dynamic": 8.309205369599999e-10, "internal": 6.979220088e-10, "leakage": 2.676980868e-12, "switching": 1.3299852816e-10, "total": 8.336009952e-10}, "power": {"dynamic": 2.1625039999999997e-06, "internal": 1.81637e-06, "leakage": 6.96695e-09, "switching": 3.46134e-07, "total": 2.16948e-06}}, "/panic_top/MEM": {"energy": {"dynamic": 8.4987279072e-08, "internal": 7.340482536e-08, "leakage": 4.384985304e-09, "switching": 1.1582453712e-08, "total": 8.93723028e-08}, "power": {"dynamic": 0.0002211828, "internal": 0.000191039, "leakage": 1.14121e-05, "switching": 3.01438e-05, "total": 0.000232595}}, "/panic_top/MMIO": {"energy": {"dynamic": 3.0977082984e-11, "internal": 1.4877042744000002e-11, "leakage": 3.195493536e-14, "switching": 1.610004024e-11, "total": 3.1009013328e-11}, "power": {"dynamic": 8.061910000000001e-08, "internal": 3.87181e-08, "leakage": 8.3164e-11, "switching": 4.1901e-08, "total": 8.07022e-08}}, "/panic_top/SCALAR": {"energy": {"dynamic": 4.0077845808e-08, "internal": 2.1767618663999997e-08, "leakage": 1.9850107368e-11, "switching": 1.8310227144e-08, "total": 4.009774944e-08}, "power": {"dynamic": 0.0001043042, "internal": 5.66511e-05, "leakage": 5.16607e-08, "switching": 4.76531e-05, "total": 0.000104356}}, "/panic_top/VCU": {"energy": {"dynamic": 4.3408591824e-08, "internal": 3.334069692e-08, "leakage": 1.3579694808e-09, "switching": 1.0067894904e-08, "total": 4.476664968e-08}, "power": {"dynamic": 0.0001129726, "internal": 8.67705e-05, "leakage": 3.53417e-06, "switching": 2.62021e-05, "total": 0.000116507}}}, "perf": 19212}