{"physical": {"/manic_top": {"energy": {"dynamic": 1.2550750080000001e-07, "internal": 9.5250363e-08, "leakage": 9.375630299999999e-09, "switching": 3.02571378e-08, "total": 1.34883333e-07}, "power": {"dynamic": 0.0001864896, "internal": 0.000141531, "leakage": 1.39311e-05, "switching": 4.49586e-05, "total": 0.000200421}}, "/manic_top/ARBITER": {"energy": {"dynamic": 7.849663369999999e-10, "internal": 3.3247747899999997e-10, "leakage": 5.25880181e-13, "switching": 4.52488858e-10, "total": 7.854919499999999e-10}, "power": {"dynamic": 1.166369e-06, "internal": 4.94023e-07, "leakage": 7.81397e-10, "switching": 6.72346e-07, "total": 1.16715e-06}}, "/manic_top/I2C_DEVICE": {"energy": {"dynamic": 9.758870149999999e-10, "internal": 8.6338497e-10, "leakage": 4.14246306e-12, "switching": 1.12502045e-10, "total": 9.800293299999999e-10}, "power": {"dynamic": 1.450055e-06, "internal": 1.28289e-06, "leakage": 6.15522e-09, "switching": 1.67165e-07, "total": 1.45621e-06}}, "/manic_top/MEM": {"energy": {"dynamic": 5.0164942169999996e-08, "internal": 4.83508774e-08, "leakage": 7.6500583e-09, "switching": 1.81406477e-09, "total": 5.78150072e-08}, "power": {"dynamic": 7.453928999999999e-05, "internal": 7.18438e-05, "leakage": 1.13671e-05, "switching": 2.69549e-06, "total": 8.59064e-05}}, "/manic_top/MMIO": {"energy": {"dynamic": 1.1535159430000001e-11, "internal": 5.608115730000001e-12, "leakage": 5.9952859e-14, "switching": 5.9270437e-12, "total": 1.1595117000000001e-11}, "power": {"dynamic": 1.713991e-08, "internal": 8.33301e-09, "leakage": 8.9083e-11, "switching": 8.8069e-09, "total": 1.7229e-08}}, "/manic_top/SCALAR": {"energy": {"dynamic": 1.70840377e-08, "internal": 9.481695099999999e-09, "leakage": 3.02134601e-11, "switching": 7.602342600000001e-09, "total": 1.7114188100000002e-08}, "power": {"dynamic": 2.53849e-05, "internal": 1.40887e-05, "leakage": 4.48937e-08, "switching": 1.12962e-05, "total": 2.54297e-05}}, "/manic_top/VCU": {"energy": {"dynamic": 5.21247922e-08, "internal": 3.61303415e-08, "leakage": 1.69043467e-09, "switching": 1.59944507e-08, "total": 5.38152336e-08}, "power": {"dynamic": 7.74514e-05, "internal": 5.36855e-05, "leakage": 2.51179e-06, "switching": 2.37659e-05, "total": 7.99632e-05}}}, "perf": 33650}