{"physical": {"/panic_top": {"energy": {"dynamic": 2.1801047900000002e-07, "internal": 1.62608369e-07, "leakage": 6.764056999999999e-09, "switching": 5.5402110000000004e-08, "total": 2.24774079e-07}, "power": {"dynamic": 0.00047704700000000003, "internal": 0.000355817, "leakage": 1.4801e-05, "switching": 0.00012123, "total": 0.000491847}}, "/panic_top/I2C_DEVICE": {"energy": {"dynamic": 9.00753855e-10, "internal": 7.6847749e-10, "leakage": 3.10689165e-12, "switching": 1.32276365e-10, "total": 9.0386374e-10}, "power": {"dynamic": 1.971015e-06, "internal": 1.68157e-06, "leakage": 6.79845e-09, "switching": 2.89445e-07, "total": 1.97782e-06}}, "/panic_top/MEM": {"energy": {"dynamic": 1.1565015659999999e-07, "internal": 9.9344945e-08, "leakage": 5.2140044e-09, "switching": 1.63052116e-08, "total": 1.20864161e-07}, "power": {"dynamic": 0.0002530638, "internal": 0.000217385, "leakage": 1.14092e-05, "switching": 3.56788e-05, "total": 0.000264473}}, "/panic_top/MMIO": {"energy": {"dynamic": 4.48796393e-11, "internal": 2.23601874e-11, "leakage": 3.7002376e-14, "switching": 2.25194519e-11, "total": 4.49166106e-11}, "power": {"dynamic": 9.82049e-08, "internal": 4.89282e-08, "leakage": 8.0968e-11, "switching": 4.92767e-08, "total": 9.82858e-08}}, "/panic_top/SCALAR": {"energy": {"dynamic": 6.88534937e-08, "internal": 3.6916185799999994e-08, "leakage": 2.24329875e-11, "switching": 3.19373079e-08, "total": 6.887584099999999e-08}, "power": {"dynamic": 0.00015066409999999999, "internal": 8.07794e-05, "leakage": 4.90875e-08, "switching": 6.98847e-05, "total": 0.000150713}}, "/panic_top/VCU": {"energy": {"dynamic": 3.24697129e-08, "internal": 2.55134874e-08, "leakage": 1.52440119e-09, "switching": 6.9562254999999995e-09, "total": 3.39941278e-08}, "power": {"dynamic": 7.10497e-05, "internal": 5.58282e-05, "leakage": 3.33567e-06, "switching": 1.52215e-05, "total": 7.43854e-05}}}, "perf": 22850}