{"physical": {"/panic_top": {"energy": {"dynamic": 6.507757152e-09, "internal": 5.27630688e-09, "leakage": 2.772432e-10, "switching": 1.231450272e-09, "total": 6.78500784e-09}, "power": {"dynamic": 0.0003476366, "internal": 0.000281854, "leakage": 1.481e-05, "switching": 6.57826e-05, "total": 0.000362447}}, "/panic_top/I2C_DEVICE": {"energy": {"dynamic": 1.6167509280000001e-10, "internal": 1.2433374720000002e-10, "leakage": 1.28897496e-13, "switching": 3.7341345600000005e-11, "total": 1.618040736e-10}, "power": {"dynamic": 8.63649e-06, "internal": 6.64176e-06, "leakage": 6.88555e-09, "switching": 1.99473e-06, "total": 8.64338e-06}}, "/panic_top/MEM": {"energy": {"dynamic": 3.4951400640000004e-09, "internal": 3.1428259200000004e-09, "leakage": 2.1358022400000003e-10, "switching": 3.52314144e-10, "total": 3.70873152e-09}, "power": {"dynamic": 0.0001867062, "internal": 0.000167886, "leakage": 1.14092e-05, "switching": 1.88202e-05, "total": 0.000198116}}, "/panic_top/MMIO": {"energy": {"dynamic": 5.42554272e-13, "internal": 2.60977392e-13, "leakage": 1.57560624e-15, "switching": 2.8157688e-13, "total": 5.44128624e-13}, "power": {"dynamic": 2.89826e-08, "internal": 1.39411e-08, "leakage": 8.4167e-11, "switching": 1.50415e-08, "total": 2.90667e-08}}, "/panic_top/SCALAR": {"energy": {"dynamic": 8.47778256e-10, "internal": 4.71255408e-10, "leakage": 9.15746832e-13, "switching": 3.76522848e-10, "total": 8.48693664e-10}, "power": {"dynamic": 4.5287299999999996e-05, "internal": 2.51739e-05, "leakage": 4.89181e-08, "switching": 2.01134e-05, "total": 4.53362e-05}}, "/panic_top/VCU": {"energy": {"dynamic": 2.001020112e-09, "internal": 1.536887664e-09, "leakage": 6.26122224e-11, "switching": 4.64132448e-10, "total": 2.06363664e-09}, "power": {"dynamic": 0.00010689209999999999, "internal": 8.20987e-05, "leakage": 3.34467e-06, "switching": 2.47934e-05, "total": 0.000110237}}}, "perf": 936}