{"physical": {"/manic_top": {"energy": {"dynamic": 1.382671593768e-06, "internal": 1.0790008080000001e-06, "leakage": 8.642616535200001e-08, "switching": 3.03670785768e-07, "total": 1.46909775912e-06}, "power": {"dynamic": 0.0002228419, "internal": 0.0001739, "leakage": 1.39291e-05, "switching": 4.89419e-05, "total": 0.000236771}}, "/manic_top/ARBITER": {"energy": {"dynamic": 7.663189073760001e-09, "internal": 3.1718652734400005e-09, "leakage": 4.8488956092e-12, "switching": 4.491323800320001e-09, "total": 7.6680411648e-09}, "power": {"dynamic": 1.235058e-06, "internal": 5.11202e-07, "leakage": 7.81485e-10, "switching": 7.23856e-07, "total": 1.23584e-06}}, "/manic_top/I2C_DEVICE": {"energy": {"dynamic": 6.01220925492e-09, "internal": 5.6557263744e-09, "leakage": 3.8174229564e-11, "switching": 3.5648288052e-10, "total": 6.050383794720001e-09}, "power": {"dynamic": 9.689735e-07, "internal": 9.1152e-07, "leakage": 6.15245e-09, "switching": 5.74535e-08, "total": 9.75126e-07}}, "/manic_top/MEM": {"energy": {"dynamic": 5.760984485424e-07, "internal": 5.538047654880001e-07, "leakage": 7.0530293184e-08, "switching": 2.2293683054400002e-08, "total": 6.466310995200001e-07}, "power": {"dynamic": 9.284842e-05, "internal": 8.92554e-05, "leakage": 1.13672e-05, "switching": 3.59302e-06, "total": 0.000104216}}, "/manic_top/MMIO": {"energy": {"dynamic": 1.8056976144e-10, "internal": 8.7358114296e-11, "leakage": 5.4725009928e-13, "switching": 9.3211647144e-11, "total": 1.81117017744e-10}, "power": {"dynamic": 2.9101999999999998e-08, "internal": 1.40793e-08, "leakage": 8.8199e-11, "switching": 1.50227e-08, "total": 2.91902e-08}}, "/manic_top/SCALAR": {"energy": {"dynamic": 2.23402184544e-07, "internal": 1.2462490356000002e-07, "leakage": 2.7472886932800005e-10, "switching": 9.8777280984e-08, "total": 2.2367705364000002e-07}, "power": {"dynamic": 3.60052e-05, "internal": 2.00855e-05, "leakage": 4.42774e-08, "switching": 1.59197e-05, "total": 3.60495e-05}}, "/manic_top/VCU": {"energy": {"dynamic": 5.289672713280001e-07, "internal": 3.9069818848800005e-07, "leakage": 1.5576515229600002e-08, "switching": 1.3826908284000002e-07, "total": 5.44543600416e-07}, "power": {"dynamic": 8.52524e-05, "internal": 6.29679e-05, "leakage": 2.51043e-06, "switching": 2.22845e-05, "total": 8.77628e-05}}}, "perf": 310236}