{
    "cgra_minus_noc": {
        "energy": {
            "dynamic": 2.296320063129817e-07,
            "internal": 1.4438148610494e-07,
            "leakage": 4.563637392414e-10,
            "switching": 8.525052020804173e-08,
            "total": 2.3008837005222316e-07
        }
    },
    "noc": {
        "energy": {
            "dynamic": 8.300324057586001e-10,
            "internal": 5.3586997815060006e-08,
            "leakage": 8.300324057586001e-10,
            "switching": 3.676839141195827e-08,
            "total": 9.118542163277689e-08
        }
    },
    "perf": 42267,
    "physical": {
        "/flow_top": {
            "energy": {
                "dynamic": 5.4142674456e-07,
                "internal": 4.0491194262e-07,
                "leakage": 1.1506176342e-08,
                "switching": 1.3651480194e-07,
                "total": 5.529335126399999e-07
            },
            "power": {
                "dynamic": 0.000640484,
                "internal": 0.000478993,
                "leakage": 1.36113e-05,
                "switching": 0.000161491,
                "total": 0.000654096
            }
        },
        "/flow_top/ALIGNER": {
            "energy": {
                "dynamic": 3.65595517356e-10,
                "internal": 3.2664444804000003e-10,
                "leakage": 1.7977254042e-12,
                "switching": 3.8951069316e-11,
                "total": 3.673932174e-10
            },
            "power": {
                "dynamic": 4.324834e-07,
                "internal": 3.86406e-07,
                "leakage": 2.12663e-09,
                "switching": 4.60774e-08,
                "total": 4.3461e-07
            }
        },
        "/flow_top/CGRA": {
            "energy": {
                "dynamic": 3.1998739554e-07,
                "internal": 1.9796848391999999e-07,
                "leakage": 1.2863961450000001e-09,
                "switching": 1.2201891162e-07,
                "total": 3.2127315768e-07
            },
            "power": {
                "dynamic": 0.000378531,
                "internal": 0.000234188,
                "leakage": 1.52175e-06,
                "switching": 0.000144343,
                "total": 0.000380052
            }
        },
        "/flow_top/CORE": {
            "energy": {
                "dynamic": 1.17732107946e-08,
                "internal": 1.0867014768e-08,
                "leakage": 5.4995199846e-10,
                "switching": 9.061960266e-10,
                "total": 1.2323197452e-08
            },
            "power": {
                "dynamic": 1.392719e-05,
                "internal": 1.28552e-05,
                "leakage": 6.50569e-07,
                "switching": 1.07199e-06,
                "total": 1.45778e-05
            }
        },
        "/flow_top/INSN_DATA_CONFLICT": {
            "energy": {
                "dynamic": 1.57751771556e-12,
                "internal": 4.2899652456e-13,
                "leakage": 3.84545166e-15,
                "switching": 1.148521191e-12,
                "total": 1.5813690846e-12
            },
            "power": {
                "dynamic": 1.866134e-09,
                "internal": 5.07484e-10,
                "leakage": 4.549e-12,
                "switching": 1.35865e-09,
                "total": 1.87069e-09
            }
        },
        "/flow_top/MM": {
            "energy": {
                "dynamic": 2.0929832233799998e-07,
                "internal": 1.9574862107999998e-07,
                "leakage": 9.666885569999999e-09,
                "switching": 1.3549701258e-08,
                "total": 2.1896588417999999e-07
            },
            "power": {
                "dynamic": 0.0002475907,
                "internal": 0.000231562,
                "leakage": 1.14355e-05,
                "switching": 1.60287e-05,
                "total": 0.000259027
            }
        }
    }
}
