{"physical": {"/manic_top": {"energy": {"dynamic": 1.496325560268e-06, "internal": 1.2038412646399999e-06, "leakage": 8.018145051e-08, "switching": 2.92484295628e-07, "total": 1.57650183054e-06}, "power": {"dynamic": 0.0002599674, "internal": 0.000209152, "leakage": 1.39305e-05, "switching": 5.08154e-05, "total": 0.000273897}}, "/manic_top/ARBITER": {"energy": {"dynamic": 1.169374263316e-08, "internal": 4.22522083396e-09, "leakage": 4.50950653958e-12, "switching": 7.468521799200001e-09, "total": 1.1698243684399999e-08}, "power": {"dynamic": 2.031638e-06, "internal": 7.34078e-07, "leakage": 7.83469e-10, "switching": 1.29756e-06, "total": 2.03242e-06}}, "/manic_top/I2C_DEVICE": {"energy": {"dynamic": 5.51409570537e-09, "internal": 5.22857537636e-09, "leakage": 3.54132005738e-11, "switching": 2.8552032901e-10, "total": 5.5495083879200004e-09}, "power": {"dynamic": 9.580035e-07, "internal": 9.08398e-07, "leakage": 6.15259e-09, "switching": 4.96055e-08, "total": 9.64156e-07}}, "/manic_top/MEM": {"energy": {"dynamic": 6.302489364976001e-07, "internal": 6.0602453198e-07, "leakage": 6.5426981522e-08, "switching": 2.4224404517600002e-08, "total": 6.956771843e-07}, "power": {"dynamic": 0.00010949768, "internal": 0.000105289, "leakage": 1.13671e-05, "switching": 4.20868e-06, "total": 0.000120865}}, "/manic_top/MMIO": {"energy": {"dynamic": 1.68902235572e-10, "internal": 8.223742941400001e-11, "leakage": 5.0764605654e-13, "switching": 8.666480615800001e-11, "total": 1.69409898896e-10}, "power": {"dynamic": 2.93446e-08, "internal": 1.42877e-08, "leakage": 8.8197e-11, "switching": 1.50569e-08, "total": 2.94328e-08}}, "/manic_top/SCALAR": {"energy": {"dynamic": 2.5398246448399997e-07, "internal": 1.37930168152e-07, "leakage": 2.60632738912e-10, "switching": 1.1605229633199999e-07, "total": 2.5424320313000003e-07}, "power": {"dynamic": 4.41262e-05, "internal": 2.39636e-05, "leakage": 4.52816e-08, "switching": 2.01626e-05, "total": 4.41715e-05}}, "/manic_top/VCU": {"energy": {"dynamic": 5.5694177693e-07, "internal": 4.49308518512e-07, "leakage": 1.44518855306e-08, "switching": 1.07633258418e-07, "total": 5.71393489786e-07}, "power": {"dynamic": 9.67615e-05, "internal": 7.80616e-05, "leakage": 2.51083e-06, "switching": 1.86999e-05, "total": 9.92723e-05}}}, "perf": 287791}