{"physical": {"/base_top": {"energy": {"dynamic": 9.9938383344e-08, "internal": 8.6969178e-08, "leakage": 4.736094192e-09, "switching": 1.2969205344000001e-08, "total": 1.046744196e-07}, "power": {"dynamic": 0.0003449958, "internal": 0.000300225, "leakage": 1.63494e-05, "switching": 4.47708e-05, "total": 0.000361345}}, "/base_top/ARBITER": {"energy": {"dynamic": 8.075597652e-10, "internal": 2.7537705e-10, "leakage": 2.4936639312e-13, "switching": 5.321827152e-10, "total": 8.078074416e-10}, "power": {"dynamic": 2.787765e-06, "internal": 9.50625e-07, "leakage": 8.60834e-10, "switching": 1.83714e-06, "total": 2.78862e-06}}, "/base_top/I2C_DEVICE": {"energy": {"dynamic": 6.3757206504e-10, "internal": 5.35589352e-10, "leakage": 1.7502987024e-12, "switching": 1.0198271304e-10, "total": 6.393208632e-10}, "power": {"dynamic": 2.200953e-06, "internal": 1.8489e-06, "leakage": 6.04218e-09, "switching": 3.52053e-07, "total": 2.20699e-06}}, "/base_top/MEM": {"energy": {"dynamic": 4.7227674635999995e-08, "internal": 4.5537985679999995e-08, "leakage": 3.2929374e-09, "switching": 1.689688956e-09, "total": 5.052048168e-08}, "power": {"dynamic": 0.00016303394999999998, "internal": 0.000157201, "leakage": 1.13675e-05, "switching": 5.83295e-06, "total": 0.000174401}}, "/base_top/MMIO": {"energy": {"dynamic": 7.1323271520000005e-12, "internal": 3.424799736e-12, "leakage": 2.554079592e-14, "switching": 3.707527416e-12, "total": 7.157876928e-12}, "power": {"dynamic": 2.46214e-08, "internal": 1.18227e-08, "leakage": 8.8169e-11, "switching": 1.27987e-08, "total": 2.47096e-08}}, "/base_top/SCALAR": {"energy": {"dynamic": 1.2596618928e-08, "internal": 6.884071392e-09, "leakage": 1.3087423752e-11, "switching": 5.7125475360000005e-09, "total": 1.2609683496e-08}, "power": {"dynamic": 4.34846e-05, "internal": 2.37644e-05, "leakage": 4.51789e-08, "switching": 1.97202e-05, "total": 4.35297e-05}}, "/base_top/VCU": {"energy": {"dynamic": 3.7640179128000005e-08, "internal": 3.3686018160000004e-08, "leakage": 1.4279688696e-09, "switching": 3.9541609680000004e-09, "total": 3.906798288e-08}, "power": {"dynamic": 0.0001299371, "internal": 0.000116287, "leakage": 4.92947e-06, "switching": 1.36501e-05, "total": 0.000134866}}}, "perf": 14484}