{"physical": {"/panic_top": {"energy": {"dynamic": 2.27756461e-07, "internal": 1.58573059e-07, "leakage": 6.6088141e-09, "switching": 6.9183402e-08, "total": 2.34365138e-07}, "power": {"dynamic": 0.000498373, "internal": 0.000346987, "leakage": 1.44613e-05, "switching": 0.000151386, "total": 0.000512834}}, "/panic_top/I2C_DEVICE": {"energy": {"dynamic": 9.008164640000001e-10, "internal": 7.6852776e-10, "leakage": 3.10929547e-12, "switching": 1.3228870400000002e-10, "total": 9.039277200000001e-10}, "power": {"dynamic": 1.9711520000000002e-06, "internal": 1.68168e-06, "leakage": 6.80371e-09, "switching": 2.89472e-07, "total": 1.97796e-06}}, "/panic_top/MEM": {"energy": {"dynamic": 1.1708728450000001e-07, "internal": 1.0066339e-07, "leakage": 5.2147356e-09, "switching": 1.64238945e-08, "total": 1.2230188299999998e-07}, "power": {"dynamic": 0.0002562085, "internal": 0.00022027, "leakage": 1.14108e-05, "switching": 3.59385e-05, "total": 0.000267619}}, "/panic_top/MMIO": {"energy": {"dynamic": 4.48684428e-11, "internal": 2.23489909e-11, "leakage": 3.7002833e-14, "switching": 2.25194519e-11, "total": 4.4905414099999996e-11}, "power": {"dynamic": 9.81804e-08, "internal": 4.89037e-08, "leakage": 8.0969e-11, "switching": 4.92767e-08, "total": 9.82613e-08}}, "/panic_top/SCALAR": {"energy": {"dynamic": 6.855214789999999e-08, "internal": 3.67653758e-08, "leakage": 2.1726237e-11, "switching": 3.17867721e-08, "total": 6.8573764e-08}, "power": {"dynamic": 0.0001500047, "internal": 8.04494e-05, "leakage": 4.7541e-08, "switching": 6.95553e-05, "total": 0.000150052}}, "/panic_top/VCU": {"energy": {"dynamic": 2.6851263500000003e-08, "internal": 2.03107709e-08, "leakage": 1.36909888e-09, "switching": 6.5404926e-09, "total": 2.8220344100000003e-08}, "power": {"dynamic": 5.8755500000000004e-05, "internal": 4.44437e-05, "leakage": 2.99584e-06, "switching": 1.43118e-05, "total": 6.17513e-05}}}, "perf": 22850}