{
	"cycles": 31376736,
	"latency": 1.9610460000000032,
	"energy": 0.012196098062280019,
	"current": 0.0018846,
	"voltage": 3.3,
	"power": 0.0062191799999999995,
	"efficiency": 0.03246415353321463
}