{
	"cycles": 50307216,
	"latency": 3.144201,
	"energy": 0.010685253,
	"power": 0.0033984,
	"efficiency": 0.037054435
}