{
	"cycles": 33158112,
	"latency": 1.036191,
	"energy": 0.010668622536,
	"power": 0.010296,
	"efficiency": 0.037112195
}