{"physical": {"/panic_design_top": {"energy": {"dynamic": 3.68970828512e-06, "internal": 2.71411679072e-06, "leakage": 9.977936016000002e-08, "switching": 9.755914944e-07, "total": 3.7894903561600003e-06}, "power": {"dynamic": 0.0006805369999999999, "internal": 0.000500597, "leakage": 1.84035e-05, "switching": 0.00017994, "total": 0.000698941}}, "/panic_design_top/CGRA": {"energy": {"dynamic": 2.6431405305599997e-06, "internal": 1.89414065184e-06, "leakage": 3.76275023584e-08, "switching": 7.489998787200001e-07, "total": 2.68076754496e-06}, "power": {"dynamic": 0.00048750599999999996, "internal": 0.000349359, "leakage": 6.94009e-06, "switching": 0.000138147, "total": 0.000494446}}, "/panic_design_top/I2C_DEVICE": {"energy": {"dynamic": 6.032079932736e-09, "internal": 5.7210953696e-09, "leakage": 3.6906408278400003e-11, "switching": 3.1098456313600005e-10, "total": 6.0689554912000005e-09}, "power": {"dynamic": 1.1125686e-06, "internal": 1.05521e-06, "leakage": 6.80709e-09, "switching": 5.73586e-08, "total": 1.11937e-06}}, "/panic_design_top/MEM": {"energy": {"dynamic": 7.109027977280001e-07, "internal": 6.319820326400001e-07, "leakage": 6.1837341504e-08, "switching": 7.8920765088e-08, "total": 7.7274176576e-07}, "power": {"dynamic": 0.0001311203, "internal": 0.000116564, "leakage": 1.14054e-05, "switching": 1.45563e-05, "total": 0.000142526}}, "/panic_design_top/MMIO": {"energy": {"dynamic": 2.2137317168000004e-10, "internal": 1.05055816992e-10, "leakage": 5.4682244832e-13, "switching": 1.1631735468800001e-10, "total": 2.2192022726400002e-10}, "power": {"dynamic": 4.08305e-08, "internal": 1.93767e-08, "leakage": 1.00857e-10, "switching": 2.14538e-08, "total": 4.09314e-08}}, "/panic_design_top/SCALAR": {"energy": {"dynamic": 3.2874082713600003e-07, "internal": 1.81913060224e-07, "leakage": 2.7537010604800005e-10, "switching": 1.4682776691200002e-07, "total": 3.29016252544e-07}, "power": {"dynamic": 6.06336e-05, "internal": 3.35524e-05, "leakage": 5.07898e-08, "switching": 2.70812e-05, "total": 6.06844e-05}}}, "perf": 271088}