{"physical": {"/panic_top": {"energy": {"dynamic": 5.081788008e-08, "internal": 3.815163736e-08, "leakage": 1.803390392e-09, "switching": 1.266624272e-08, "total": 5.262123392e-08}, "power": {"dynamic": 0.000417087, "internal": 0.000313129, "leakage": 1.48013e-05, "switching": 0.000103958, "total": 0.000431888}}, "/panic_top/I2C_DEVICE": {"energy": {"dynamic": 4.6202934216e-10, "internal": 3.7018281679999995e-10, "leakage": 8.314982984e-13, "switching": 9.184652536e-11, "total": 4.6286163120000003e-10}, "power": {"dynamic": 3.792099e-06, "internal": 3.03827e-06, "leakage": 6.82451e-09, "switching": 7.53829e-07, "total": 3.79893e-06}}, "/panic_top/MEM": {"energy": {"dynamic": 2.4212800208000004e-08, "internal": 2.099595616e-08, "leakage": 1.39007256e-09, "switching": 3.216844048e-09, "total": 2.56028484e-08}, "power": {"dynamic": 0.00019872620000000002, "internal": 0.000172324, "leakage": 1.1409e-05, "switching": 2.64022e-05, "total": 0.000210135}}, "/panic_top/MMIO": {"energy": {"dynamic": 5.961058552e-12, "internal": 2.867297272e-12, "leakage": 1.023041744e-14, "switching": 3.09376128e-12, "total": 5.971293112e-12}, "power": {"dynamic": 4.89253e-08, "internal": 2.35333e-08, "leakage": 8.3966e-11, "switching": 2.5392e-08, "total": 4.90093e-08}}, "/panic_top/SCALAR": {"energy": {"dynamic": 9.845768559999999e-09, "internal": 5.2498541039999994e-09, "leakage": 5.979626968e-12, "switching": 4.595914456e-09, "total": 9.851750904e-09}, "power": {"dynamic": 8.080899999999999e-05, "internal": 4.30881e-05, "leakage": 4.90777e-08, "switching": 3.77209e-05, "total": 8.08581e-05}}, "/panic_top/VCU": {"energy": {"dynamic": 1.6278140784e-08, "internal": 1.1526636648e-08, "leakage": 4.0646555039999996e-10, "switching": 4.7515041360000005e-09, "total": 1.668464776e-08}, "power": {"dynamic": 0.00013360260000000001, "internal": 9.46047e-05, "leakage": 3.33606e-06, "switching": 3.89979e-05, "total": 0.000136939}}}, "perf": 6092}