{"physical": {"/panic_design_top": {"energy": {"dynamic": 3.6362868515200004e-07, "internal": 2.763926912e-07, "leakage": 2.3171346528000003e-08, "switching": 8.723599395200001e-08, "total": 3.8680003168e-07}, "power": {"dynamic": 0.0001821349, "internal": 0.00013844, "leakage": 1.16061e-05, "switching": 4.36949e-05, "total": 0.000193741}}, "/panic_design_top/CGRA": {"energy": {"dynamic": 1.88358105248e-07, "internal": 1.3040967430400002e-07, "leakage": 3.3612737280000004e-10, "switching": 5.7948430944000004e-08, "total": 1.8869431248000002e-07}, "power": {"dynamic": 9.43451e-05, "internal": 6.53198e-05, "leakage": 1.6836e-07, "switching": 2.90253e-05, "total": 9.45135e-05}}, "/panic_design_top/I2C_DEVICE": {"energy": {"dynamic": 2.0485529899519997e-09, "internal": 1.939181024e-09, "leakage": 1.20477186304e-11, "switching": 1.0937196595200002e-10, "total": 2.0606069376e-09}, "power": {"dynamic": 1.0260824e-06, "internal": 9.713e-07, "leakage": 6.03448e-09, "switching": 5.47824e-08, "total": 1.03212e-06}}, "/panic_design_top/MEM": {"energy": {"dynamic": 1.479329190176e-07, "internal": 1.39892555008e-07, "leakage": 2.2728327616e-08, "switching": 8.0403640096e-09, "total": 1.70661306528e-07}, "power": {"dynamic": 7.409687e-05, "internal": 7.00696e-05, "leakage": 1.13842e-05, "switching": 4.02727e-06, "total": 8.54811e-05}}, "/panic_design_top/MMIO": {"energy": {"dynamic": 2.4968517929600003e-12, "internal": 1.1577867027200002e-12, "leakage": 1.8678467936e-13, "switching": 1.33906509024e-12, "total": 2.6836284864000003e-12}, "power": {"dynamic": 1.2506270000000001e-09, "internal": 5.79914e-10, "leakage": 9.3557e-11, "switching": 6.70713e-10, "total": 1.34418e-09}}, "/panic_design_top/SCALAR": {"energy": {"dynamic": 5.861491586240001e-09, "internal": 4.1480066368000005e-09, "leakage": 9.430093772800001e-11, "switching": 1.71348494944e-09, "total": 5.955779347200001e-09}, "power": {"dynamic": 2.9359130000000003e-06, "internal": 2.07766e-06, "leakage": 4.72336e-08, "switching": 8.58253e-07, "total": 2.98314e-06}}}, "perf": 99824}