{
    "cgra_minus_noc": {
        "energy": {
            "dynamic": 0.0,
            "internal": 0.0,
            "leakage": 0.0,
            "switching": 0.0,
            "total": 0.0
        }
    },
    "count": 3976,
    "noc": {
        "energy": {
            "dynamic": 0.0,
            "internal": 0.0,
            "leakage": 0.0,
            "switching": 0.0,
            "total": 0.0
        }
    },
    "perf": 34166,
    "physical": {
        "/manic_top": {
            "energy": {
                "dynamic": 1.3893501402e-07,
                "internal": 1.0835678567999999e-07,
                "leakage": 9.937044436e-09,
                "switching": 3.057822834e-08,
                "total": 1.4887219511999998e-07
            },
            "power": {
                "dynamic": 0.0002033235,
                "internal": 0.000158574,
                "leakage": 1.45423e-05,
                "switching": 4.47495e-05,
                "total": 0.000217866
            }
        },
        "/manic_top/ALIGNER": {
            "energy": {
                "dynamic": 1.5279178697199998e-09,
                "internal": 9.729246824e-10,
                "leakage": 1.2651533135999998e-12,
                "switching": 5.5499318732e-10,
                "total": 1.5291881616e-09
            },
            "power": {
                "dynamic": 2.236021e-06,
                "internal": 1.42382e-06,
                "leakage": 1.85148e-09,
                "switching": 8.12201e-07,
                "total": 2.23788e-06
            }
        },
        "/manic_top/CORE": {
            "energy": {
                "dynamic": 2.4071791964e-08,
                "internal": 2.0033097435999998e-08,
                "leakage": 4.446308574399999e-10,
                "switching": 4.038694528e-09,
                "total": 2.4516428287999997e-08
            },
            "power": {
                "dynamic": 3.52277e-05,
                "internal": 2.93173e-05,
                "leakage": 6.50692e-07,
                "switching": 5.9104e-06,
                "total": 3.58784e-05
            }
        },
        "/manic_top/INSN_DATA_CONFLICT": {
            "energy": {
                "dynamic": 2.16221034304e-11,
                "internal": 6.1768848063999996e-12,
                "leakage": 3.2478199599999996e-15,
                "switching": 1.5445218624e-11,
                "total": 2.1625369699999997e-11
            },
            "power": {
                "dynamic": 3.1642720000000004e-08,
                "internal": 9.03952e-09,
                "leakage": 4.753e-12,
                "switching": 2.26032e-08,
                "total": 3.16475e-08
            }
        },
        "/manic_top/MM": {
            "energy": {
                "dynamic": 5.03677016964e-08,
                "internal": 4.8114816155999995e-08,
                "leakage": 7.771535024e-09,
                "switching": 2.2528855403999998e-09,
                "total": 5.813925722e-08
            },
            "power": {
                "dynamic": 7.371027e-05,
                "internal": 7.04133e-05,
                "leakage": 1.13732e-05,
                "switching": 3.29697e-06,
                "total": 8.50835e-05
            }
        },
        "/manic_top/VECTOR": {
            "energy": {
                "dynamic": 5.6577051036e-08,
                "internal": 3.9215119812e-08,
                "leakage": 1.7195679468e-09,
                "switching": 1.7361931224e-08,
                "total": 5.8296557483999996e-08
            },
            "power": {
                "dynamic": 8.279730000000001e-05,
                "internal": 5.73891e-05,
                "leakage": 2.51649e-06,
                "switching": 2.54082e-05,
                "total": 8.53137e-05
            }
        }
    }
}
