{"physical": {"/panic_top": {"energy": {"dynamic": 5.3444403892e-07, "internal": 3.909382464e-07, "leakage": 1.3903423996000001e-08, "switching": 1.4350579251999999e-07, "total": 5.4834680836e-07}, "power": {"dynamic": 0.000571549, "internal": 0.00041808, "leakage": 1.48687e-05, "switching": 0.000153469, "total": 0.000586417}}, "/panic_top/I2C_DEVICE": {"energy": {"dynamic": 1.6816357159600002e-09, "internal": 1.485327826e-09, "leakage": 6.3329508604e-12, "switching": 1.9630788996e-10, "total": 1.6879690128e-09}, "power": {"dynamic": 1.798387e-06, "internal": 1.58845e-06, "leakage": 6.77263e-09, "switching": 2.09937e-07, "total": 1.80516e-06}}, "/panic_top/MEM": {"energy": {"dynamic": 2.5183032213600004e-07, "internal": 2.1913412784e-07, "leakage": 1.0667018608000001e-08, "switching": 3.2696194296e-08, "total": 2.6249752776e-07}, "power": {"dynamic": 0.0002693142, "internal": 0.000234348, "leakage": 1.14076e-05, "switching": 3.49662e-05, "total": 0.000280722}}, "/panic_top/MMIO": {"energy": {"dynamic": 1.32974267004e-10, "internal": 6.7685017736e-11, "leakage": 5.991431592e-14, "switching": 6.528924926799999e-11, "total": 1.330338316e-10}, "power": {"dynamic": 1.422063e-07, "internal": 7.23842e-08, "leakage": 6.4074e-11, "switching": 6.98221e-08, "total": 1.4227e-07}}, "/panic_top/SCALAR": {"energy": {"dynamic": 1.75488894808e-07, "internal": 9.3191755944e-08, "leakage": 4.6870230444000004e-11, "switching": 8.229713886399999e-08, "total": 1.7553602284e-07}, "power": {"dynamic": 0.0001876726, "internal": 9.96618e-05, "leakage": 5.01243e-08, "switching": 8.80108e-05, "total": 0.000187723}}, "/panic_top/VCU": {"energy": {"dynamic": 1.04984423856e-07, "internal": 7.6907711776e-08, "leakage": 3.1828814088e-09, "switching": 2.807671208e-08, "total": 1.0816724916e-07}, "power": {"dynamic": 0.0001122732, "internal": 8.22472e-05, "leakage": 3.40386e-06, "switching": 3.0026e-05, "total": 0.000115677}}}, "perf": 46754}