{"physical": {"/manic_top": {"energy": {"dynamic": 2.39668672252e-07, "internal": 1.82930628e-07, "leakage": 1.3765060324e-08, "switching": 5.673804425200001e-08, "total": 2.5343353492000004e-07}, "power": {"dynamic": 0.00024251090000000002, "internal": 0.0001851, "leakage": 1.39283e-05, "switching": 5.74109e-05, "total": 0.000256439}}, "/manic_top/ARBITER": {"energy": {"dynamic": 1.30248188384e-09, "internal": 5.246136138e-10, "leakage": 7.7393886876e-13, "switching": 7.778682700399999e-10, "total": 1.3032547188000001e-09}, "power": {"dynamic": 1.317928e-06, "internal": 5.30835e-07, "leakage": 7.83117e-10, "switching": 7.87093e-07, "total": 1.31871e-06}}, "/manic_top/I2C_DEVICE": {"energy": {"dynamic": 1.30092138972e-09, "internal": 1.1637194656000002e-09, "leakage": 6.088338471200001e-12, "switching": 1.3720192412e-10, "total": 1.3070101828e-09}, "power": {"dynamic": 1.316349e-06, "internal": 1.17752e-06, "leakage": 6.16054e-09, "switching": 1.38829e-07, "total": 1.32251e-06}}, "/manic_top/MEM": {"energy": {"dynamic": 1.1650440572840001e-07, "internal": 1.1120423044000001e-07, "leakage": 1.1233976416e-08, "switching": 5.3001752883999995e-09, "total": 1.2773815483999998e-07}, "power": {"dynamic": 0.00011788603, "internal": 0.000112523, "leakage": 1.13672e-05, "switching": 5.36303e-06, "total": 0.000129253}}, "/manic_top/MMIO": {"energy": {"dynamic": 4.5341495776e-11, "internal": 2.2178189136e-11, "leakage": 8.585978984e-14, "switching": 2.3163306640000002e-11, "total": 4.5427377308e-11}, "power": {"dynamic": 4.58792e-08, "internal": 2.24412e-08, "leakage": 8.6878e-11, "switching": 2.3438e-08, "total": 4.59661e-08}}, "/manic_top/SCALAR": {"energy": {"dynamic": 5.7487259320000005e-08, "internal": 3.1098206760000005e-08, "leakage": 4.3975890472e-11, "switching": 2.638905256e-08, "total": 5.7531237780000004e-08}, "power": {"dynamic": 5.8169000000000005e-05, "internal": 3.1467e-05, "leakage": 4.44974e-08, "switching": 2.6702e-05, "total": 5.82135e-05}}, "/manic_top/VCU": {"energy": {"dynamic": 5.6546120275999996e-08, "internal": 3.8717153764e-08, "leakage": 2.4799503008e-09, "switching": 1.7828966512e-08, "total": 5.902601128e-08}, "power": {"dynamic": 5.72167e-05, "internal": 3.91763e-05, "leakage": 2.50936e-06, "switching": 1.80404e-05, "total": 5.9726e-05}}}, "perf": 49414}