{"physical": {"/panic_design_top": {"energy": {"dynamic": 7.8747574822e-07, "internal": 6.183352455999999e-07, "leakage": 6.872619719999999e-08, "switching": 1.6914050262e-07, "total": 8.562043655999999e-07}, "power": {"dynamic": 0.0002277653, "internal": 0.000178844, "leakage": 1.9878e-05, "switching": 4.89213e-05, "total": 0.000247644}}, "/panic_design_top/CGRA": {"energy": {"dynamic": 5.087211445199999e-07, "internal": 4.0773809679999996e-07, "leakage": 2.9078773865999996e-08, "switching": 1.0098304771999999e-07, "total": 5.377985700000001e-07}, "power": {"dynamic": 0.0001471398, "internal": 0.000117932, "leakage": 8.41059e-06, "switching": 2.92078e-05, "total": 0.00015555}}, "/panic_design_top/I2C_DEVICE": {"energy": {"dynamic": 3.8756479013200005e-09, "internal": 3.699487148e-09, "leakage": 2.3729035124e-11, "switching": 1.7616075332e-10, "total": 3.899359442e-09}, "power": {"dynamic": 1.1209718000000001e-06, "internal": 1.07002e-06, "leakage": 6.86326e-09, "switching": 5.09518e-08, "total": 1.12783e-06}}, "/panic_design_top/MEM": {"energy": {"dynamic": 1.64835935898e-07, "internal": 1.4548082294e-07, "leakage": 3.945723175999999e-08, "switching": 1.9355112957999997e-08, "total": 2.0429327138e-07}, "power": {"dynamic": 4.767627e-05, "internal": 4.20781e-05, "leakage": 1.14124e-05, "switching": 5.59817e-06, "total": 5.90887e-05}}, "/panic_design_top/MMIO": {"energy": {"dynamic": 9.147623494e-11, "internal": 4.3114815219999994e-11, "leakage": 3.13724476e-13, "switching": 4.8361419719999996e-11, "total": 9.179016685999999e-11}, "power": {"dynamic": 2.64581e-08, "internal": 1.24703e-08, "leakage": 9.074e-11, "switching": 1.39878e-08, "total": 2.65489e-08}}, "/panic_design_top/SCALAR": {"energy": {"dynamic": 1.097880083e-07, "internal": 6.130972846e-08, "leakage": 1.6541515411999999e-10, "switching": 4.847827984e-08, "total": 1.0995361775999999e-07}, "power": {"dynamic": 3.17545e-05, "internal": 1.77329e-05, "leakage": 4.78438e-08, "switching": 1.40216e-05, "total": 3.18024e-05}}}, "perf": 172870}