{"physical": {"/panic_top": {"energy": {"dynamic": 4.70064133e-09, "internal": 3.5859529999999997e-09, "leakage": 2.3828e-10, "switching": 1.11468833e-09, "total": 4.9389326e-09}, "power": {"dynamic": 0.00029196530000000004, "internal": 0.00022273, "leakage": 1.48e-05, "switching": 6.92353e-05, "total": 0.000306766}}, "/panic_top/I2C_DEVICE": {"energy": {"dynamic": 1.4545770399999997e-10, "internal": 1.1154257099999999e-10, "leakage": 1.1086395599999999e-13, "switching": 3.3915133e-11, "total": 1.4556863299999997e-10}, "power": {"dynamic": 9.03464e-06, "internal": 6.92811e-06, "leakage": 6.88596e-09, "switching": 2.10653e-06, "total": 9.04153e-06}}, "/panic_top/MEM": {"energy": {"dynamic": 2.0756780099999996e-09, "internal": 1.8016060999999997e-09, "leakage": 1.8368651e-10, "switching": 2.7407190999999994e-10, "total": 2.2593613e-09}, "power": {"dynamic": 0.0001289241, "internal": 0.000111901, "leakage": 1.14091e-05, "switching": 1.70231e-05, "total": 0.000140333}}, "/panic_top/MMIO": {"energy": {"dynamic": 7.913246599999999e-13, "internal": 3.8238949e-13, "leakage": 1.3325808999999997e-15, "switching": 4.0893516999999997e-13, "total": 7.9265774e-13}, "power": {"dynamic": 4.91506e-08, "internal": 2.37509e-08, "leakage": 8.2769e-11, "switching": 2.53997e-08, "total": 4.92334e-08}}, "/panic_top/SCALAR": {"energy": {"dynamic": 1.1125325399999996e-09, "internal": 6.029160199999999e-10, "leakage": 7.8723687e-13, "switching": 5.0961652e-10, "total": 1.1133198299999997e-09}, "power": {"dynamic": 6.910139999999999e-05, "internal": 3.74482e-05, "leakage": 4.88967e-08, "switching": 3.16532e-05, "total": 6.91503e-05}}, "/panic_top/VCU": {"energy": {"dynamic": 1.3642495999999998e-09, "internal": 1.0686101299999998e-09, "leakage": 5.3690440999999994e-11, "switching": 2.9563946999999994e-10, "total": 1.4179398799999998e-09}, "power": {"dynamic": 8.4736e-05, "internal": 6.63733e-05, "leakage": 3.33481e-06, "switching": 1.83627e-05, "total": 8.80708e-05}}}, "perf": 805}