{
    "cgra_minus_noc": {
        "energy": {
            "dynamic": 6.810139096032277e-09,
            "internal": 4.9467433471600016e-09,
            "leakage": 5.4209518458799985e-11,
            "switching": 1.863395748872278e-09,
            "total": 6.864348614491079e-09
        }
    },
    "count": 123,
    "noc": {
        "energy": {
            "dynamic": 1.008398187412e-10,
            "internal": 4.36900781284e-09,
            "leakage": 1.008398187412e-10,
            "switching": 3.3972523131277215e-09,
            "total": 7.867099944708923e-09
        }
    },
    "perf": 4621,
    "physical": {
        "/flow_top": {
            "energy": {
                "dynamic": 2.8282109623999997e-08,
                "internal": 2.192646016e-08,
                "leakage": 1.2726511259999998e-09,
                "switching": 6.355649464e-09,
                "total": 2.9554714539999998e-08
            },
            "power": {
                "dynamic": 0.00030601719999999997,
                "internal": 0.000237248,
                "leakage": 1.37703e-05,
                "switching": 6.87692e-05,
                "total": 0.000319787
            }
        },
        "/flow_top/ALIGNER": {
            "energy": {
                "dynamic": 7.280690486e-11,
                "internal": 5.247265646e-11,
                "leakage": 2.080254054e-13,
                "switching": 2.03342484e-11,
                "total": 7.301494228e-11
            },
            "power": {
                "dynamic": 7.877830000000001e-07,
                "internal": 5.67763e-07,
                "leakage": 2.25087e-09,
                "switching": 2.2002e-07,
                "total": 7.90034e-07
            }
        },
        "/flow_top/CGRA": {
            "energy": {
                "dynamic": 1.4576399221999999e-08,
                "internal": 9.315751160000001e-09,
                "leakage": 1.550493372e-10,
                "switching": 5.2606480619999995e-09,
                "total": 1.473137832e-08
            },
            "power": {
                "dynamic": 0.0001577191,
                "internal": 0.000100798,
                "leakage": 1.67766e-06,
                "switching": 5.69211e-05,
                "total": 0.000159396
            }
        },
        "/flow_top/CORE": {
            "energy": {
                "dynamic": 1.5964695494000002e-09,
                "internal": 1.4094512100000001e-09,
                "leakage": 6.027530738e-11,
                "switching": 1.870183394e-10,
                "total": 1.656748646e-09
            },
            "power": {
                "dynamic": 1.7274070000000002e-05,
                "internal": 1.52505e-05,
                "leakage": 6.52189e-07,
                "switching": 2.02357e-06,
                "total": 1.79263e-05
            }
        },
        "/flow_top/INSN_DATA_CONFLICT": {
            "energy": {
                "dynamic": 6.77055057e-13,
                "internal": 1.8822257200000002e-13,
                "leakage": 4.2476232e-16,
                "switching": 4.888324849999999e-13,
                "total": 6.774801889999999e-13
            },
            "power": {
                "dynamic": 7.32585e-09,
                "internal": 2.0366e-09,
                "leakage": 4.596e-12,
                "switching": 5.28925e-09,
                "total": 7.33045e-09
            }
        },
        "/flow_top/MM": {
            "energy": {
                "dynamic": 1.20350183506e-08,
                "internal": 1.11481625e-08,
                "leakage": 1.056998298e-09,
                "switching": 8.868558505999999e-10,
                "total": 1.309193994e-08
            },
            "power": {
                "dynamic": 0.00013022093,
                "internal": 0.000120625,
                "leakage": 1.14369e-05,
                "switching": 9.59593e-06,
                "total": 0.000141657
            }
        }
    }
}
