{"physical": {"/manic_top": {"energy": {"dynamic": 1.2527389728e-08, "internal": 9.52595424e-09, "leakage": 7.55470992e-10, "switching": 3.001435488e-09, "total": 1.328288784e-08}, "power": {"dynamic": 0.0002309622, "internal": 0.000175626, "leakage": 1.39283e-05, "switching": 5.53362e-05, "total": 0.000244891}}, "/manic_top/ARBITER": {"energy": {"dynamic": 5.732273040000001e-11, "internal": 2.392651152e-11, "leakage": 4.25705352e-14, "switching": 3.339621888e-11, "total": 5.73653088e-11}, "power": {"dynamic": 1.0568350000000001e-06, "internal": 4.41123e-07, "leakage": 7.84855e-10, "switching": 6.15712e-07, "total": 1.05762e-06}}, "/manic_top/I2C_DEVICE": {"energy": {"dynamic": 2.9386201440000003e-10, "internal": 2.2886784960000003e-10, "leakage": 3.355438272e-13, "switching": 6.49941648e-11, "total": 2.941972176e-10}, "power": {"dynamic": 5.41781e-06, "internal": 4.21954e-06, "leakage": 6.18628e-09, "switching": 1.19827e-06, "total": 5.42399e-06}}, "/manic_top/MEM": {"energy": {"dynamic": 6.1137125856e-09, "internal": 5.8283592e-09, "leakage": 6.1654608e-10, "switching": 2.8535338560000004e-10, "total": 6.730261920000001e-09}, "power": {"dynamic": 0.00011271593999999999, "internal": 0.000107455, "leakage": 1.1367e-05, "switching": 5.26094e-06, "total": 0.000124083}}, "/manic_top/MMIO": {"energy": {"dynamic": 2.522724096e-12, "internal": 1.224896496e-12, "leakage": 4.61598672e-15, "switching": 1.2978276000000002e-12, "total": 2.52733992e-12}, "power": {"dynamic": 4.65104e-08, "internal": 2.25829e-08, "leakage": 8.5103e-11, "switching": 2.39275e-08, "total": 4.65955e-08}}, "/manic_top/SCALAR": {"energy": {"dynamic": 3.527964864e-09, "internal": 1.854991728e-09, "leakage": 2.42325336e-12, "switching": 1.672973136e-09, "total": 3.5303893920000005e-09}, "power": {"dynamic": 6.50436e-05, "internal": 3.41997e-05, "leakage": 4.46765e-08, "switching": 3.08439e-05, "total": 6.50883e-05}}, "/manic_top/VCU": {"energy": {"dynamic": 2.177942112e-09, "internal": 1.578470784e-09, "leakage": 1.361066016e-10, "switching": 5.99471328e-10, "total": 2.3140465440000004e-09}, "power": {"dynamic": 4.01538e-05, "internal": 2.91016e-05, "leakage": 2.50934e-06, "switching": 1.10522e-05, "total": 4.26631e-05}}}, "perf": 2712}