{"physical": {"/snafu_top": {"energy": {"dynamic": 4.2451945758e-06, "internal": 3.2283002636999998e-06, "leakage": 1.1275849962e-07, "switching": 1.0168943121000001e-06, "total": 4.3579507149e-06}, "power": {"dynamic": 0.0007193659999999999, "internal": 0.000547049, "leakage": 1.91074e-05, "switching": 0.000172317, "total": 0.000738473}}, "/snafu_top/ALIGNER": {"energy": {"dynamic": 1.7682183216e-08, "internal": 1.1579825925000001e-08, "leakage": 1.3080467501999998e-11, "switching": 6.102357291e-09, "total": 1.7695284102e-08}, "power": {"dynamic": 2.99632e-06, "internal": 1.96225e-06, "leakage": 2.21654e-09, "switching": 1.03407e-06, "total": 2.99854e-06}}, "/snafu_top/CGRA": {"energy": {"dynamic": 3.1429497618e-06, "internal": 2.2405288671e-06, "leakage": 4.135158936e-08, "switching": 9.024208947e-07, "total": 3.1843001708999998e-06}, "power": {"dynamic": 0.000532586, "internal": 0.000379667, "leakage": 7.0072e-06, "switching": 0.000152919, "total": 0.000539593}}, "/snafu_top/CORE": {"energy": {"dynamic": 2.80878687891e-07, "internal": 2.2996834983e-07, "leakage": 3.868597215e-09, "switching": 5.0910338061e-08, "total": 2.8474716708e-07}, "power": {"dynamic": 4.759607e-05, "internal": 3.89691e-05, "leakage": 6.5555e-07, "switching": 8.62697e-06, "total": 4.82516e-05}}, "/snafu_top/INSN_DATA_CONFLICT": {"energy": {"dynamic": 2.7128158074e-10, "internal": 7.559742339e-11, "leakage": 2.87275284e-14, "switching": 1.9568415735e-10, "total": 2.7130990698e-10}, "power": {"dynamic": 4.5969799999999996e-08, "internal": 1.28103e-08, "leakage": 4.868e-12, "switching": 3.31595e-08, "total": 4.59746e-08}}, "/snafu_top/MM": {"energy": {"dynamic": 8.031877025759998e-07, "internal": 7.460187407999999e-07, "leakage": 6.751736343e-08, "switching": 5.7168961775999995e-08, "total": 8.707073085000001e-07}, "power": {"dynamic": 0.00013610351999999998, "internal": 0.000126416, "leakage": 1.14411e-05, "switching": 9.68752e-06, "total": 0.000147545}}}, "perf": 295065, "count": 49664}