{"physical": {"/panic_top": {"energy": {"dynamic": 4.98199410352e-06, "internal": 3.51672334512e-06, "leakage": 1.21550646928e-07, "switching": 1.4652707583999999e-06, "total": 5.10354720128e-06}, "power": {"dynamic": 0.000609833, "internal": 0.000430473, "leakage": 1.48787e-05, "switching": 0.00017936, "total": 0.000624712}}, "/panic_top/I2C_DEVICE": {"energy": {"dynamic": 9.866009662287999e-09, "internal": 9.4545746064e-09, "leakage": 5.54236867088e-11, "switching": 4.11435055888e-10, "total": 9.921458102399999e-09}, "power": {"dynamic": 1.2076727e-06, "internal": 1.15731e-06, "leakage": 6.78427e-09, "switching": 5.03627e-08, "total": 1.21446e-06}}, "/panic_top/MEM": {"energy": {"dynamic": 1.547531300592e-06, "internal": 1.36280964192e-06, "leakage": 9.3192069856e-08, "switching": 1.84721658672e-07, "total": 1.6407258212799999e-06}, "power": {"dynamic": 0.0001894293, "internal": 0.000166818, "leakage": 1.14074e-05, "switching": 2.26113e-05, "total": 0.000200837}}, "/panic_top/MMIO": {"energy": {"dynamic": 3.97538838448e-10, "internal": 1.97200478272e-10, "leakage": 6.606789516800001e-13, "switching": 2.0033836017599998e-10, "total": 3.98199746144e-10}, "power": {"dynamic": 4.86617e-08, "internal": 2.41388e-08, "leakage": 8.0872e-11, "switching": 2.45229e-08, "total": 4.87426e-08}}, "/panic_top/SCALAR": {"energy": {"dynamic": 7.95664242688e-07, "internal": 4.2309366371199997e-07, "leakage": 4.0218724980800004e-10, "switching": 3.72570578976e-07, "total": 7.96065362192e-07}, "power": {"dynamic": 9.73952e-05, "internal": 5.17898e-05, "leakage": 4.92307e-08, "switching": 4.56054e-05, "total": 9.74443e-05}}, "/panic_top/VCU": {"energy": {"dynamic": 2.62687526256e-06, "internal": 1.72039420016e-06, "leakage": 2.78981474336e-08, "switching": 9.064810623999999e-07, "total": 2.65477390016e-06}, "power": {"dynamic": 0.000321549, "internal": 0.000210589, "leakage": 3.41494e-06, "switching": 0.00011096, "total": 0.000324964}}}, "perf": 408472}