{"physical": {"/vector_top": {"energy": {"dynamic": 8.807026551256e-06, "internal": 7.90631526552e-06, "leakage": 3.7374703387999995e-07, "switching": 9.007112857359999e-07, "total": 9.18077799344e-06}, "power": {"dynamic": 0.0003995653, "internal": 0.000358701, "leakage": 1.69565e-05, "switching": 4.08643e-05, "total": 0.000416522}}, "/vector_top/ALIGNER": {"energy": {"dynamic": 5.994605744576e-08, "internal": 3.800310712319999e-08, "leakage": 4.08905462432e-11, "switching": 2.1942950322559997e-08, "total": 5.99868783408e-08}, "power": {"dynamic": 2.719688e-06, "internal": 1.72416e-06, "leakage": 1.85516e-09, "switching": 9.95528e-07, "total": 2.72154e-06}}, "/vector_top/CORE": {"energy": {"dynamic": 9.3046623566e-07, "internal": 7.53987499552e-07, "leakage": 1.432793578536e-08, "switching": 1.76478736108e-07, "total": 9.44794325736e-07}, "power": {"dynamic": 4.221425e-05, "internal": 3.42076e-05, "leakage": 6.50043e-07, "switching": 8.00665e-06, "total": 4.28643e-05}}, "/vector_top/INSN_DATA_CONFLICT": {"energy": {"dynamic": 8.916103421279999e-10, "internal": 2.62406499752e-10, "leakage": 1.0612991879999999e-13, "switching": 6.292038423759999e-10, "total": 8.91716141424e-10}, "power": {"dynamic": 4.04514e-08, "internal": 1.19051e-08, "leakage": 4.815e-12, "switching": 2.85463e-08, "total": 4.04562e-08}}, "/vector_top/MM": {"energy": {"dynamic": 2.9361674103400004e-06, "internal": 2.82338646288e-06, "leakage": 2.50684819416e-07, "switching": 1.1278094745999998e-07, "total": 3.18685112768e-06}, "power": {"dynamic": 0.00013321075000000002, "internal": 0.000128094, "leakage": 1.13733e-05, "switching": 5.11675e-06, "total": 0.000144584}}, "/vector_top/VECTOR": {"energy": {"dynamic": 4.7408862911279995e-06, "internal": 4.29009532824e-06, "leakage": 1.0869334757599999e-07, "switching": 4.50790962888e-07, "total": 4.84959727192e-06}, "power": {"dynamic": 0.0002150889, "internal": 0.000194637, "leakage": 4.9313e-06, "switching": 2.04519e-05, "total": 0.000220021}}}, "perf": 1102076, "count": 150062}