{"physical": {"/manic_top": {"energy": {"dynamic": 9.7093449684e-08, "internal": 7.878810456e-08, "leakage": 6.269676468e-09, "switching": 1.8305345123999997e-08, "total": 1.033633062e-07}, "power": {"dynamic": 0.0002157057, "internal": 0.000175038, "leakage": 1.39289e-05, "switching": 4.06677e-05, "total": 0.000229635}}, "/manic_top/ARBITER": {"energy": {"dynamic": 7.214082242399999e-10, "internal": 2.7733738691999997e-10, "leakage": 3.5167605528e-13, "switching": 4.4407083731999997e-10, "total": 7.217584176e-10}, "power": {"dynamic": 1.602702e-06, "internal": 6.16141e-07, "leakage": 7.81294e-10, "switching": 9.86561e-07, "total": 1.60348e-06}}, "/manic_top/I2C_DEVICE": {"energy": {"dynamic": 7.7437834584e-10, "internal": 6.682526532e-10, "leakage": 2.7759710615999998e-12, "switching": 1.0612569264e-10, "total": 7.77154686e-10}, "power": {"dynamic": 1.720382e-06, "internal": 1.48461e-06, "leakage": 6.16718e-09, "switching": 2.35772e-07, "total": 1.72655e-06}}, "/manic_top/MEM": {"energy": {"dynamic": 4.049973154919999e-08, "internal": 3.90681654e-08, "leakage": 5.116559052e-09, "switching": 1.4315661492e-09, "total": 4.5616511159999995e-08}, "power": {"dynamic": 8.997540999999999e-05, "internal": 8.6795e-05, "leakage": 1.13671e-05, "switching": 3.18041e-06, "total": 0.000101343}}, "/manic_top/MMIO": {"energy": {"dynamic": 7.454882938799999e-12, "internal": 3.5792372088e-12, "leakage": 4.0216871639999993e-14, "switching": 3.87564573e-12, "total": 7.495083156e-12}, "power": {"dynamic": 1.656199e-08, "internal": 7.95174e-09, "leakage": 8.9347e-11, "switching": 8.61025e-09, "total": 1.66513e-08}}, "/manic_top/SCALAR": {"energy": {"dynamic": 1.2677044644e-08, "internal": 6.981361199999999e-09, "leakage": 2.0349475079999998e-11, "switching": 5.695683444e-09, "total": 1.2697390068e-08}, "power": {"dynamic": 2.81637e-05, "internal": 1.551e-05, "leakage": 4.5209e-08, "switching": 1.26537e-05, "total": 2.82089e-05}}, "/manic_top/VCU": {"energy": {"dynamic": 3.9518015327999994e-08, "internal": 3.17312094e-08, "leakage": 1.1294906172000001e-09, "switching": 7.786805927999999e-09, "total": 4.0647501444e-08}, "power": {"dynamic": 8.77944e-05, "internal": 7.0495e-05, "leakage": 2.50931e-06, "switching": 1.72994e-05, "total": 9.03037e-05}}}, "perf": 22506}