{"physical": {"/panic_top": {"energy": {"dynamic": 4.111550912e-07, "internal": 2.986484928e-07, "leakage": 1.1283789439999999e-08, "switching": 1.1250659840000001e-07, "total": 4.2243819519999997e-07}, "power": {"dynamic": 0.000539857, "internal": 0.000392133, "leakage": 1.48159e-05, "switching": 0.000147724, "total": 0.000554672}}, "/panic_top/I2C_DEVICE": {"energy": {"dynamic": 1.316600768e-09, "internal": 1.16520992e-09, "leakage": 5.170205376e-12, "switching": 1.51390848e-10, "total": 1.321772032e-09}, "power": {"dynamic": 1.72873e-06, "internal": 1.52995e-06, "leakage": 6.78861e-09, "switching": 1.9878e-07, "total": 1.73552e-06}}, "/panic_top/MEM": {"energy": {"dynamic": 1.7540866559999998e-07, "internal": 1.5297192959999998e-07, "leakage": 8.6890944e-09, "switching": 2.2436736e-08, "total": 1.8409776e-07}, "power": {"dynamic": 0.000230316, "internal": 0.000200856, "leakage": 1.1409e-05, "switching": 2.946e-05, "total": 0.000241725}}, "/panic_top/MMIO": {"energy": {"dynamic": 5.3492194559999996e-11, "internal": 2.650695488e-11, "leakage": 6.059289599999999e-14, "switching": 2.6985239679999998e-11, "total": 5.355274176e-11}, "power": {"dynamic": 7.02366e-08, "internal": 3.48043e-08, "leakage": 7.956e-11, "switching": 3.54323e-08, "total": 7.03161e-08}}, "/panic_top/SCALAR": {"energy": {"dynamic": 9.796773056e-08, "internal": 5.2404477439999993e-08, "leakage": 3.74790976e-11, "switching": 4.556325312e-08, "total": 9.800497279999999e-08}, "power": {"dynamic": 0.0001286341, "internal": 6.88084e-05, "leakage": 4.9211e-08, "switching": 5.98257e-05, "total": 0.000128683}}, "/panic_top/VCU": {"energy": {"dynamic": 1.362079712e-07, "internal": 9.19875712e-08, "leakage": 2.55177888e-09, "switching": 4.42204e-08, "total": 1.38759712e-07}, "power": {"dynamic": 0.0001788445, "internal": 0.000120782, "leakage": 3.35055e-06, "switching": 5.80625e-05, "total": 0.000182195}}}, "perf": 38080}