{"physical": {"/panic_top": {"energy": {"dynamic": 5.3264908092e-07, "internal": 3.9029634528e-07, "leakage": 1.3982554056e-08, "switching": 1.4235273564e-07, "total": 5.4663125736e-07}, "power": {"dynamic": 0.000564223, "internal": 0.000413432, "leakage": 1.48114e-05, "switching": 0.000150791, "total": 0.000579034}}, "/panic_top/I2C_DEVICE": {"energy": {"dynamic": 1.6875932811600001e-09, "internal": 1.4913377496000001e-09, "leakage": 6.3937657908000004e-12, "switching": 1.9625553156e-10, "total": 1.693985376e-09}, "power": {"dynamic": 1.787629e-06, "internal": 1.57974e-06, "leakage": 6.77277e-09, "switching": 2.07889e-07, "total": 1.7944e-06}}, "/panic_top/MEM": {"energy": {"dynamic": 2.5322305893599996e-07, "internal": 2.2033610388e-07, "leakage": 1.0770741168000001e-08, "switching": 3.2886955056e-08, "total": 2.6399323368e-07}, "power": {"dynamic": 0.00026823339999999997, "internal": 0.000233397, "leakage": 1.14092e-05, "switching": 3.48364e-05, "total": 0.000279642}}, "/panic_top/MMIO": {"energy": {"dynamic": 1.32967278768e-10, "internal": 6.772099261200001e-11, "leakage": 6.066401040000001e-14, "switching": 6.5246286156e-11, "total": 1.3302750852000002e-10}, "power": {"dynamic": 1.408492e-07, "internal": 7.17353e-08, "leakage": 6.426e-11, "switching": 6.91139e-08, "total": 1.40913e-07}}, "/panic_top/SCALAR": {"energy": {"dynamic": 1.7566583035200002e-07, "internal": 9.3315899496e-08, "leakage": 4.7335204044e-11, "switching": 8.234993085600001e-08, "total": 1.7571322116e-07}, "power": {"dynamic": 0.0001860788, "internal": 9.88474e-05, "leakage": 5.01411e-08, "switching": 8.72314e-05, "total": 0.000186129}}, "/panic_top/VCU": {"energy": {"dynamic": 1.01614294308e-07, "internal": 7.493393023200001e-08, "leakage": 3.1578515616000003e-09, "switching": 2.6680364076000003e-08, "total": 1.0477239132e-07}, "power": {"dynamic": 0.00010763770000000001, "internal": 7.93758e-05, "leakage": 3.34504e-06, "switching": 2.82619e-05, "total": 0.000110983}}}, "perf": 47202}