{"physical": {"/dmm_design_top": {"energy": {"dynamic": 1.943892003534e-06, "internal": 1.6797777032400001e-06, "leakage": 6.4157106156e-08, "switching": 2.64114300294e-07, "total": 2.00804641596e-06}, "power": {"dynamic": 0.0003608179, "internal": 0.000311794, "leakage": 1.19086e-05, "switching": 4.90239e-05, "total": 0.000372726}}, "/dmm_design_top/DMM": {"energy": {"dynamic": 5.97536118504e-07, "internal": 4.2873352805400003e-07, "leakage": 2.58617474856e-09, "switching": 1.6880259045e-07, "total": 6.0011994432e-07}, "power": {"dynamic": 0.0001109124, "internal": 7.95799e-05, "leakage": 4.80036e-07, "switching": 3.13325e-05, "total": 0.000111392}}, "/dmm_design_top/I2C_DEVICE": {"energy": {"dynamic": 5.1625777221720005e-09, "internal": 5.05285024686e-09, "leakage": 3.23022404172e-11, "switching": 1.09727475312e-10, "total": 5.19487985484e-09}, "power": {"dynamic": 9.582582e-07, "internal": 9.37891e-07, "leakage": 5.99582e-09, "switching": 2.03672e-08, "total": 9.64254e-07}}, "/dmm_design_top/MEM": {"energy": {"dynamic": 1.30892650668e-06, "internal": 1.2400693804200001e-06, "leakage": 6.1284512484e-08, "switching": 6.885712626e-08, "total": 1.37021425164e-06}, "power": {"dynamic": 0.00024295800000000001, "internal": 0.000230177, "leakage": 1.13754e-05, "switching": 1.2781e-05, "total": 0.000254334}}, "/dmm_design_top/MMIO": {"energy": {"dynamic": 1.59489288348e-12, "internal": 6.815998893600001e-13, "leakage": 3.4633825356e-13, "switching": 9.132929941199999e-13, "total": 1.94123113704e-12}, "power": {"dynamic": 2.9603800000000003e-10, "internal": 1.26516e-10, "leakage": 6.4286e-11, "switching": 1.69522e-10, "total": 3.60324e-10}}, "/dmm_design_top/SCALAR": {"energy": {"dynamic": 6.757911299880001e-09, "internal": 5.9042790378e-09, "leakage": 2.5287121002e-10, "switching": 8.5363226208e-10, "total": 7.0107555726e-09}, "power": {"dynamic": 1.254378e-06, "internal": 1.09593e-06, "leakage": 4.6937e-08, "switching": 1.58448e-07, "total": 1.30131e-06}}}, "perf": 269373}