{"physical": {"/scalar_top": {"energy": {"dynamic": 2.7207099023599998e-06, "internal": 2.05852910322e-06, "leakage": 6.5066748594e-08, "switching": 6.621807991399999e-07, "total": 2.7857772209199998e-06}, "power": {"dynamic": 0.000477346, "internal": 0.000361167, "leakage": 1.14159e-05, "switching": 0.000116179, "total": 0.000488762}}, "/scalar_top/I2C_DEVICE": {"energy": {"dynamic": 7.49811931708e-09, "internal": 6.666436329199999e-09, "leakage": 3.44034897396e-11, "switching": 8.316829878799999e-10, "total": 7.5324996662e-09}, "power": {"dynamic": 1.315538e-06, "internal": 1.16962e-06, "leakage": 6.03606e-09, "switching": 1.45918e-07, "total": 1.32157e-06}}, "/scalar_top/MEM": {"energy": {"dynamic": 1.5410609615819998e-06, "internal": 1.465952552e-06, "leakage": 6.4767516444e-08, "switching": 7.510840958199999e-08, "total": 1.60582790806e-06}, "power": {"dynamic": 0.0002703777, "internal": 0.0002572, "leakage": 1.13634e-05, "switching": 1.31777e-05, "total": 0.000281741}}, "/scalar_top/MMIO": {"energy": {"dynamic": 1.14194967964e-09, "internal": 5.7500449944e-10, "leakage": 3.5564738467999994e-13, "switching": 5.669451802e-10, "total": 1.1423087582199998e-09}, "power": {"dynamic": 2.0035400000000002e-07, "internal": 1.00884e-07, "leakage": 6.2398e-11, "switching": 9.947e-08, "total": 2.00417e-07}}, "/scalar_top/SCALAR": {"energy": {"dynamic": 1.149070264878e-06, "internal": 5.828472316e-07, "leakage": 2.59744335554e-10, "switching": 5.662230332779999e-07, "total": 1.14933073934e-06}, "power": {"dynamic": 0.0002016033, "internal": 0.00010226, "leakage": 4.55719e-08, "switching": 9.93433e-05, "total": 0.000201649}}}, "perf": 284983}