{"physical": {"/panic_top": {"energy": {"dynamic": 4.124185855999999e-07, "internal": 2.9834994559999995e-07, "leakage": 1.134738304e-08, "switching": 1.1406863999999999e-07, "total": 4.23765664e-07}, "power": {"dynamic": 0.0005415159999999999, "internal": 0.000391741, "leakage": 1.48994e-05, "switching": 0.000149775, "total": 0.000556415}}, "/panic_top/I2C_DEVICE": {"energy": {"dynamic": 1.3206395328e-09, "internal": 1.168317248e-09, "leakage": 5.195589504e-12, "switching": 1.523222848e-10, "total": 1.32583136e-09}, "power": {"dynamic": 1.7340330000000001e-06, "internal": 1.53403e-06, "leakage": 6.82194e-09, "switching": 2.00003e-07, "total": 1.74085e-06}}, "/panic_top/MEM": {"energy": {"dynamic": 1.7380313664e-07, "internal": 1.510877312e-07, "leakage": 8.690693759999999e-09, "switching": 2.2715405439999998e-08, "total": 1.824938304e-07}, "power": {"dynamic": 0.0002282079, "internal": 0.000198382, "leakage": 1.14111e-05, "switching": 2.98259e-05, "total": 0.000239619}}, "/panic_top/MMIO": {"energy": {"dynamic": 5.348168447999999e-11, "internal": 2.649674944e-11, "leakage": 6.059289599999999e-14, "switching": 2.6984935039999998e-11, "total": 5.354223168e-11}, "power": {"dynamic": 7.02228e-08, "internal": 3.47909e-08, "leakage": 7.956e-11, "switching": 3.54319e-08, "total": 7.03023e-08}}, "/panic_top/SCALAR": {"energy": {"dynamic": 9.767695168e-08, "internal": 5.248711104e-08, "leakage": 3.721855424e-11, "switching": 4.518984064e-08, "total": 9.771404159999998e-08}, "power": {"dynamic": 0.0001282523, "internal": 6.89169e-05, "leakage": 4.88689e-08, "switching": 5.93354e-05, "total": 0.000128301}}, "/panic_top/VCU": {"energy": {"dynamic": 1.3936655488e-07, "internal": 9.348944640000001e-08, "leakage": 2.6140929919999998e-09, "switching": 4.587710848e-08, "total": 1.4198051839999998e-07}, "power": {"dynamic": 0.00018299180000000003, "internal": 0.000122754, "leakage": 3.43237e-06, "switching": 6.02378e-05, "total": 0.000186424}}}, "perf": 38080}