{"physical": {"/panic_top": {"energy": {"dynamic": 5.9090641199999994e-08, "internal": 4.3571337119999996e-08, "leakage": 1.8510487919999998e-09, "switching": 1.5519304079999998e-08, "total": 6.094172736e-08}, "power": {"dynamic": 0.000474395, "internal": 0.000349802, "leakage": 1.48607e-05, "switching": 0.000124593, "total": 0.000489256}}, "/panic_top/I2C_DEVICE": {"energy": {"dynamic": 4.674660818399999e-10, "internal": 3.7478360159999993e-10, "leakage": 8.503935407999999e-13, "switching": 9.268248023999999e-11, "total": 4.683157056e-10}, "power": {"dynamic": 3.7529389999999997e-06, "internal": 3.00886e-06, "leakage": 6.82718e-09, "switching": 7.44079e-07, "total": 3.75976e-06}}, "/panic_top/MEM": {"energy": {"dynamic": 2.4470223047999996e-08, "internal": 2.1497187599999997e-08, "leakage": 1.4209306559999998e-09, "switching": 2.973035448e-09, "total": 2.5891166159999997e-08}, "power": {"dynamic": 0.0001964533, "internal": 0.000172585, "leakage": 1.14076e-05, "switching": 2.38683e-05, "total": 0.000207861}}, "/panic_top/MMIO": {"energy": {"dynamic": 5.0953385519999995e-12, "internal": 2.471170752e-12, "leakage": 1.0563186239999999e-14, "switching": 2.6241677999999997e-12, "total": 5.105901239999999e-12}, "power": {"dynamic": 4.09067e-08, "internal": 1.98392e-08, "leakage": 8.4804e-11, "switching": 2.10675e-08, "total": 4.09915e-08}}, "/panic_top/SCALAR": {"energy": {"dynamic": 7.358394455999998e-09, "internal": 3.9554526239999995e-09, "leakage": 6.097486031999999e-12, "switching": 3.4029418319999994e-09, "total": 7.364497895999999e-09}, "power": {"dynamic": 5.907509999999999e-05, "internal": 3.17554e-05, "leakage": 4.89522e-08, "switching": 2.73197e-05, "total": 5.91241e-05}}, "/panic_top/VCU": {"energy": {"dynamic": 2.6777597399999997e-08, "internal": 1.773597384e-08, "leakage": 4.2313281119999993e-10, "switching": 9.041623559999999e-09, "total": 2.7200665439999995e-08}, "power": {"dynamic": 0.0002149775, "internal": 0.000142389, "leakage": 3.39702e-06, "switching": 7.25885e-05, "total": 0.000218374}}}, "perf": 6228}