{"physical": {"/panic_top": {"energy": {"dynamic": 4.5363644808e-07, "internal": 3.4110027342e-07, "leakage": 1.3682188134000002e-08, "switching": 1.1253617466e-07, "total": 4.6731799164e-07}, "power": {"dynamic": 0.000492644, "internal": 0.000370431, "leakage": 1.48587e-05, "switching": 0.000122213, "total": 0.000507502}}, "/panic_top/I2C_DEVICE": {"energy": {"dynamic": 1.3222468749000002e-09, "internal": 1.1885668314e-09, "leakage": 6.2622389904e-12, "switching": 1.336800435e-10, "total": 1.3285038468e-09}, "power": {"dynamic": 1.435945e-06, "internal": 1.29077e-06, "leakage": 6.80072e-09, "switching": 1.45175e-07, "total": 1.44274e-06}}, "/panic_top/MEM": {"energy": {"dynamic": 2.19057460998e-07, "internal": 1.9145044866000002e-07, "leakage": 1.0504069986e-08, "switching": 2.7607012338e-08, "total": 2.2956134682e-07}, "power": {"dynamic": 0.0002378939, "internal": 0.000207913, "leakage": 1.14073e-05, "switching": 2.99809e-05, "total": 0.000249301}}, "/panic_top/MMIO": {"energy": {"dynamic": 3.1556869728e-11, "internal": 1.5348135677999998e-11, "leakage": 8.007726966e-14, "switching": 1.6208734050000002e-11, "total": 3.1636981068000006e-11}, "power": {"dynamic": 3.42704e-08, "internal": 1.66679e-08, "leakage": 8.6963e-11, "switching": 1.76025e-08, "total": 3.43574e-08}}, "/panic_top/SCALAR": {"energy": {"dynamic": 5.220579781800001e-08, "internal": 2.7765761706e-08, "leakage": 4.512984861e-11, "switching": 2.4440036112e-08, "total": 5.2250917998e-08}, "power": {"dynamic": 5.6694900000000005e-05, "internal": 3.01533e-05, "leakage": 4.90105e-08, "switching": 2.65416e-05, "total": 5.67439e-05}}, "/panic_top/VCU": {"energy": {"dynamic": 1.8096636046800004e-07, "internal": 1.2065596542000001e-07, "leakage": 3.1264509378e-09, "switching": 6.0310395048e-08, "total": 1.8409309686e-07}, "power": {"dynamic": 0.00019652740000000003, "internal": 0.000131031, "leakage": 3.39529e-06, "switching": 6.54964e-05, "total": 0.000199923}}}, "perf": 46041}