{"main": {"read_latency": 0, "destiny": {"leakage_power": 0.0377025, "read_dynamic_energy": 0.040280500000000004, "read_latency": 1.29522, "write_latency": 10.3834, "write_dynamic_energy": 0.0667687}, "write_latency": 0, "line_size": 4, "type": "main_mem", "size": 64}, "icache": {"line_size": 4, "destiny": {"leakage_power": 0.000295922, "hit_dynamic_energy": 0.00356465, "read_latency": 0.243833, "write_dynamic_energy": 0.00285388, "miss_dynamic_energy": 0.00356465}, "write_latency": 0, "invalid_latency": 1, "read_latency": 0, "sets": 2, "type": "cache", "children": ["main"], "size": 128}, "power": {"avg": {"total": 806123.5110828935, "compute": 265786.84, "vrf": 0.0, "memory": {"total": 540336.6710828935, "parts": {"icache": {"read": 351926.9771444567, "write": 0.0, "leakage": 295.922}, "main": {"read": 39888.162470303236, "write": 6419.827498837781, "leakage": 37702.5}, "dcache": {"read": 100727.14622894335, "write": 3002.335740352459, "leakage": 373.79999999999995}}}}, "dynamic": 265443.657, "leakage": 343.183}, "insns": 3563319, "energy": {"total": 35824.822098743316, "compute": 11811.795746282402, "vrf": 0, "memory": {"total": 24013.026352460918, "parts": {"main": {"read": 1772.6642440000003, "write": 285.3026551, "leakage": 1675.53152415}, "icache": {"read": 15639.9375215, "write": 0.0, "leakage": 13.15102817292}, "dcache": {"read": 4476.401003759999, "write": 133.42638230999998, "leakage": 16.611993467999998}}}}, "frequency": 100000000.0, "dcache": {"line_size": 4, "destiny": {"leakage_power": 0.0003738, "hit_dynamic_energy": 0.00790113, "read_latency": 0.304819, "write_dynamic_energy": 0.00609866, "miss_dynamic_energy": 0.00790113}, "write_latency": 0, "invalid_latency": 1, "read_latency": 0, "sets": 8, "type": "cache", "children": ["main"], "size": 256}, "vrf": {"destiny": {"leakage_power": 0.00233276, "read_dynamic_energy": 0.00473775, "read_latency": 0.0549339, "write_dynamic_energy": 0.00455963}}, "cycles": 4444086}