{
    "cycles": 184245,
    "dcache": {
        "children": [
            "main"
        ],
        "destiny": {
            "hit_dynamic_energy": 0.00790113,
            "leakage_power": 0.0003738,
            "miss_dynamic_energy": 0.00790113,
            "read_latency": 0.304819,
            "write_dynamic_energy": 0.00609866
        },
        "invalid_latency": 1,
        "line_size": 4,
        "read_latency": 0,
        "sets": 8,
        "size": 256,
        "type": "cache",
        "write_latency": 0
    },
    "energy": {
        "compute": 474.7387999836,
        "memory": {
            "parts": {
                "dcache": {
                    "leakage": 0.6887078099999998,
                    "read": 404.22181079999996,
                    "write": 124.53761105999999
                },
                "icache": {
                    "leakage": 0.5452214889000001,
                    "read": 587.99971145,
                    "write": 0.0
                },
                "main": {
                    "leakage": 69.464971125,
                    "read": 435.43220500000007,
                    "write": 1052.4082494
                }
            },
            "total": 1673.7012194339
        },
        "total": 3150.0372881175,
        "vrf": 0
    },
    "frequency": 100000000.0,
    "icache": {
        "children": [
            "main"
        ],
        "destiny": {
            "hit_dynamic_energy": 0.00356465,
            "leakage_power": 0.000295922,
            "miss_dynamic_energy": 0.00356465,
            "read_latency": 0.243833,
            "write_dynamic_energy": 0.00285388
        },
        "invalid_latency": 1,
        "line_size": 4,
        "read_latency": 0,
        "sets": 2,
        "size": 128,
        "type": "cache",
        "write_latency": 0
    },
    "main": {
        "destiny": {
            "leakage_power": 0.0377025,
            "read_dynamic_energy": 0.040280500000000004,
            "read_latency": 1.29522,
            "write_dynamic_energy": 0.0667687,
            "write_latency": 10.3834
        },
        "line_size": 4,
        "read_latency": 0,
        "size": 64,
        "type": "main_mem",
        "write_latency": 0
    },
    "power": {
        "avg": {
            "compute": 257667.128,
            "memory": {
                "parts": {
                    "dcache": {
                        "leakage": 373.7999999999999,
                        "read": 219393.63933892368,
                        "write": 67593.48208092485
                    },
                    "icache": {
                        "leakage": 295.922,
                        "read": 319140.11856495426,
                        "write": 0.0
                    },
                    "main": {
                        "leakage": 37702.5,
                        "read": 236333.2546337757,
                        "write": 27577.94279356292
                    }
                },
                "total": 908410.6594121414
            },
            "total": 1166077.7874121414,
            "vrf": 0.0
        },
        "dynamic": 257324.339,
        "leakage": 342.789
    },
    "vrf": {
        "destiny": {
            "leakage_power": 0.00233276,
            "read_dynamic_energy": 0.00473775,
            "read_latency": 0.0549339,
            "write_dynamic_energy": 0.00455963
        }
    }
}
