{"physical": {"/manic_top": {"energy": {"dynamic": 1.8571502381520002e-06, "internal": 1.49092452828e-06, "leakage": 1.25367165924e-07, "switching": 3.6622570987199995e-07, "total": 1.98251830392e-06}, "power": {"dynamic": 0.0002063858, "internal": 0.000165687, "leakage": 1.39321e-05, "switching": 4.06988e-05, "total": 0.000220318}}, "/manic_top/ARBITER": {"energy": {"dynamic": 1.0759524692400001e-08, "internal": 4.5607243373999995e-09, "leakage": 7.05294127824e-12, "switching": 6.1988003550000006e-09, "total": 1.07665434756e-08}, "power": {"dynamic": 1.1957100000000001e-06, "internal": 5.06835e-07, "leakage": 7.83796e-10, "switching": 6.88875e-07, "total": 1.19649e-06}}, "/manic_top/I2C_DEVICE": {"energy": {"dynamic": 8.032895690028e-09, "internal": 7.814335280399999e-09, "leakage": 5.5204979478e-11, "switching": 2.18560409628e-10, "total": 8.08810381896e-09}, "power": {"dynamic": 8.926987e-07, "internal": 8.6841e-07, "leakage": 6.13495e-09, "switching": 2.42887e-08, "total": 8.98834e-07}}, "/manic_top/MEM": {"energy": {"dynamic": 5.05258356702e-07, "internal": 4.88423625228e-07, "leakage": 1.0228616732399999e-07, "switching": 1.6834731474e-08, "total": 6.07544973948e-07}, "power": {"dynamic": 5.614955e-05, "internal": 5.42787e-05, "leakage": 1.13671e-05, "switching": 1.87085e-06, "total": 6.75167e-05}}, "/manic_top/MMIO": {"energy": {"dynamic": 1.179234763872e-10, "internal": 5.79495936624e-11, "leakage": 6.9435562416e-13, "switching": 5.99738827248e-11, "total": 1.1861743608e-10}, "power": {"dynamic": 1.3104879999999999e-08, "internal": 6.43996e-09, "leakage": 7.7164e-11, "switching": 6.66492e-09, "total": 1.3182e-08}}, "/manic_top/SCALAR": {"energy": {"dynamic": 1.4845032414960001e-07, "internal": 8.499620477040001e-08, "leakage": 4.11032542008e-10, "switching": 6.34541193792e-08, "total": 1.4886119292e-07}, "power": {"dynamic": 1.649734e-05, "internal": 9.44566e-06, "leakage": 4.56782e-08, "switching": 7.05168e-06, "total": 1.6543e-05}}, "/manic_top/VCU": {"energy": {"dynamic": 1.1270807054759999e-06, "internal": 9.044242059599999e-07, "leakage": 2.26044412176e-08, "switching": 2.22656499516e-07, "total": 1.1496856866e-06}, "power": {"dynamic": 0.0001252529, "internal": 0.000100509, "leakage": 2.51204e-06, "switching": 2.47439e-05, "total": 0.000127765}}}, "perf": 449922}