{"physical": {"/panic_top": {"energy": {"dynamic": 3.146561324e-08, "internal": 2.2038696639999998e-08, "leakage": 7.06355212e-10, "switching": 9.4269166e-09, "total": 3.21719732e-08}, "power": {"dynamic": 0.000662713, "internal": 0.000464168, "leakage": 1.48769e-05, "switching": 0.000198545, "total": 0.00067759}}, "/panic_top/I2C_DEVICE": {"energy": {"dynamic": 2.9253235160000005e-10, "internal": 2.2809012160000003e-10, "leakage": 3.255637128e-13, "switching": 6.444223e-11, "total": 2.928575896e-10}, "power": {"dynamic": 6.161170000000001e-06, "internal": 4.80392e-06, "leakage": 6.85686e-09, "switching": 1.35725e-06, "total": 6.16802e-06}}, "/panic_top/MEM": {"energy": {"dynamic": 1.0801851936e-08, "internal": 9.58151148e-09, "leakage": 5.41642344e-10, "switching": 1.220340456e-09, "total": 1.134349428e-08}, "power": {"dynamic": 0.00022750319999999998, "internal": 0.000201801, "leakage": 1.14078e-05, "switching": 2.57022e-05, "total": 0.000238911}}, "/panic_top/MMIO": {"energy": {"dynamic": 1.950226756e-12, "internal": 9.46936372e-13, "leakage": 4.00118708e-15, "switching": 1.003290384e-12, "total": 1.95422932e-12}, "power": {"dynamic": 4.10747e-08, "internal": 1.99439e-08, "leakage": 8.4271e-11, "switching": 2.11308e-08, "total": 4.1159e-08}}, "/panic_top/SCALAR": {"energy": {"dynamic": 2.704356344e-09, "internal": 1.482714936e-09, "leakage": 2.320328608e-12, "switching": 1.221641408e-09, "total": 2.7066781159999997e-09}, "power": {"dynamic": 5.69578e-05, "internal": 3.12282e-05, "leakage": 4.88696e-08, "switching": 2.57296e-05, "total": 5.70067e-05}}, "/panic_top/VCU": {"energy": {"dynamic": 1.765933136e-08, "internal": 1.074287228e-08, "leakage": 1.6205161399999999e-10, "switching": 6.91645908e-09, "total": 1.7821428079999997e-08}, "power": {"dynamic": 0.000371932, "internal": 0.000226261, "leakage": 3.41305e-06, "switching": 0.000145671, "total": 0.000375346}}}, "perf": 2374}