{"physical": {"/manic_top": {"energy": {"dynamic": 1.3170837888000002e-08, "internal": 1.0014142320000002e-08, "leakage": 8.47397772e-10, "switching": 3.156695568e-09, "total": 1.401826608e-08}, "power": {"dynamic": 0.00021648320000000002, "internal": 0.000164598, "leakage": 1.39283e-05, "switching": 5.18852e-05, "total": 0.000230412}}, "/manic_top/ARBITER": {"energy": {"dynamic": 6.325510463999999e-11, "internal": 2.66972004e-11, "leakage": 4.774771872e-14, "switching": 3.655790424e-11, "total": 6.330280319999999e-11}, "power": {"dynamic": 1.0396959999999999e-06, "internal": 4.3881e-07, "leakage": 7.84808e-10, "switching": 6.00886e-07, "total": 1.04048e-06}}, "/manic_top/I2C_DEVICE": {"energy": {"dynamic": 3.1138702920000003e-10, "internal": 2.4330524400000003e-10, "leakage": 3.763598904e-13, "switching": 6.80817852e-11, "total": 3.117630204e-10}, "power": {"dynamic": 5.118130000000001e-06, "internal": 3.9991e-06, "leakage": 6.18606e-09, "switching": 1.11903e-06, "total": 5.12431e-06}}, "/manic_top/MEM": {"energy": {"dynamic": 6.5138899644e-09, "internal": 6.21212904e-09, "leakage": 6.91574364e-10, "switching": 3.017609244e-10, "total": 7.20546372e-09}, "power": {"dynamic": 0.00010706591, "internal": 0.000102106, "leakage": 1.13671e-05, "switching": 4.95991e-06, "total": 0.000118433}}, "/manic_top/MMIO": {"energy": {"dynamic": 2.5012236600000003e-12, "internal": 1.20794778e-12, "leakage": 5.2010290799999994e-15, "switching": 1.29327588e-12, "total": 2.50642548e-12}, "power": {"dynamic": 4.1111500000000004e-08, "internal": 1.98545e-08, "leakage": 8.5487e-11, "switching": 2.1257e-08, "total": 4.1197e-08}}, "/manic_top/SCALAR": {"energy": {"dynamic": 3.5595963e-09, "internal": 1.908021492e-09, "leakage": 2.71124334e-12, "switching": 1.6515748080000002e-09, "total": 3.562309764e-09}, "power": {"dynamic": 5.85075e-05, "internal": 3.13613e-05, "leakage": 4.45635e-08, "switching": 2.71462e-05, "total": 5.85521e-05}}, "/manic_top/VCU": {"energy": {"dynamic": 2.324702484e-09, "internal": 1.6123573440000001e-09, "leakage": 1.526670288e-10, "switching": 7.1234514e-10, "total": 2.477368296e-09}, "power": {"dynamic": 3.82101e-05, "internal": 2.65016e-05, "leakage": 2.50932e-06, "switching": 1.17085e-05, "total": 4.07194e-05}}}, "perf": 3042}