{"main": {"read_latency": 1, "destiny": {"leakage_power": 0.0377025, "read_dynamic_energy": 0.040280500000000004, "read_latency": 1.29522, "write_latency": 10.3834, "write_dynamic_energy": 0.0667687}, "write_latency": 1, "line_size": 4, "type": "main_mem", "size": 64}, "icache": {"line_size": 4, "destiny": {"leakage_power": 0.000295922, "hit_dynamic_energy": 0.00356465, "read_latency": 0.243833, "write_dynamic_energy": 0.00285388, "miss_dynamic_energy": 0.00356465}, "write_latency": 0, "invalid_latency": 0, "read_latency": 0, "sets": 2, "type": "cache", "children": ["main"], "size": 128}, "power": {"avg": {"total": 737974.3639100919, "compute": 219466.319, "vrf": 25517.964836851832, "memory": {"total": 492990.08007324004, "parts": {"main": {"read": 66250.45671551178, "write": 5159.156663079173, "leakage": 37702.5}, "icache": {"read": 141161.59588266138, "write": 0.0, "leakage": 295.922}, "dcache": {"read": 216688.55021111018, "write": 25358.098600877558, "leakage": 373.79999999999995}}}}, "dynamic": 218705.865, "leakage": 760.454}, "energy": {"total": 267.4197702501, "compute": 79.52801001603, "vrf": 9.246944917929998, "memory": {"total": 178.64481531613998, "parts": {"icache": {"read": 51.1527275, "write": 0.0, "leakage": 0.10723325514000001}, "main": {"read": 24.007178000000003, "write": 1.8695236, "leakage": 13.662254925}, "dcache": {"read": 78.52142993999999, "write": 9.18901419, "leakage": 0.13545390599999999}}}}, "frequency": 100000000.0, "dcache": {"line_size": 4, "destiny": {"leakage_power": 0.0003738, "hit_dynamic_energy": 0.00790113, "read_latency": 0.304819, "write_dynamic_energy": 0.00609866, "miss_dynamic_energy": 0.00790113}, "write_latency": 0, "invalid_latency": 0, "read_latency": 0, "sets": 8, "type": "cache", "children": ["main"], "size": 256}, "vrf": {"destiny": {"leakage_power": 0.000583189, "read_dynamic_energy": 0.00224385, "read_latency": 0.051956800000000004, "write_dynamic_energy": 0.0020657199999999996}}, "cycles": 36237}