{"physical": {"/manic_top": {"energy": {"dynamic": 1.818733450512e-06, "internal": 1.37936604696e-06, "leakage": 1.07044208436e-07, "switching": 4.39367403552e-07, "total": 1.92577842732e-06}, "power": {"dynamic": 0.0002366996, "internal": 0.000179518, "leakage": 1.39313e-05, "switching": 5.71816e-05, "total": 0.000250631}}, "/manic_top/ARBITER": {"energy": {"dynamic": 5.25422762436e-09, "internal": 2.5396231344e-09, "leakage": 5.99946394344e-12, "switching": 2.7146044899599997e-09, "total": 5.26022860968e-09}, "power": {"dynamic": 6.838130000000001e-07, "internal": 3.3052e-07, "leakage": 7.80802e-10, "switching": 3.53293e-07, "total": 6.84594e-07}}, "/manic_top/I2C_DEVICE": {"energy": {"dynamic": 7.507543057608e-09, "internal": 7.0898452812e-09, "leakage": 4.7260256604e-11, "switching": 4.17697776408e-10, "total": 7.554802545839999e-09}, "power": {"dynamic": 9.770714e-07, "internal": 9.2271e-07, "leakage": 6.1507e-09, "switching": 5.43614e-08, "total": 9.83222e-07}}, "/manic_top/MEM": {"energy": {"dynamic": 6.288701447027999e-07, "internal": 5.962351575839999e-07, "leakage": 8.7342381984e-08, "switching": 3.26349871188e-08, "total": 7.162126035239999e-07}, "power": {"dynamic": 8.184448999999999e-05, "internal": 7.75972e-05, "leakage": 1.13672e-05, "switching": 4.24729e-06, "total": 9.32117e-05}}, "/manic_top/MMIO": {"energy": {"dynamic": 3.6829222517999994e-10, "internal": 1.8003570657599998e-10, "leakage": 6.686987841600001e-13, "switching": 1.88256518604e-10, "total": 3.6896070882e-10}, "power": {"dynamic": 4.7931499999999995e-08, "internal": 2.34308e-08, "leakage": 8.7028e-11, "switching": 2.45007e-08, "total": 4.80185e-08}}, "/manic_top/SCALAR": {"energy": {"dynamic": 4.5287230982399997e-07, "internal": 2.4374527095599997e-07, "leakage": 3.4552152096000003e-10, "switching": 2.09127038868e-07, "total": 4.53217308852e-07}, "power": {"dynamic": 5.89392e-05, "internal": 3.17223e-05, "leakage": 4.4968e-08, "switching": 2.72169e-05, "total": 5.89841e-05}}, "/manic_top/VCU": {"energy": {"dynamic": 6.73994403984e-07, "internal": 5.285285220599999e-07, "leakage": 1.93006594308e-08, "switching": 1.45465881924e-07, "total": 6.93295140252e-07}, "power": {"dynamic": 8.77172e-05, "internal": 6.87855e-05, "leakage": 2.51189e-06, "switching": 1.89317e-05, "total": 9.02291e-05}}}, "perf": 384186}