{"icache": {"read_latency": 0, "destiny": {"leakage_power": 0.000295922, "hit_dynamic_energy": 0.00356465, "read_latency": 0.243833, "write_dynamic_energy": 0.00285388, "miss_dynamic_energy": 0.00356465}, "write_latency": 0, "invalid_latency": 0, "line_size": 4, "sets": 2, "type": "cache", "children": ["main"], "size": 128}, "power": {"avg": {"total": 780540.5348939444, "compute": 166628.16199999998, "vrf": 2332.76, "memory": {"total": 611579.6128939445, "parts": {"main": {"read": 4496.499738252708, "write": 1191.3575762938058, "leakage": 37702.5}, "icache": {"read": 66151.04356064794, "write": 0.0, "leakage": 295.922}, "dcache": {"read": 294399.46698223805, "write": 206595.2240365119, "leakage": 747.599}}}}, "dynamic": 165860.099, "leakage": 768.063}, "energy": {"total": 5293.11855630305, "compute": 1129.9638863787, "vrf": 15.819262026000002, "memory": {"total": 4147.33540789835, "parts": {"icache": {"read": 448.59337925, "write": 0.0, "leakage": 2.0067506547000002}, "main": {"read": 30.492338500000002, "write": 8.0790127, "leakage": 255.673848375}, "dcache": {"read": 1996.4258254200001, "write": 1400.9945225200001, "leakage": 5.06973047865}}}}, "frequency": 100000000.0, "dcache": {"read_latency": 0, "destiny": {"leakage_power": 0.000747599, "hit_dynamic_energy": 0.00958981, "read_latency": 0.305483, "write_dynamic_energy": 0.00778734, "miss_dynamic_energy": 0.00958981}, "write_latency": 0, "invalid_latency": 0, "line_size": 4, "sets": 8, "type": "cache", "children": ["main"], "size": 512}, "vrf": {"destiny": {"leakage_power": 0.00233276, "read_dynamic_energy": 0.00473775, "read_latency": 0.0549339, "write_dynamic_energy": 0.00455963}}, "cycles": 678135, "main": {"read_latency": 1, "destiny": {"leakage_power": 0.0377025, "read_dynamic_energy": 0.040280500000000004, "read_latency": 1.29522, "write_latency": 10.3834, "write_dynamic_energy": 0.0667687}, "write_latency": 1, "line_size": 4, "type": "main_mem", "size": 64}}