{"physical": {"/panic_top": {"energy": {"dynamic": 5.2596455978e-07, "internal": 3.8873482383999997e-07, "leakage": 1.495974128e-08, "switching": 1.3722973594e-07, "total": 5.4092328972e-07}, "power": {"dynamic": 0.000520067, "internal": 0.000384376, "leakage": 1.4792e-05, "switching": 0.000135691, "total": 0.000534858}}, "/panic_top/I2C_DEVICE": {"energy": {"dynamic": 1.7562343862799998e-09, "internal": 1.5593042387999998e-09, "leakage": 6.852364510199999e-12, "switching": 1.9693014747999996e-10, "total": 1.7630791353999998e-09}, "power": {"dynamic": 1.736542e-06, "internal": 1.54182e-06, "leakage": 6.77553e-09, "switching": 1.94722e-07, "total": 1.74331e-06}}, "/panic_top/MEM": {"energy": {"dynamic": 2.5383015856e-07, "internal": 2.2081900961999997e-07, "leakage": 1.1538782595999998e-08, "switching": 3.301114894e-08, "total": 2.6536853661999994e-07}, "power": {"dynamic": 0.000250984, "internal": 0.000218343, "leakage": 1.14094e-05, "switching": 3.2641e-05, "total": 0.000262393}}, "/panic_top/MMIO": {"energy": {"dynamic": 1.3334477446399996e-10, "internal": 6.785292441399999e-11, "leakage": 6.628625761999999e-14, "switching": 6.549185005e-11, "total": 1.3341091609999998e-10}, "power": {"dynamic": 1.3184959999999998e-07, "internal": 6.70921e-08, "leakage": 6.5543e-11, "switching": 6.47575e-08, "total": 1.31915e-07}}, "/panic_top/SCALAR": {"energy": {"dynamic": 1.73792306424e-07, "internal": 9.2608201532e-08, "leakage": 4.9966971977999994e-11, "switching": 8.1184104892e-08, "total": 1.7384226662e-07}, "power": {"dynamic": 0.00017184360000000002, "internal": 9.15698e-05, "leakage": 4.94067e-08, "switching": 8.02738e-05, "total": 0.000171893}}, "/panic_top/VCU": {"energy": {"dynamic": 9.612574318599998e-08, "internal": 7.352876676199999e-08, "leakage": 3.3638988811999995e-09, "switching": 2.2596976424e-08, "total": 9.948966229399999e-08}, "power": {"dynamic": 9.50479e-05, "internal": 7.27043e-05, "leakage": 3.32618e-06, "switching": 2.23436e-05, "total": 9.83741e-05}}}, "perf": 50567}