{"physical": {"/panic_top": {"energy": {"dynamic": 5.3063919141e-07, "internal": 4.1291986229999996e-07, "leakage": 2.925372765e-08, "switching": 1.1771932910999999e-07, "total": 5.598937059e-07}, "power": {"dynamic": 0.0002697571, "internal": 0.000209913, "leakage": 1.48715e-05, "switching": 5.98441e-05, "total": 0.000284629}}, "/panic_top/I2C_DEVICE": {"energy": {"dynamic": 2.2348453250699995e-09, "internal": 2.1197863019999997e-09, "leakage": 1.339182009e-11, "switching": 1.1505902306999999e-10, "total": 2.248237932e-09}, "power": {"dynamic": 1.1361116999999999e-06, "internal": 1.07762e-06, "leakage": 6.8079e-09, "switching": 5.84917e-08, "total": 1.14292e-06}}, "/panic_top/MEM": {"energy": {"dynamic": 1.9579586895899997e-07, "internal": 1.7816378777999998e-07, "leakage": 2.243969325e-08, "switching": 1.7632081179e-08, "total": 2.1823597529999997e-07}, "power": {"dynamic": 9.953529e-05, "internal": 9.05718e-05, "leakage": 1.14075e-05, "switching": 8.96349e-06, "total": 0.000110943}}, "/panic_top/MMIO": {"energy": {"dynamic": 2.4496473339e-12, "internal": 1.2041032191e-12, "leakage": 1.8011751149999998e-13, "switching": 1.2455441148e-12, "total": 2.6297569769999997e-12}, "power": {"dynamic": 1.245309e-09, "internal": 6.12121e-10, "leakage": 9.1565e-11, "switching": 6.33188e-10, "total": 1.33687e-09}}, "/panic_top/SCALAR": {"energy": {"dynamic": 6.3063947384999996e-09, "internal": 4.545712377e-09, "leakage": 9.591618942e-11, "switching": 1.7606823615e-09, "total": 6.402320369999999e-09}, "power": {"dynamic": 3.205935e-06, "internal": 2.31087e-06, "leakage": 4.87602e-08, "switching": 8.95065e-07, "total": 3.2547e-06}}, "/panic_top/VCU": {"energy": {"dynamic": 3.2629448288999996e-07, "internal": 2.280872121e-07, "leakage": 6.704112852e-09, "switching": 9.820727079e-08, "total": 3.3299855639999996e-07}, "power": {"dynamic": 0.0001658759, "internal": 0.000115951, "leakage": 3.40812e-06, "switching": 4.99249e-05, "total": 0.000169284}}}, "perf": 98355}