{"physical": {"/base_top": {"energy": {"dynamic": 1.8631672834999998e-06, "internal": 1.5444307049999999e-06, "leakage": 1.0145671399999999e-07, "switching": 3.187365785e-07, "total": 1.9646271e-06}, "power": {"dynamic": 0.0003002687, "internal": 0.000248901, "leakage": 1.63508e-05, "switching": 5.13677e-05, "total": 0.00031662}}, "/base_top/ARBITER": {"energy": {"dynamic": 4.9274525499999995e-09, "internal": 2.184699835e-09, "leakage": 5.6488396449999995e-12, "switching": 2.742752715e-09, "total": 4.9330990999999996e-09}, "power": {"dynamic": 7.9411e-07, "internal": 3.52087e-07, "leakage": 9.10369e-10, "switching": 4.42023e-07, "total": 7.9502e-07}}, "/base_top/I2C_DEVICE": {"energy": {"dynamic": 6.563255603e-09, "internal": 6.1501478000000004e-09, "leakage": 3.74433279e-11, "switching": 4.13107803e-10, "total": 6.600692849999999e-09}, "power": {"dynamic": 1.0577366e-06, "internal": 9.9116e-07, "leakage": 6.03438e-09, "switching": 6.65766e-08, "total": 1.06377e-06}}, "/base_top/MEM": {"energy": {"dynamic": 6.372089480999999e-07, "internal": 6.038625334999999e-07, "leakage": 7.0535958e-08, "switching": 3.3346414599999996e-08, "total": 7.077422999999999e-07}, "power": {"dynamic": 0.00010269282, "internal": 9.73187e-05, "leakage": 1.13676e-05, "switching": 5.37412e-06, "total": 0.00011406}}, "/base_top/MMIO": {"energy": {"dynamic": 3.6765990099999996e-10, "internal": 1.80030629e-10, "leakage": 5.310239e-13, "switching": 1.8762927199999997e-10, "total": 3.681904285e-10}, "power": {"dynamic": 5.92522e-08, "internal": 2.90138e-08, "leakage": 8.558e-11, "switching": 3.02384e-08, "total": 5.93377e-08}}, "/base_top/SCALAR": {"energy": {"dynamic": 4.56187877e-07, "internal": 2.42917063e-07, "leakage": 2.81739266e-10, "switching": 2.13270814e-07, "total": 4.5647020449999996e-07}, "power": {"dynamic": 7.35194e-05, "internal": 3.91486e-05, "leakage": 4.54052e-08, "switching": 3.43708e-05, "total": 7.35649e-05}}, "/base_top/VCU": {"energy": {"dynamic": 7.359561868e-07, "internal": 6.8810968e-07, "leakage": 3.059418685e-08, "switching": 4.78465068e-08, "total": 7.6655329e-07}, "power": {"dynamic": 0.00011860696000000001, "internal": 0.000110896, "leakage": 4.93057e-06, "switching": 7.71096e-06, "total": 0.000123538}}}, "perf": 310250}