{"main": {"read_latency": 0, "destiny": {"leakage_power": 0.0377025, "read_dynamic_energy": 0.040280500000000004, "read_latency": 1.29522, "write_latency": 10.3834, "write_dynamic_energy": 0.0667687}, "write_latency": 0, "line_size": 4, "type": "main_mem", "size": 64}, "icache": {"read_latency": 0, "destiny": {"leakage_power": 0.000591843, "hit_dynamic_energy": 0.00540088, "read_latency": 0.2445, "write_dynamic_energy": 0.00469011, "miss_dynamic_energy": 0.00540088}, "write_latency": 0, "invalid_latency": 1, "line_size": 4, "sets": 2, "type": "cache", "children": ["main"], "size": 256}, "power": {"avg": {"total": 809708.547415645, "compute": 176426.48700000005, "vrf": 72916.70550321953, "memory": {"total": 560365.3549124254, "parts": {"main": {"read": 105933.25207782631, "write": 20788.240087070266, "leakage": 37702.5}, "icache": {"read": 108213.81201214012, "write": 0.0, "leakage": 591.843}, "dcache": {"read": 269547.46070652193, "write": 17214.447028866718, "leakage": 373.79999999999995}}}}, "dynamic": 175656.999, "leakage": 769.488}, "energy": {"total": 13934.347266245102, "compute": 3036.1392931668306, "vrf": 1254.8301475084002, "memory": {"total": 9643.37782556987, "parts": {"icache": {"read": 1862.2612301600002, "write": 0.0, "leakage": 10.18507945287}, "main": {"read": 1823.014869, "write": 357.7466946, "leakage": 648.825715725}, "dcache": {"read": 4638.666510569999, "write": 296.24496822, "leakage": 6.432757841999999}}}}, "frequency": 100000000.0, "dcache": {"read_latency": 0, "destiny": {"leakage_power": 0.0003738, "hit_dynamic_energy": 0.00790113, "read_latency": 0.304819, "write_dynamic_energy": 0.00609866, "miss_dynamic_energy": 0.00790113}, "write_latency": 0, "invalid_latency": 1, "line_size": 4, "sets": 8, "type": "cache", "children": ["main"], "size": 256}, "vrf": {"destiny": {"leakage_power": 0.00233276, "read_dynamic_energy": 0.00473775, "read_latency": 0.0549339, "write_dynamic_energy": 0.00455963}}, "cycles": 1720909}