{"physical": {"/manic_top": {"energy": {"dynamic": 6.566919703044e-06, "internal": 5.0227458144e-06, "leakage": 5.51160899988e-07, "switching": 1.5441738886440001e-06, "total": 7.11804895372e-06}, "power": {"dynamic": 0.00016599209999999999, "internal": 0.00012696, "leakage": 1.39317e-05, "switching": 3.90321e-05, "total": 0.000179923}}, "/manic_top/ARBITER": {"energy": {"dynamic": 4.5351723383840004e-08, "internal": 1.935485982212e-08, "leakage": 3.089649355244e-11, "switching": 2.599686356172e-08, "total": 4.53827397096e-08}, "power": {"dynamic": 1.146356e-06, "internal": 4.89233e-07, "leakage": 7.80971e-10, "switching": 6.57123e-07, "total": 1.14714e-06}}, "/manic_top/I2C_DEVICE": {"energy": {"dynamic": 3.31210192501904e-08, "internal": 3.2837506295760004e-08, "leakage": 2.431244761544e-10, "switching": 2.8351295443040004e-10, "total": 3.336415084744e-08}, "power": {"dynamic": 8.372003599999999e-07, "internal": 8.30034e-07, "leakage": 6.14546e-09, "switching": 7.16636e-09, "total": 8.43346e-07}}, "/manic_top/MEM": {"energy": {"dynamic": 2.3952729447575997e-06, "internal": 2.330825450732e-06, "leakage": 4.4970903037200003e-07, "switching": 6.444749402560001e-08, "total": 2.844980392664e-06}, "power": {"dynamic": 6.0545339999999994e-05, "internal": 5.89163e-05, "leakage": 1.13673e-05, "switching": 1.62904e-06, "total": 7.19126e-05}}, "/manic_top/MMIO": {"energy": {"dynamic": 1.9876875661920001e-10, "internal": 9.639351832560001e-11, "leakage": 3.41974772324e-12, "switching": 1.0237523829360001e-10, "total": 2.0218846478080002e-10}, "power": {"dynamic": 5.02428e-09, "internal": 2.43654e-09, "leakage": 8.6441e-11, "switching": 2.58774e-09, "total": 5.11072e-09}}, "/manic_top/SCALAR": {"energy": {"dynamic": 3.77340900402e-07, "internal": 2.2461556288040001e-07, "leakage": 1.7796605945800002e-09, "switching": 1.527253375216e-07, "total": 3.791207785856e-07}, "power": {"dynamic": 9.53805e-06, "internal": 5.67761e-06, "leakage": 4.49845e-08, "switching": 3.86044e-06, "total": 9.58304e-06}}, "/manic_top/VCU": {"energy": {"dynamic": 3.461176672648e-06, "internal": 2.411048544324e-06, "leakage": 9.93855651588e-08, "switching": 1.050128128324e-06, "total": 3.560559468492e-06}, "power": {"dynamic": 8.74882e-05, "internal": 6.09441e-05, "leakage": 2.51217e-06, "switching": 2.65441e-05, "total": 9.00003e-05}}}, "perf": 1978082}