{"physical": {"/manic_top": {"energy": {"dynamic": 1.363929393e-07, "internal": 1.06076241e-07, "leakage": 9.375630299999999e-09, "switching": 3.03166983e-08, "total": 1.45768435e-07}, "power": {"dynamic": 0.0002026641, "internal": 0.000157617, "leakage": 1.39311e-05, "switching": 4.50471e-05, "total": 0.000216595}}, "/manic_top/ARBITER": {"energy": {"dynamic": 7.849663369999999e-10, "internal": 3.3247747899999997e-10, "leakage": 5.25880181e-13, "switching": 4.52488858e-10, "total": 7.854919499999999e-10}, "power": {"dynamic": 1.166369e-06, "internal": 4.94023e-07, "leakage": 7.81397e-10, "switching": 6.72346e-07, "total": 1.16715e-06}}, "/manic_top/I2C_DEVICE": {"energy": {"dynamic": 9.758870149999999e-10, "internal": 8.6338497e-10, "leakage": 4.14246306e-12, "switching": 1.12502045e-10, "total": 9.800293299999999e-10}, "power": {"dynamic": 1.450055e-06, "internal": 1.28289e-06, "leakage": 6.15522e-09, "switching": 1.67165e-07, "total": 1.45621e-06}}, "/manic_top/MEM": {"energy": {"dynamic": 5.016034558e-08, "internal": 4.8348521899999997e-08, "leakage": 7.6500583e-09, "switching": 1.81182368e-09, "total": 5.78104308e-08}, "power": {"dynamic": 7.453246e-05, "internal": 7.18403e-05, "leakage": 1.13671e-05, "switching": 2.69216e-06, "total": 8.58996e-05}}, "/manic_top/MMIO": {"energy": {"dynamic": 1.1535159430000001e-11, "internal": 5.608115730000001e-12, "leakage": 5.9952859e-14, "switching": 5.9270437e-12, "total": 1.1595117000000001e-11}, "power": {"dynamic": 1.713991e-08, "internal": 8.33301e-09, "leakage": 8.9083e-11, "switching": 8.8069e-09, "total": 1.7229e-08}}, "/manic_top/SCALAR": {"energy": {"dynamic": 1.7082153299999998e-08, "internal": 9.480079899999999e-09, "leakage": 3.02127198e-11, "switching": 7.6020734e-09, "total": 1.7112371e-08}, "power": {"dynamic": 2.53821e-05, "internal": 1.40863e-05, "leakage": 4.48926e-08, "switching": 1.12958e-05, "total": 2.5427e-05}}, "/manic_top/VCU": {"energy": {"dynamic": 6.30169607e-08, "internal": 4.6960324799999996e-08, "leakage": 1.6904212099999998e-09, "switching": 1.60566359e-08, "total": 6.47074021e-08}, "power": {"dynamic": 9.363589999999999e-05, "internal": 6.97776e-05, "leakage": 2.51177e-06, "switching": 2.38583e-05, "total": 9.61477e-05}}}, "perf": 33650}