{"main": {"read_latency": 1, "destiny": {"leakage_power": 0.0377025, "read_dynamic_energy": 0.040280500000000004, "read_latency": 1.29522, "write_latency": 10.3834, "write_dynamic_energy": 0.0667687}, "write_latency": 1, "line_size": 4, "type": "main_mem", "size": 64}, "icache": {"line_size": 4, "destiny": {"leakage_power": 0.000147961, "hit_dynamic_energy": 0.00296197, "read_latency": 0.243648, "write_dynamic_energy": 0.0022512, "miss_dynamic_energy": 0.00296197}, "write_latency": 0, "invalid_latency": 0, "read_latency": 0, "sets": 2, "type": "cache", "children": ["main"], "size": 64}, "power": {"avg": {"total": 1014104.2000834774, "compute": 224913.594, "vrf": 50220.86726765734, "memory": {"total": 738969.7388158201, "parts": {"main": {"read": 294451.0094948996, "write": 8955.598461049733, "leakage": 37702.5}, "icache": {"read": 89755.08259503724, "write": 0.0, "leakage": 147.961}, "dcache": {"read": 286388.4224700858, "write": 21195.3647947478, "leakage": 373.79999999999995}}}}, "dynamic": 224144.568, "leakage": 769.026}, "energy": {"total": 287.30586092565, "compute": 63.72027031614, "vrf": 14.2280739056, "memory": {"total": 209.35751670391, "parts": {"icache": {"read": 25.42851245, "write": 0.0, "leakage": 0.04191883091}, "main": {"read": 83.4209155, "write": 2.5372106, "leakage": 10.681495275}, "dcache": {"read": 81.13670397, "write": 6.004858799999999, "leakage": 0.10590127799999999}}}}, "frequency": 100000000.0, "dcache": {"line_size": 4, "destiny": {"leakage_power": 0.0003738, "hit_dynamic_energy": 0.00790113, "read_latency": 0.304819, "write_dynamic_energy": 0.00609866, "miss_dynamic_energy": 0.00790113}, "write_latency": 0, "invalid_latency": 0, "read_latency": 0, "sets": 8, "type": "cache", "children": ["main"], "size": 256}, "vrf": {"destiny": {"leakage_power": 0.00233276, "read_dynamic_energy": 0.00473775, "read_latency": 0.0549339, "write_dynamic_energy": 0.00455963}}, "cycles": 28331}