{"physical": {"/snafu_top": {"energy": {"dynamic": 9.1217699298e-08, "internal": 7.661030432000001e-08, "leakage": 4.226783814e-09, "switching": 1.4607394978000002e-08, "total": 9.544452742e-08}, "power": {"dynamic": 0.0004117437, "internal": 0.000345808, "leakage": 1.90791e-05, "switching": 6.59357e-05, "total": 0.000430823}}, "/snafu_top/ALIGNER": {"energy": {"dynamic": 2.1331045362e-09, "internal": 1.3377094741999999e-09, "leakage": 4.893464135999999e-13, "switching": 7.953950620000001e-10, "total": 2.1335941396e-09}, "power": {"dynamic": 9.62853e-06, "internal": 6.03823e-06, "leakage": 2.20884e-09, "switching": 3.5903e-06, "total": 9.63074e-06}}, "/snafu_top/CGRA": {"energy": {"dynamic": 1.5839622612e-08, "internal": 1.2878651896e-08, "leakage": 1.5462096298e-09, "switching": 2.960970716e-09, "total": 1.7385838888e-08}, "power": {"dynamic": 7.14978e-05, "internal": 5.81324e-05, "leakage": 6.97937e-06, "switching": 1.33654e-05, "total": 7.84772e-05}}, "/snafu_top/CORE": {"energy": {"dynamic": 3.2467440236e-08, "internal": 2.529521566e-08, "leakage": 1.4510205379999999e-10, "switching": 7.172224576e-09, "total": 3.261268186e-08}, "power": {"dynamic": 0.0001465534, "internal": 0.000114179, "leakage": 6.5497e-07, "switching": 3.23744e-05, "total": 0.000147209}}, "/snafu_top/INSN_DATA_CONFLICT": {"energy": {"dynamic": 3.338652108e-11, "internal": 9.37712358e-12, "leakage": 1.2614487599999998e-15, "switching": 2.40093975e-11, "total": 3.338785032e-11}, "power": {"dynamic": 1.50702e-07, "internal": 4.2327e-08, "leakage": 5.694e-12, "switching": 1.08375e-07, "total": 1.50708e-07}}, "/snafu_top/MM": {"energy": {"dynamic": 4.071284888e-08, "internal": 3.707117436e-08, "leakage": 2.5346834479999997e-09, "switching": 3.64167452e-09, "total": 4.324770956e-08}, "power": {"dynamic": 0.000183772, "internal": 0.000167334, "leakage": 1.14412e-05, "switching": 1.6438e-05, "total": 0.000195214}}}, "perf": 11077, "count": 6451}