{"physical": {"/base_top": {"energy": {"dynamic": 1.5449795775000001e-06, "internal": 1.31733795e-06, "leakage": 6.192751875e-08, "switching": 2.276416275e-07, "total": 1.6069074750000001e-06}, "power": {"dynamic": 0.00040791540000000004, "internal": 0.000347812, "leakage": 1.63505e-05, "switching": 6.01034e-05, "total": 0.000424266}}, "/base_top/ARBITER": {"energy": {"dynamic": 1.1286750000000002e-08, "internal": 3.78878775e-09, "leakage": 3.321690525e-12, "switching": 7.49796225e-09, "total": 1.1290083e-08}, "power": {"dynamic": 2.9800000000000003e-06, "internal": 1.00034e-06, "leakage": 8.77014e-10, "switching": 1.97966e-06, "total": 2.98088e-06}}, "/base_top/I2C_DEVICE": {"energy": {"dynamic": 4.066767525e-09, "internal": 3.7844510625e-09, "leakage": 2.2881916125e-11, "switching": 2.823164625e-10, "total": 4.08966675e-09}, "power": {"dynamic": 1.073734e-06, "internal": 9.99195e-07, "leakage": 6.04143e-09, "switching": 7.4539e-08, "total": 1.07978e-06}}, "/base_top/MEM": {"energy": {"dynamic": 7.376304341249999e-07, "internal": 7.0924725e-07, "leakage": 4.3054027500000003e-08, "switching": 2.8383184125000003e-08, "total": 7.806832875e-07}, "power": {"dynamic": 0.00019475390999999998, "internal": 0.00018726, "leakage": 1.13674e-05, "switching": 7.49391e-06, "total": 0.000206121}}, "/base_top/MMIO": {"energy": {"dynamic": 1.6839262875e-10, "internal": 8.209103250000001e-11, "leakage": 3.27247575e-13, "switching": 8.630159625e-11, "total": 1.6871986875e-10}, "power": {"dynamic": 4.44601e-08, "internal": 2.16742e-08, "leakage": 8.6402e-11, "switching": 2.27859e-08, "total": 4.45465e-08}}, "/base_top/SCALAR": {"energy": {"dynamic": 2.481607875e-07, "internal": 1.3192127625e-07, "leakage": 1.72172175e-10, "switching": 1.1623951125e-07, "total": 2.4833311875e-07}, "power": {"dynamic": 6.5521e-05, "internal": 3.48307e-05, "leakage": 4.5458e-08, "switching": 3.06903e-05, "total": 6.55665e-05}}, "/base_top/VCU": {"energy": {"dynamic": 5.296761937499999e-07, "internal": 4.676464125e-07, "leakage": 1.867389e-08, "switching": 6.202978125000001e-08, "total": 5.483504624999999e-07}, "power": {"dynamic": 0.0001398485, "internal": 0.000123471, "leakage": 4.9304e-06, "switching": 1.63775e-05, "total": 0.000144779}}}, "perf": 189375}