{"physical": {"/flow_top": {"energy": {"dynamic": 3.5947824228e-07, "internal": 2.7694892034e-07, "leakage": 9.635594831999999e-09, "switching": 8.252932194e-08, "total": 3.6911425841999995e-07}, "power": {"dynamic": 0.000511946, "internal": 0.000394413, "leakage": 1.37224e-05, "switching": 0.000117533, "total": 0.000525669}}, "/flow_top/ALIGNER": {"energy": {"dynamic": 1.1737844512199998e-09, "internal": 7.797708899999999e-10, "leakage": 1.4589755603999998e-12, "switching": 3.9401356121999995e-10, "total": 1.1752456878e-09}, "power": {"dynamic": 1.671629e-06, "internal": 1.1105e-06, "leakage": 2.07778e-09, "switching": 5.61129e-07, "total": 1.67371e-06}}, "/flow_top/CGRA": {"energy": {"dynamic": 1.7688377638799998e-07, "internal": 1.098701046e-07, "leakage": 1.1318860728e-09, "switching": 6.7013671788e-08, "total": 1.7801526923999998e-07}, "power": {"dynamic": 0.00025190659999999997, "internal": 0.00015647, "leakage": 1.61196e-06, "switching": 9.54366e-05, "total": 0.000253518}}, "/flow_top/CORE": {"energy": {"dynamic": 1.88534487384e-08, "internal": 1.596651993e-08, "leakage": 4.5798707448e-10, "switching": 2.8869288083999994e-09, "total": 1.9311494795999998e-08}, "power": {"dynamic": 2.684988e-05, "internal": 2.27385e-05, "leakage": 6.52236e-07, "switching": 4.11138e-06, "total": 2.75022e-05}}, "/flow_top/INSN_DATA_CONFLICT": {"energy": {"dynamic": 1.39504417794e-11, "internal": 3.844948091399999e-12, "leakage": 3.28058496e-15, "switching": 1.0105493688e-11, "total": 1.395372096e-11}, "power": {"dynamic": 1.986733e-08, "internal": 5.47573e-09, "leakage": 4.672e-12, "switching": 1.43916e-08, "total": 1.9872e-08}}, "/flow_top/MM": {"energy": {"dynamic": 1.62541398798e-07, "internal": 1.5032199221999998e-07, "leakage": 8.043331463999999e-09, "switching": 1.2219406577999999e-08, "total": 1.7058480047999997e-07}, "power": {"dynamic": 0.0002314811, "internal": 0.000214079, "leakage": 1.14548e-05, "switching": 1.74021e-05, "total": 0.000242936}}}, "perf": 35109}