{"physical": {"/manic_top": {"energy": {"dynamic": 1.333149139952e-06, "internal": 1.0218994245599999e-06, "leakage": 8.6996701288e-08, "switching": 3.11249715392e-07, "total": 1.4201427184e-06}, "power": {"dynamic": 0.0002134514, "internal": 0.000163617, "leakage": 1.39291e-05, "switching": 4.98344e-05, "total": 0.00022738}}, "/manic_top/ARBITER": {"energy": {"dynamic": 7.894726890400001e-09, "internal": 3.2481783062399996e-09, "leakage": 4.88153604848e-12, "switching": 4.64654858416e-09, "total": 7.8995985208e-09}, "power": {"dynamic": 1.26403e-06, "internal": 5.20068e-07, "leakage": 7.81586e-10, "switching": 7.43962e-07, "total": 1.26481e-06}}, "/manic_top/I2C_DEVICE": {"energy": {"dynamic": 6.072758356112e-09, "internal": 5.70916984232e-09, "leakage": 3.84252346072e-11, "switching": 3.63588513792e-10, "total": 6.1111792812e-09}, "power": {"dynamic": 9.723134000000001e-07, "internal": 9.14099e-07, "leakage": 6.15229e-09, "switching": 5.82144e-08, "total": 9.78465e-07}}, "/manic_top/MEM": {"energy": {"dynamic": 5.985635492088e-07, "internal": 5.7498979216e-07, "leakage": 7.0995893696e-08, "switching": 2.3573757048800002e-08, "total": 6.6956187872e-07}, "power": {"dynamic": 9.583641e-05, "internal": 9.2062e-05, "leakage": 1.13672e-05, "switching": 3.77441e-06, "total": 0.000107204}}, "/manic_top/MMIO": {"energy": {"dynamic": 1.9020906156e-10, "internal": 9.2249942736e-11, "leakage": 5.5029437344e-13, "switching": 9.7959118824e-11, "total": 1.9075930596800002e-10}, "power": {"dynamic": 3.04545e-08, "internal": 1.47702e-08, "leakage": 8.8108e-11, "switching": 1.56843e-08, "total": 3.05426e-08}}, "/manic_top/SCALAR": {"energy": {"dynamic": 2.3430730976800003e-07, "internal": 1.297071594e-07, "leakage": 2.76120263664e-10, "switching": 1.0460015036799999e-07, "total": 2.34583368824e-07}, "power": {"dynamic": 3.75151e-05, "internal": 2.07675e-05, "leakage": 4.42098e-08, "switching": 1.67476e-05, "total": 3.75593e-05}}, "/manic_top/VCU": {"energy": {"dynamic": 4.4547375056800005e-07, "internal": 3.07170661784e-07, "leakage": 1.5679467355999998e-08, "switching": 1.38303088784e-07, "total": 4.61153530208e-07}, "power": {"dynamic": 7.13251e-05, "internal": 4.91813e-05, "leakage": 2.51045e-06, "switching": 2.21438e-05, "total": 7.38356e-05}}}, "perf": 312284}