{"physical": {"/panic_top": {"energy": {"dynamic": 7.21112608e-08, "internal": 5.4077755799999995e-08, "leakage": 1.8787087399999998e-09, "switching": 1.8033505e-08, "total": 7.399003276e-08}, "power": {"dynamic": 0.00057032, "internal": 0.000427695, "leakage": 1.48585e-05, "switching": 0.000142625, "total": 0.000585179}}, "/panic_top/I2C_DEVICE": {"energy": {"dynamic": 4.805959112e-10, "internal": 3.8376815919999996e-10, "leakage": 8.623233287999999e-13, "switching": 9.6827752e-11, "total": 4.81458232e-10}, "power": {"dynamic": 3.80098e-06, "internal": 3.03518e-06, "leakage": 6.82002e-09, "switching": 7.658e-07, "total": 3.8078e-06}}, "/panic_top/MEM": {"energy": {"dynamic": 3.4682694303999994e-08, "internal": 3.052160448e-08, "leakage": 1.4424022319999998e-09, "switching": 4.161089824e-09, "total": 3.6125172399999996e-08}, "power": {"dynamic": 0.0002743016, "internal": 0.000241392, "leakage": 1.14078e-05, "switching": 3.29096e-05, "total": 0.00028571}}, "/panic_top/MMIO": {"energy": {"dynamic": 9.553629383999999e-12, "internal": 4.750173784e-12, "leakage": 1.0026818439999998e-14, "switching": 4.803455599999999e-12, "total": 9.563643431999999e-12}, "power": {"dynamic": 7.55586e-08, "internal": 3.75686e-08, "leakage": 7.9301e-11, "switching": 3.799e-08, "total": 7.56378e-08}}, "/panic_top/SCALAR": {"energy": {"dynamic": 1.1472482823999999e-08, "internal": 6.0360306519999996e-09, "leakage": 6.214829455999999e-12, "switching": 5.436452171999999e-09, "total": 1.1478691027999998e-08}, "power": {"dynamic": 9.07346e-05, "internal": 4.77383e-05, "leakage": 4.91524e-08, "switching": 4.29963e-05, "total": 9.07837e-05}}, "/panic_top/VCU": {"energy": {"dynamic": 2.5447364976e-08, "internal": 1.7122884119999998e-08, "leakage": 4.2918920039999993e-10, "switching": 8.324480856e-09, "total": 2.58765782e-08}, "power": {"dynamic": 0.0002012604, "internal": 0.000135423, "leakage": 3.39441e-06, "switching": 6.58374e-05, "total": 0.000204655}}}, "perf": 6322}