{"physical": {"/flow_top": {"energy": {"dynamic": 8.578959338e-08, "internal": 6.22828337e-08, "leakage": 3.6228241859999998e-09, "switching": 2.3506759679999998e-08, "total": 8.941239118e-08}, "power": {"dynamic": 0.000325133, "internal": 0.000236045, "leakage": 1.37301e-05, "switching": 8.9088e-05, "total": 0.000338863}}, "/flow_top/ALIGNER": {"energy": {"dynamic": 1.579677048e-10, "internal": 1.2210490904e-10, "leakage": 5.815949348e-13, "switching": 3.586279576e-11, "total": 1.5854925223999999e-10}, "power": {"dynamic": 5.9868e-07, "internal": 4.62764e-07, "leakage": 2.20418e-09, "switching": 1.35916e-07, "total": 6.00884e-07}}, "/flow_top/CGRA": {"energy": {"dynamic": 5.533410698599999e-08, "internal": 3.4220003399999996e-08, "leakage": 4.3305230919999994e-10, "switching": 2.1114103586e-08, "total": 5.5767338719999996e-08}, "power": {"dynamic": 0.00020971009999999998, "internal": 0.00012969, "leakage": 1.64122e-06, "switching": 8.00201e-05, "total": 0.000211352}}, "/flow_top/CORE": {"energy": {"dynamic": 4.1930098144e-09, "internal": 3.727972396e-09, "leakage": 1.7219688302e-10, "switching": 4.650374184e-10, "total": 4.3652206819999996e-09}, "power": {"dynamic": 1.589104e-05, "internal": 1.41286e-05, "leakage": 6.52607e-07, "switching": 1.76244e-06, "total": 1.65437e-05}}, "/flow_top/INSN_DATA_CONFLICT": {"energy": {"dynamic": 1.4326832805999998e-12, "internal": 3.9717790359999997e-13, "leakage": 1.20742336e-15, "switching": 1.0355053769999998e-12, "total": 1.4338891207999999e-12}, "power": {"dynamic": 5.42971e-09, "internal": 1.50526e-09, "leakage": 4.576e-12, "switching": 3.92445e-09, "total": 5.43428e-09}}, "/flow_top/MM": {"energy": {"dynamic": 2.61019177696e-08, "internal": 2.4211635283999998e-08, "leakage": 3.0166322219999996e-09, "switching": 1.8902824856e-09, "total": 2.911853416e-08}, "power": {"dynamic": 9.892336e-05, "internal": 9.17594e-05, "leakage": 1.14327e-05, "switching": 7.16396e-06, "total": 0.000110356}}}, "perf": 13193, "count": 232}