{"main": {"read_latency": 1, "destiny": {"leakage_power": 0.0377025, "read_dynamic_energy": 0.040280500000000004, "read_latency": 1.29522, "write_latency": 10.3834, "write_dynamic_energy": 0.0667687}, "write_latency": 1, "line_size": 4, "type": "main_mem", "size": 64}, "icache": {"line_size": 4, "destiny": {"leakage_power": 0.000295922, "hit_dynamic_energy": 0.00356465, "read_latency": 0.243833, "write_dynamic_energy": 0.00285388, "miss_dynamic_energy": 0.00356465}, "write_latency": 0, "invalid_latency": 0, "read_latency": 0, "sets": 2, "type": "cache", "children": ["main"], "size": 128}, "power": {"avg": {"total": 818056.5174009916, "compute": 241984.36300000004, "vrf": 20473.999607693964, "memory": {"total": 555598.1547932978, "parts": {"main": {"read": 75556.17858132874, "write": 7814.736809683679, "leakage": 37702.5}, "icache": {"read": 145596.52462500383, "write": 0.0, "leakage": 295.922}, "dcache": {"read": 263143.865124588, "write": 25114.627652693503, "leakage": 373.79999999999995}}}}, "dynamic": 241224.627, "leakage": 759.736}, "energy": {"total": 265.59840950457993, "compute": 78.56506313521001, "vrf": 6.647293452629999, "memory": {"total": 180.38605291673997, "parts": {"icache": {"read": 47.27082365, "write": 0.0, "leakage": 0.09607699574}, "main": {"read": 24.5308245, "write": 2.5372106, "leakage": 12.240870675}, "dcache": {"read": 85.43491868999999, "write": 8.15396616, "leakage": 0.12136164599999998}}}}, "frequency": 100000000.0, "dcache": {"line_size": 4, "destiny": {"leakage_power": 0.0003738, "hit_dynamic_energy": 0.00790113, "read_latency": 0.304819, "write_dynamic_energy": 0.00609866, "miss_dynamic_energy": 0.00790113}, "write_latency": 0, "invalid_latency": 0, "read_latency": 0, "sets": 8, "type": "cache", "children": ["main"], "size": 256}, "vrf": {"destiny": {"leakage_power": 0.000583189, "read_dynamic_energy": 0.00224385, "read_latency": 0.051956800000000004, "write_dynamic_energy": 0.0020657199999999996}}, "cycles": 32467}