{"physical": {"/manic_design_top": {"energy": {"dynamic": 7.93858700124e-06, "internal": 6.3380463804000005e-06, "leakage": 4.8328475076e-07, "switching": 1.60054062084e-06, "total": 8.421871752000001e-06}, "power": {"dynamic": 0.0002288859, "internal": 0.000182739, "leakage": 1.39341e-05, "switching": 4.61469e-05, "total": 0.00024282}}, "/manic_design_top/ARBITER": {"energy": {"dynamic": 4.6170322749600004e-08, "internal": 1.78219597584e-08, "leakage": 2.79519988104e-11, "switching": 2.8348362991200003e-08, "total": 4.6198208364e-08}, "power": {"dynamic": 1.331186e-06, "internal": 5.13844e-07, "leakage": 8.05914e-10, "switching": 8.17342e-07, "total": 1.33199e-06}}, "/manic_design_top/I2C_DEVICE": {"energy": {"dynamic": 3.1654579242216e-08, "internal": 3.13686455628e-08, "leakage": 2.1461136488400002e-10, "switching": 2.85933679416e-10, "total": 3.1869199278000005e-08}, "power": {"dynamic": 9.1266706e-07, "internal": 9.04423e-07, "leakage": 6.18769e-09, "switching": 8.24406e-09, "total": 9.18855e-07}}, "/manic_design_top/MEM": {"energy": {"dynamic": 1.386283375512e-06, "internal": 1.3450091978399999e-06, "leakage": 3.9425541792000005e-07, "switching": 4.1274177672000004e-08, "total": 1.78053809976e-06}, "power": {"dynamic": 3.996942e-05, "internal": 3.87794e-05, "leakage": 1.13672e-05, "switching": 1.19002e-06, "total": 5.13366e-05}}, "/manic_design_top/MMIO": {"energy": {"dynamic": 2.38636347768e-10, "internal": 1.1390267658e-10, "leakage": 2.7938680308e-12, "switching": 1.24733671188e-10, "total": 2.41430458584e-10}, "power": {"dynamic": 6.88038e-09, "internal": 3.28405e-09, "leakage": 8.0553e-11, "switching": 3.59633e-09, "total": 6.96094e-09}}, "/manic_design_top/SCALAR": {"energy": {"dynamic": 3.83909646876e-07, "internal": 2.21629244508e-07, "leakage": 1.5772193682000001e-09, "switching": 1.62280402368e-07, "total": 3.8548740384000003e-07}, "power": {"dynamic": 1.1068909999999999e-05, "internal": 6.39003e-06, "leakage": 4.54745e-08, "switching": 4.67888e-06, "total": 1.11144e-05}}, "/manic_design_top/VCU": {"energy": {"dynamic": 5.8698316538400005e-06, "internal": 4.719987073200001e-06, "leakage": 8.719977294e-08, "switching": 1.14984458064e-06, "total": 5.9570470344e-06}, "power": {"dynamic": 0.0001692394, "internal": 0.000136087, "leakage": 2.51415e-06, "switching": 3.31524e-05, "total": 0.000171754}}}, "perf": 1734180}