{"physical": {"/scalar_top": {"energy": {"dynamic": 1.790747263872e-05, "internal": 1.508153320272e-05, "leakage": 4.8403528572e-07, "switching": 2.825939436e-06, "total": 1.839152806656e-05}, "power": {"dynamic": 0.000444528, "internal": 0.000374378, "leakage": 1.20155e-05, "switching": 7.015e-05, "total": 0.000456544}}, "/scalar_top/ALIGNER": {"energy": {"dynamic": 7.27245342084e-07, "internal": 4.22686416624e-07, "leakage": 7.706375112e-11, "switching": 3.0455892546e-07, "total": 7.27323896352e-07}, "power": {"dynamic": 1.805285e-05, "internal": 1.04926e-05, "leakage": 1.913e-09, "switching": 7.56025e-06, "total": 1.80548e-05}}, "/scalar_top/CORE": {"energy": {"dynamic": 8.673128388791999e-06, "internal": 6.82644645768e-06, "leakage": 2.600037503352e-08, "switching": 1.8466819311119998e-06, "total": 8.69913992256e-06}, "power": {"dynamic": 0.0002152983, "internal": 0.000169457, "leakage": 6.45423e-07, "switching": 4.58413e-05, "total": 0.000215944}}, "/scalar_top/INSN_DATA_CONFLICT": {"energy": {"dynamic": 1.2579164839248e-08, "internal": 3.2921570023679995e-09, "leakage": 2.6269352904e-13, "switching": 9.28700783688e-09, "total": 1.257943877208e-08}, "power": {"dynamic": 3.122602e-07, "internal": 8.17232e-08, "leakage": 6.521e-12, "switching": 2.30537e-07, "total": 3.12267e-07}}, "/scalar_top/MM": {"energy": {"dynamic": 8.252927509776e-06, "internal": 7.8205809324e-06, "leakage": 4.57955268744e-07, "switching": 4.3234657737600004e-07, "total": 8.710902920639999e-06}, "power": {"dynamic": 0.00020486740000000002, "internal": 0.000194135, "leakage": 1.13681e-05, "switching": 1.07324e-05, "total": 0.000216236}}}, "perf": 2014212, "count": 1881695}