{"physical": {"/panic_design_top": {"energy": {"dynamic": 3.7580591901600003e-06, "internal": 2.82197247024e-06, "leakage": 1.1161865787599999e-07, "switching": 9.3608671992e-07, "total": 3.86968010088e-06}, "power": {"dynamic": 0.000500442, "internal": 0.000375788, "leakage": 1.48637e-05, "switching": 0.000124654, "total": 0.000515306}}, "/panic_design_top/CGRA": {"energy": {"dynamic": 1.920265651656e-06, "internal": 1.27534249788e-06, "leakage": 2.551909041e-08, "switching": 6.44923153776e-07, "total": 1.9457888722800002e-06}, "power": {"dynamic": 0.0002557122, "internal": 0.000169831, "leakage": 3.39825e-06, "switching": 8.58812e-05, "total": 0.000259111}}, "/panic_design_top/I2C_DEVICE": {"energy": {"dynamic": 8.0352750159e-09, "internal": 7.69533963e-09, "leakage": 5.11871689032e-11, "switching": 3.399353859e-10, "total": 8.0864333484e-09}, "power": {"dynamic": 1.0700175e-06, "internal": 1.02475e-06, "leakage": 6.81634e-09, "switching": 4.52675e-08, "total": 1.07683e-06}}, "/panic_design_top/MEM": {"energy": {"dynamic": 1.479616874736e-06, "internal": 1.35154870092e-06, "leakage": 8.5680163008e-08, "switching": 1.28068173816e-07, "total": 1.56529103016e-06}, "power": {"dynamic": 0.0001970332, "internal": 0.000179979, "leakage": 1.14096e-05, "switching": 1.70542e-05, "total": 0.000208442}}, "/panic_design_top/MMIO": {"energy": {"dynamic": 2.30501986704e-10, "internal": 1.1010549765599999e-10, "leakage": 6.9649676052e-13, "switching": 1.20396489048e-10, "total": 2.31198866448e-10}, "power": {"dynamic": 3.06948e-08, "internal": 1.46622e-08, "leakage": 9.2749e-11, "switching": 1.60326e-08, "total": 3.07876e-08}}, "/panic_design_top/SCALAR": {"energy": {"dynamic": 3.49609098036e-07, "internal": 1.87148256768e-07, "leakage": 3.6513419698799996e-10, "switching": 1.62460841268e-07, "total": 3.4997405876399995e-07}, "power": {"dynamic": 4.65557e-05, "internal": 2.49216e-05, "leakage": 4.86231e-08, "switching": 2.16341e-05, "total": 4.66043e-05}}}, "perf": 375474}