{"physical": {"/manic_top": {"energy": {"dynamic": 2.4301298136e-07, "internal": 1.9034844816e-07, "leakage": 1.2078374616e-08, "switching": 5.26645332e-08, "total": 2.5509196296e-07}, "power": {"dynamic": 0.000280253, "internal": 0.000219518, "leakage": 1.39293e-05, "switching": 6.0735e-05, "total": 0.000294183}}, "/manic_top/ARBITER": {"energy": {"dynamic": 1.5985478596800002e-09, "internal": 5.8150281168e-10, "leakage": 6.7937464608e-13, "switching": 1.017045048e-09, "total": 1.5992207448e-09}, "power": {"dynamic": 1.8435140000000002e-06, "internal": 6.70614e-07, "leakage": 7.83484e-10, "switching": 1.1729e-06, "total": 1.84429e-06}}, "/manic_top/I2C_DEVICE": {"energy": {"dynamic": 1.1867967947999999e-09, "internal": 1.0532993352e-09, "leakage": 5.3429679888e-12, "switching": 1.334974596e-10, "total": 1.1921425896e-09}, "power": {"dynamic": 1.368665e-06, "internal": 1.21471e-06, "leakage": 6.16174e-09, "switching": 1.53955e-07, "total": 1.37483e-06}}, "/manic_top/MEM": {"energy": {"dynamic": 1.148916570888e-07, "internal": 1.0984502736e-07, "leakage": 9.856639751999999e-09, "switching": 5.0466297288e-09, "total": 1.2474821879999998e-07}, "power": {"dynamic": 0.00013249799, "internal": 0.000126678, "leakage": 1.13671e-05, "switching": 5.81999e-06, "total": 0.000143865}}, "/manic_top/MMIO": {"energy": {"dynamic": 3.7342869648000004e-11, "internal": 1.7860070639999998e-11, "leakage": 7.517236704e-14, "switching": 1.9482799008e-11, "total": 3.7418048952e-11}, "power": {"dynamic": 4.3065400000000004e-08, "internal": 2.0597e-08, "leakage": 8.6692e-11, "switching": 2.24684e-08, "total": 4.31521e-08}}, "/manic_top/SCALAR": {"energy": {"dynamic": 5.9433358632e-08, "internal": 3.1620137784e-08, "leakage": 3.924021492e-11, "switching": 2.7813220848e-08, "total": 5.9472552456000004e-08}, "power": {"dynamic": 6.85411e-05, "internal": 3.64657e-05, "leakage": 4.52535e-08, "switching": 3.20754e-05, "total": 6.85863e-05}}, "/manic_top/VCU": {"energy": {"dynamic": 6.013295104799999e-08, "internal": 4.70347566e-08, "leakage": 2.176167708e-09, "switching": 1.3098194447999999e-08, "total": 6.2309162112e-08}, "power": {"dynamic": 6.93479e-05, "internal": 5.42425e-05, "leakage": 2.50965e-06, "switching": 1.51054e-05, "total": 7.18576e-05}}}, "perf": 43356}