{"physical": {"/scalar_top": {"energy": {"dynamic": 5.810274291999999e-07, "internal": 4.4739764186e-07, "leakage": 1.5509190748e-08, "switching": 1.3362978733999999e-07, "total": 5.9653743512e-07}, "power": {"dynamic": 0.00042765999999999995, "internal": 0.000329303, "leakage": 1.14154e-05, "switching": 9.8357e-05, "total": 0.000439076}}, "/scalar_top/I2C_DEVICE": {"energy": {"dynamic": 2.00814633236e-09, "internal": 1.7541414544e-09, "leakage": 8.2167027946e-12, "switching": 2.5400487796e-10, "total": 2.0163687006e-09}, "power": {"dynamic": 1.478078e-06, "internal": 1.29112e-06, "leakage": 6.04783e-09, "switching": 1.86958e-07, "total": 1.48413e-06}}, "/scalar_top/MEM": {"energy": {"dynamic": 3.44241565258e-07, "internal": 3.2729291662e-07, "leakage": 1.5438542508e-08, "switching": 1.6948648638e-08, "total": 3.5968105880000004e-07}, "power": {"dynamic": 0.0002533759, "internal": 0.000240901, "leakage": 1.13634e-05, "switching": 1.24749e-05, "total": 0.00026474}}, "/scalar_top/MMIO": {"energy": {"dynamic": 1.8286210028e-10, "internal": 8.9217450574e-11, "leakage": 9.950261156000001e-14, "switching": 9.3644649706e-11, "total": 1.8296127954e-10}, "power": {"dynamic": 1.34594e-07, "internal": 6.56677e-08, "leakage": 7.3238e-11, "switching": 6.89263e-08, "total": 1.34667e-07}}, "/scalar_top/SCALAR": {"energy": {"dynamic": 2.2944918008e-07, "internal": 1.1768284922800002e-07, "leakage": 6.1229335126e-11, "switching": 1.11766330852e-07, "total": 2.2951031798000003e-07}, "power": {"dynamic": 0.000168884, "internal": 8.66194e-05, "leakage": 4.50673e-08, "switching": 8.22646e-05, "total": 0.000168929}}}, "perf": 67931}