{"icache": {"read_latency": 0, "destiny": {"leakage_power": 0.000295922, "hit_dynamic_energy": 0.00356465, "read_latency": 0.243833, "write_dynamic_energy": 0.00285388, "miss_dynamic_energy": 0.00356465}, "write_latency": 0, "invalid_latency": 0, "line_size": 4, "sets": 2, "type": "cache", "children": ["main"], "size": 128}, "power": {"avg": {"total": 1201825.0530156663, "compute": 58171.479999999996, "vrf": 620338.3148592024, "memory": {"total": 523315.25815646414, "parts": {"main": {"read": 4502.432992792007, "write": 1516.2710429766298, "leakage": 37702.5}, "icache": {"read": 66150.94601230431, "write": 0.0, "leakage": 295.922}, "dcache": {"read": 242557.98920275577, "write": 170215.39690563543, "leakage": 373.79999999999995}}}}, "dynamic": 57586.732, "leakage": 584.748}, "insns": 106908, "energy": {"total": 8150.00834151832, "compute": 394.4817476128, "vrf": 4206.7374348536005, "memory": {"total": 3548.78915905192, "parts": {"icache": {"read": 448.59337925, "write": 0.0, "leakage": 2.0067536139200004}, "main": {"read": 30.532619000000004, "write": 10.2823798, "leakage": 255.6742254}, "dcache": {"read": 1644.87304566, "write": 1154.29188396, "leakage": 2.534872368}}}}, "frequency": 100000000.0, "dcache": {"read_latency": 0, "destiny": {"leakage_power": 0.0003738, "hit_dynamic_energy": 0.00790113, "read_latency": 0.304819, "write_dynamic_energy": 0.00609866, "miss_dynamic_energy": 0.00790113}, "write_latency": 0, "invalid_latency": 0, "line_size": 4, "sets": 8, "type": "cache", "children": ["main"], "size": 256}, "vrf": {"destiny": {"leakage_power": 0.00233276, "read_dynamic_energy": 0.00473775, "read_latency": 0.0549339, "write_dynamic_energy": 0.00455963}}, "cycles": 678136, "main": {"read_latency": 1, "destiny": {"leakage_power": 0.0377025, "read_dynamic_energy": 0.040280500000000004, "read_latency": 1.29522, "write_latency": 10.3834, "write_dynamic_energy": 0.0667687}, "write_latency": 1, "line_size": 4, "type": "main_mem", "size": 64}}