{"physical": {"/panic_top": {"energy": {"dynamic": 1.6367391612e-07, "internal": 1.2428701956e-07, "leakage": 5.706525132e-09, "switching": 3.938689656e-08, "total": 1.6938040284e-07}, "power": {"dynamic": 0.000426101, "internal": 0.000323563, "leakage": 1.48561e-05, "switching": 0.000102538, "total": 0.000440957}}, "/panic_top/I2C_DEVICE": {"energy": {"dynamic": 8.233938701999999e-10, "internal": 6.934902479999999e-10, "leakage": 2.61220806e-12, "switching": 1.2990362220000002e-10, "total": 8.260078068e-10}, "power": {"dynamic": 2.143585e-06, "internal": 1.8054e-06, "leakage": 6.8005e-09, "switching": 3.38185e-07, "total": 2.15039e-06}}, "/panic_top/MEM": {"energy": {"dynamic": 8.2146289896e-08, "internal": 7.15365882e-08, "leakage": 4.381848900000001e-09, "switching": 1.0609701696e-08, "total": 8.652802356e-08}, "power": {"dynamic": 0.00021385580000000002, "internal": 0.000186235, "leakage": 1.14075e-05, "switching": 2.76208e-05, "total": 0.000225263}}, "/panic_top/MMIO": {"energy": {"dynamic": 3.1025794932e-11, "internal": 1.4930206632e-11, "leakage": 3.19434192e-14, "switching": 1.60955883e-11, "total": 3.1057753716e-11}, "power": {"dynamic": 8.07711e-08, "internal": 3.88686e-08, "leakage": 8.316e-11, "switching": 4.19025e-08, "total": 8.08543e-08}}, "/panic_top/SCALAR": {"energy": {"dynamic": 4.0033447344000004e-08, "internal": 2.17469538e-08, "leakage": 1.8882570960000003e-11, "switching": 1.8286493544e-08, "total": 4.00521924e-08}, "power": {"dynamic": 0.0001042212, "internal": 5.6615e-05, "leakage": 4.9158e-08, "switching": 4.76062e-05, "total": 0.00010427}}, "/panic_top/VCU": {"energy": {"dynamic": 4.0539487032e-08, "internal": 3.0248720172000004e-08, "leakage": 1.303069482e-09, "switching": 1.029076686e-08, "total": 4.184257572e-08}, "power": {"dynamic": 0.0001055386, "internal": 7.87481e-05, "leakage": 3.39235e-06, "switching": 2.67905e-05, "total": 0.000108931}}}, "perf": 19206}