{"physical": {"/panic_top": {"energy": {"dynamic": 3.48156787968e-06, "internal": 2.50095345024e-06, "leakage": 9.007521216e-08, "switching": 9.8061442944e-07, "total": 3.57164611968e-06}, "power": {"dynamic": 0.000574926, "internal": 0.000412993, "leakage": 1.48745e-05, "switching": 0.000161933, "total": 0.000589801}}, "/panic_top/I2C_DEVICE": {"energy": {"dynamic": 8.5409613504e-09, "internal": 7.9934370432e-09, "leakage": 4.09925935104e-11, "switching": 5.475243072e-10, "total": 8.5819280256e-09}, "power": {"dynamic": 1.410405e-06, "internal": 1.31999e-06, "leakage": 6.76928e-09, "switching": 9.0415e-08, "total": 1.41717e-06}}, "/panic_top/MEM": {"energy": {"dynamic": 1.4167166469120001e-06, "internal": 1.24014876288e-06, "leakage": 6.9080775168e-08, "switching": 1.76567884032e-07, "total": 1.4857974220800001e-06}, "power": {"dynamic": 0.00023394840000000002, "internal": 0.000204791, "leakage": 1.14076e-05, "switching": 2.91574e-05, "total": 0.000245356}}, "/panic_top/MMIO": {"energy": {"dynamic": 6.88099046016e-10, "internal": 3.4930373376e-10, "leakage": 4.126037568e-13, "switching": 3.38795312256e-10, "total": 6.8851264896e-10}, "power": {"dynamic": 1.136287e-07, "internal": 5.7682e-08, "leakage": 6.8135e-11, "switching": 5.59467e-08, "total": 1.13697e-07}}, "/panic_top/SCALAR": {"energy": {"dynamic": 9.60869279232e-07, "internal": 5.1184726848e-07, "leakage": 3.02513916672e-10, "switching": 4.49022010752e-07, "total": 9.6116964096e-07}, "power": {"dynamic": 0.0001586724, "internal": 8.45235e-05, "leakage": 4.99554e-08, "switching": 7.41489e-05, "total": 0.000158722}}, "/panic_top/VCU": {"energy": {"dynamic": 1.092860697216e-06, "internal": 7.397315904000001e-07, "leakage": 2.06493237888e-08, "switching": 3.5312910681599996e-07, "total": 1.1135123827199999e-06}, "power": {"dynamic": 0.0001804687, "internal": 0.000122155, "leakage": 3.40991e-06, "switching": 5.83137e-05, "total": 0.000183879}}}, "perf": 302784}