{"physical": {"/manic_top": {"energy": {"dynamic": 9.223606654864001e-06, "internal": 7.58337571416e-06, "leakage": 5.18478859536e-07, "switching": 1.640230940704e-06, "total": 9.742085514400002e-06}, "power": {"dynamic": 0.0002478574, "internal": 0.000203781, "leakage": 1.39326e-05, "switching": 4.40764e-05, "total": 0.00026179}}, "/manic_top/ARBITER": {"energy": {"dynamic": 7.777138237008e-08, "internal": 2.824486581328e-08, "leakage": 2.911986354696e-11, "switching": 4.9526516556799995e-08, "total": 7.78004832176e-08}, "power": {"dynamic": 2.089878e-06, "internal": 7.58998e-07, "leakage": 7.82511e-10, "switching": 1.33088e-06, "total": 2.09066e-06}}, "/manic_top/I2C_DEVICE": {"energy": {"dynamic": 3.2177335532576e-08, "internal": 3.148499585512e-08, "leakage": 2.289537088656e-10, "switching": 6.92339677456e-10, "total": 3.2406324222e-08}, "power": {"dynamic": 8.646716e-07, "internal": 8.46067e-07, "leakage": 6.15246e-09, "switching": 1.86046e-08, "total": 8.70825e-07}}, "/manic_top/MEM": {"energy": {"dynamic": 3.5162799666592005e-06, "internal": 3.400430311376e-06, "leakage": 4.23007984456e-07, "switching": 1.158496552832e-07, "total": 3.93929464952e-06}, "power": {"dynamic": 9.448972e-05, "internal": 9.13766e-05, "leakage": 1.13671e-05, "switching": 3.11312e-06, "total": 0.000105857}}, "/manic_top/MMIO": {"energy": {"dynamic": 7.097261313816e-10, "internal": 3.4182331828e-10, "leakage": 3.3170128436e-12, "switching": 3.679028131016e-10, "total": 7.13041469624e-10}, "power": {"dynamic": 1.907181e-08, "internal": 9.1855e-09, "leakage": 8.9135e-11, "switching": 9.88631e-09, "total": 1.91609e-08}}, "/manic_top/SCALAR": {"energy": {"dynamic": 1.048017529664e-06, "internal": 5.81134993768e-07, "leakage": 1.6999509408320001e-09, "switching": 4.66882535896e-07, "total": 1.0497144588800001e-06}, "power": {"dynamic": 2.81624e-05, "internal": 1.56163e-05, "leakage": 4.56812e-08, "switching": 1.25461e-05, "total": 2.8208e-05}}, "/manic_top/VCU": {"energy": {"dynamic": 4.305801589488e-06, "internal": 3.536355830112e-06, "leakage": 9.34981948664e-08, "switching": 7.694457593760001e-07, "total": 4.39928899248e-06}, "power": {"dynamic": 0.0001157058, "internal": 9.50292e-05, "leakage": 2.51249e-06, "switching": 2.06766e-05, "total": 0.000118218}}}, "perf": 1860668}