{"physical": {"/panic_top": {"energy": {"dynamic": 5.950074216000001e-09, "internal": 4.53728244e-09, "leakage": 2.6818212000000003e-10, "switching": 1.4127917760000001e-09, "total": 6.21827064e-09}, "power": {"dynamic": 0.0003327782, "internal": 0.000253763, "leakage": 1.4999e-05, "switching": 7.90152e-05, "total": 0.000347778}}, "/panic_top/I2C_DEVICE": {"energy": {"dynamic": 1.5807976200000004e-10, "internal": 1.2118724280000002e-10, "leakage": 1.2579009120000002e-13, "switching": 3.68925192e-11, "total": 1.582054584e-10}, "power": {"dynamic": 8.841150000000001e-06, "internal": 6.77781e-06, "leakage": 7.03524e-09, "switching": 2.06334e-06, "total": 8.84818e-06}}, "/panic_top/MEM": {"energy": {"dynamic": 2.5985093400000003e-09, "internal": 2.2425096000000002e-09, "leakage": 2.0404834800000004e-10, "switching": 3.5599974e-10, "total": 2.80254696e-09}, "power": {"dynamic": 0.0001453305, "internal": 0.00012542, "leakage": 1.14121e-05, "switching": 1.99105e-05, "total": 0.000156742}}, "/panic_top/MMIO": {"energy": {"dynamic": 1.1804197200000001e-12, "internal": 5.78764872e-13, "leakage": 1.4279683200000001e-15, "switching": 6.01654848e-13, "total": 1.1818465440000003e-12}, "power": {"dynamic": 6.6019e-08, "internal": 3.23694e-08, "leakage": 7.9864e-11, "switching": 3.36496e-08, "total": 6.60988e-08}}, "/panic_top/SCALAR": {"energy": {"dynamic": 1.4922129480000002e-09, "internal": 7.9970982e-10, "leakage": 9.20271084e-13, "switching": 6.92503128e-10, "total": 1.4931337680000002e-09}, "power": {"dynamic": 8.34571e-05, "internal": 4.47265e-05, "leakage": 5.14693e-08, "switching": 3.87306e-05, "total": 8.35086e-05}}, "/panic_top/VCU": {"energy": {"dynamic": 1.697364492e-09, "internal": 1.3720521960000001e-09, "leakage": 6.308242800000001e-11, "switching": 3.25312296e-10, "total": 1.7604469200000002e-09}, "power": {"dynamic": 9.49309e-05, "internal": 7.67367e-05, "leakage": 3.5281e-06, "switching": 1.81942e-05, "total": 9.8459e-05}}}, "perf": 894}