{"physical": {"/manic_top": {"energy": {"dynamic": 5.698458901111999e-06, "internal": 4.55888486784e-06, "leakage": 3.01551238654e-07, "switching": 1.1395740332719999e-06, "total": 6.0000079752999996e-06}, "power": {"dynamic": 0.00026327319999999997, "internal": 0.000210624, "leakage": 1.39319e-05, "switching": 5.26492e-05, "total": 0.000277205}}, "/manic_top/ARBITER": {"energy": {"dynamic": 3.524858854592e-08, "internal": 1.3707844558579999e-08, "leakage": 1.69161675764e-11, "switching": 2.154074398734e-08, "total": 3.52654280914e-08}, "power": {"dynamic": 1.628512e-06, "internal": 6.33313e-07, "leakage": 7.8154e-10, "switching": 9.95199e-07, "total": 1.62929e-06}}, "/manic_top/I2C_DEVICE": {"energy": {"dynamic": 1.9452021310543998e-08, "internal": 1.875386414438e-08, "leakage": 1.331499397958e-10, "switching": 6.981571661640001e-10, "total": 1.9585170601e-08}, "power": {"dynamic": 8.986984e-07, "internal": 8.66443e-07, "leakage": 6.15163e-09, "switching": 3.22554e-08, "total": 9.0485e-07}}, "/manic_top/MEM": {"energy": {"dynamic": 2.4904328480272e-06, "internal": 2.3923626251399997e-06, "leakage": 2.46039179152e-07, "switching": 9.807022288719999e-08, "total": 2.7364910744799996e-06}, "power": {"dynamic": 0.00011505992, "internal": 0.000110529, "leakage": 1.13672e-05, "switching": 4.53092e-06, "total": 0.000126428}}, "/manic_top/MMIO": {"energy": {"dynamic": 6.18476679306e-10, "internal": 3.03540382908e-10, "leakage": 1.91221913236e-12, "switching": 3.14936296398e-10, "total": 6.2039006725e-10}, "power": {"dynamic": 2.85741e-08, "internal": 1.40238e-08, "leakage": 8.8346e-11, "switching": 1.45503e-08, "total": 2.86625e-08}}, "/manic_top/SCALAR": {"energy": {"dynamic": 1.008266703382e-06, "internal": 5.305971952399999e-07, "leakage": 9.802974737299999e-10, "switching": 4.77669508142e-07, "total": 1.00924720648e-06}, "power": {"dynamic": 4.6582700000000004e-05, "internal": 2.4514e-05, "leakage": 4.52905e-08, "switching": 2.20687e-05, "total": 4.6628e-05}}, "/manic_top/VCU": {"energy": {"dynamic": 2.003189473874e-06, "internal": 1.5998672083660002e-06, "leakage": 5.4374632619e-08, "switching": 4.03322265508e-07, "total": 2.057565188726e-06}, "power": {"dynamic": 9.25489e-05, "internal": 7.39151e-05, "leakage": 2.51215e-06, "switching": 1.86338e-05, "total": 9.50611e-05}}}, "perf": 1082233}