{"physical": {"/panic_top": {"energy": {"dynamic": 6.642204192e-09, "internal": 5.410267200000001e-09, "leakage": 2.75672592e-10, "switching": 1.2319369920000001e-09, "total": 6.9178824e-09}, "power": {"dynamic": 0.0003548186, "internal": 0.00028901, "leakage": 1.47261e-05, "switching": 6.58086e-05, "total": 0.000369545}}, "/panic_top/I2C_DEVICE": {"energy": {"dynamic": 1.6172245440000003e-10, "internal": 1.243779264e-10, "leakage": 1.289046096e-13, "switching": 3.7344528000000007e-11, "total": 1.6185124799999999e-10}, "power": {"dynamic": 8.639020000000001e-06, "internal": 6.64412e-06, "leakage": 6.88593e-09, "switching": 1.9949e-06, "total": 8.6459e-06}}, "/panic_top/MEM": {"energy": {"dynamic": 3.4840128959999998e-09, "internal": 3.132324e-09, "leakage": 2.1360456e-10, "switching": 3.5168889600000004e-10, "total": 3.69761184e-09}, "power": {"dynamic": 0.00018611179999999998, "internal": 0.000167325, "leakage": 1.14105e-05, "switching": 1.87868e-05, "total": 0.000197522}}, "/panic_top/MMIO": {"energy": {"dynamic": 5.423652e-13, "internal": 2.6078832000000004e-13, "leakage": 1.57560624e-15, "switching": 2.8157688e-13, "total": 5.43941424e-13}, "power": {"dynamic": 2.89725e-08, "internal": 1.3931e-08, "leakage": 8.4167e-11, "switching": 1.50415e-08, "total": 2.90567e-08}}, "/panic_top/SCALAR": {"energy": {"dynamic": 8.52840144e-10, "internal": 4.72358016e-10, "leakage": 8.851789440000001e-13, "switching": 3.80482128e-10, "total": 8.53723728e-10}, "power": {"dynamic": 4.55577e-05, "internal": 2.52328e-05, "leakage": 4.72852e-08, "switching": 2.03249e-05, "total": 4.56049e-05}}, "/panic_top/VCU": {"energy": {"dynamic": 2.141485632e-09, "internal": 1.680209856e-09, "leakage": 6.10472304e-11, "switching": 4.6127577600000003e-10, "total": 2.20253904e-09}, "power": {"dynamic": 0.00011439559999999999, "internal": 8.97548e-05, "leakage": 3.26107e-06, "switching": 2.46408e-05, "total": 0.000117657}}}, "perf": 936}