{
    "cgra_minus_noc": {
        "energy": {
            "dynamic": 1.30679474718375e-07,
            "internal": 8.400080029099998e-08,
            "leakage": 4.10613876805e-09,
            "switching": 4.667867442737499e-08,
            "total": 1.34785613486425e-07
        }
    },
    "noc": {
        "energy": {
            "dynamic": 3.9040390694999996e-10,
            "internal": 6.573067208999999e-09,
            "leakage": 3.9040390694999996e-10,
            "switching": 5.759605572625e-09,
            "total": 1.2723076688574997e-08
        }
    },
    "perf": 32125,
    "physical": {
        "/snafu_top": {
            "energy": {
                "dynamic": 4.11962005e-07,
                "internal": 3.3005996e-07,
                "leakage": 1.227091475e-08,
                "switching": 8.190204499999999e-08,
                "total": 4.242331125e-07
            },
            "power": {
                "dynamic": 0.0006411860000000001,
                "internal": 0.000513712,
                "leakage": 1.90987e-05,
                "switching": 0.000127474,
                "total": 0.000660285
            }
        },
        "/snafu_top/ALIGNER": {
            "energy": {
                "dynamic": 4.5678152e-09,
                "internal": 2.8145612e-09,
                "leakage": 1.4322674249999998e-12,
                "switching": 1.753254e-09,
                "total": 4.5692479749999995e-09
            },
            "power": {
                "dynamic": 7.10944e-06,
                "internal": 4.38064e-06,
                "leakage": 2.22921e-09,
                "switching": 2.7288e-06,
                "total": 7.11167e-06
            }
        },
        "/snafu_top/CGRA": {
            "energy": {
                "dynamic": 1.430121475e-07,
                "internal": 9.057386749999998e-08,
                "leakage": 4.496542675e-09,
                "switching": 5.243827999999999e-08,
                "total": 1.47509005e-07
            },
            "power": {
                "dynamic": 0.000222587,
                "internal": 0.000140971,
                "leakage": 6.99851e-06,
                "switching": 8.1616e-05,
                "total": 0.000229586
            }
        },
        "/snafu_top/CORE": {
            "energy": {
                "dynamic": 5.8615467749999995e-08,
                "internal": 4.691271575e-08,
                "leakage": 4.2101739999999996e-10,
                "switching": 1.1702752e-08,
                "total": 5.9036498e-08
            },
            "power": {
                "dynamic": 9.12303e-05,
                "internal": 7.30159e-05,
                "leakage": 6.5528e-07,
                "switching": 1.82144e-05,
                "total": 9.18856e-05
            }
        },
        "/snafu_top/INSN_DATA_CONFLICT": {
            "energy": {
                "dynamic": 6.791604074999998e-11,
                "internal": 1.932505075e-11,
                "leakage": 3.4290224999999998e-15,
                "switching": 4.8590989999999993e-11,
                "total": 6.79193175e-11
            },
            "power": {
                "dynamic": 1.0570589999999999e-07,
                "internal": 3.00779e-08,
                "leakage": 5.337e-12,
                "switching": 7.5628e-08,
                "total": 1.05711e-07
            }
        },
        "/snafu_top/MM": {
            "energy": {
                "dynamic": 2.0563167525e-07,
                "internal": 1.897013375e-07,
                "leakage": 7.351099499999999e-09,
                "switching": 1.593033775e-08,
                "total": 2.1298232499999998e-07
            },
            "power": {
                "dynamic": 0.00032004930000000003,
                "internal": 0.000295255,
                "leakage": 1.14414e-05,
                "switching": 2.47943e-05,
                "total": 0.00033149
            }
        }
    }
}
