{"physical": {"/panic_top": {"energy": {"dynamic": 4.1194121408e-07, "internal": 2.9935848887999997e-07, "leakage": 1.0981550184e-08, "switching": 1.125827252e-07, "total": 4.2292224744e-07}, "power": {"dynamic": 0.000557944, "internal": 0.000405459, "leakage": 1.48737e-05, "switching": 0.000152485, "total": 0.000572817}}, "/panic_top/I2C_DEVICE": {"energy": {"dynamic": 1.29791044768e-09, "internal": 1.1465149784e-09, "leakage": 5.0118933568e-12, "switching": 1.5139546928e-10, "total": 1.3029206872e-09}, "power": {"dynamic": 1.757924e-06, "internal": 1.55287e-06, "leakage": 6.78824e-09, "switching": 2.05054e-07, "total": 1.76471e-06}}, "/panic_top/MEM": {"energy": {"dynamic": 1.752162566e-07, "internal": 1.528174736e-07, "leakage": 8.4223854e-09, "switching": 2.2398782999999998e-08, "total": 1.83638642e-07}, "power": {"dynamic": 0.0002373175, "internal": 0.00020698, "leakage": 1.14075e-05, "switching": 3.03375e-05, "total": 0.000248725}}, "/panic_top/MMIO": {"energy": {"dynamic": 5.3406746360000003e-11, "internal": 2.6463899088e-11, "leakage": 5.851333664e-14, "switching": 2.6942847272e-11, "total": 5.3465221304e-11}, "power": {"dynamic": 7.23355e-08, "internal": 3.58434e-08, "leakage": 7.9252e-11, "switching": 3.64921e-08, "total": 7.24147e-08}}, "/panic_top/SCALAR": {"energy": {"dynamic": 9.774315768799999e-08, "internal": 5.2255410151999995e-08, "leakage": 3.6326894472e-11, "switching": 4.5487747536e-08, "total": 9.77794092e-08}, "power": {"dynamic": 0.00013238589999999998, "internal": 7.07761e-05, "leakage": 4.92021e-08, "switching": 6.16098e-05, "total": 0.000132435}}, "/panic_top/VCU": {"energy": {"dynamic": 1.3743051563999999e-07, "internal": 9.302019847999999e-08, "leakage": 2.5176416672e-09, "switching": 4.441031716e-08, "total": 1.3994781768e-07}, "power": {"dynamic": 0.0001861395, "internal": 0.000125989, "leakage": 3.40996e-06, "switching": 6.01505e-05, "total": 0.000189549}}}, "perf": 36916}