{"physical": {"/panic_top": {"energy": {"dynamic": 1.6698753404e-07, "internal": 1.2570627968000002e-07, "leakage": 5.652402896e-09, "switching": 4.128125436e-08, "total": 1.726397838e-07}, "power": {"dynamic": 0.000436181, "internal": 0.000328352, "leakage": 1.47644e-05, "switching": 0.000107829, "total": 0.000450945}}, "/panic_top/I2C_DEVICE": {"energy": {"dynamic": 8.287283882400001e-10, "internal": 6.942037720000001e-10, "leakage": 2.8526480352e-12, "switching": 1.3452461624e-10, "total": 8.315782492e-10}, "power": {"dynamic": 2.1646860000000003e-06, "internal": 1.8133e-06, "leakage": 7.45128e-09, "switching": 3.51386e-07, "total": 2.17213e-06}}, "/panic_top/MEM": {"energy": {"dynamic": 8.2877700892e-08, "internal": 7.16887042e-08, "leakage": 4.368051264e-09, "switching": 1.1188996692e-08, "total": 8.724579044e-08}, "power": {"dynamic": 0.0002164813, "internal": 0.000187255, "leakage": 1.14096e-05, "switching": 2.92263e-05, "total": 0.000227891}}, "/panic_top/MMIO": {"energy": {"dynamic": 3.4364101240000006e-11, "internal": 1.7761057836e-11, "leakage": 4.3680512640000005e-14, "switching": 1.6603043404000002e-11, "total": 3.4407745000000004e-11}, "power": {"dynamic": 8.9761e-08, "internal": 4.63929e-08, "leakage": 1.14096e-10, "switching": 4.33681e-08, "total": 8.9875e-08}}, "/panic_top/SCALAR": {"energy": {"dynamic": 4.0412820104000004e-08, "internal": 2.2045535128e-08, "leakage": 1.8970985371999998e-11, "switching": 1.8367284976e-08, "total": 4.04317324e-08}, "power": {"dynamic": 0.0001055606, "internal": 5.75842e-05, "leakage": 4.95533e-08, "switching": 4.79764e-05, "total": 0.00010561}}, "/panic_top/VCU": {"energy": {"dynamic": 4.2715219864e-08, "internal": 3.1218075256e-08, "leakage": 1.2624187284e-09, "switching": 1.1497144608000001e-08, "total": 4.397759648e-08}, "power": {"dynamic": 0.0001115746, "internal": 8.15434e-05, "leakage": 3.29751e-06, "switching": 3.00312e-05, "total": 0.000114872}}}, "perf": 19142}