{"physical": {"/panic_top": {"energy": {"dynamic": 1.2412056038e-07, "internal": 9.301816502e-08, "leakage": 3.743465276e-09, "switching": 3.110239536e-08, "total": 1.2786397526000002e-07}, "power": {"dynamic": 0.000492581, "internal": 0.000369149, "leakage": 1.48562e-05, "switching": 0.000123432, "total": 0.000507437}}, "/panic_top/I2C_DEVICE": {"energy": {"dynamic": 6.6250128036e-10, "internal": 5.456677296e-10, "leakage": 1.715442043e-12, "switching": 1.1683355076000002e-10, "total": 6.642167602e-10}, "power": {"dynamic": 2.629182e-06, "internal": 2.16552e-06, "leakage": 6.80785e-09, "switching": 4.63662e-07, "total": 2.63599e-06}}, "/panic_top/MEM": {"energy": {"dynamic": 5.8257574416000004e-08, "internal": 5.12338335e-08, "leakage": 2.8744870480000005e-09, "switching": 7.023740916000001e-09, "total": 6.113211186e-08}, "power": {"dynamic": 0.0002311992, "internal": 0.000203325, "leakage": 1.14076e-05, "switching": 2.78742e-05, "total": 0.000242607}}, "/panic_top/MMIO": {"energy": {"dynamic": 1.662286862e-11, "internal": 8.084551518e-12, "leakage": 2.107585918e-14, "switching": 8.538317102000001e-12, "total": 1.6643959346e-11}, "power": {"dynamic": 6.5969e-08, "internal": 3.20841e-08, "leakage": 8.3641e-11, "switching": 3.38849e-08, "total": 6.60527e-08}}, "/panic_top/SCALAR": {"energy": {"dynamic": 2.4528111170000004e-08, "internal": 1.2788236980000002e-08, "leakage": 1.2349086236000001e-11, "switching": 1.1739874190000001e-08, "total": 2.454045819e-08}, "power": {"dynamic": 9.734150000000001e-05, "internal": 5.0751e-05, "leakage": 4.90082e-08, "switching": 4.65905e-05, "total": 9.73905e-05}}, "/panic_top/VCU": {"energy": {"dynamic": 4.0618445258e-08, "internal": 2.842485588e-08, "leakage": 8.548245114e-10, "switching": 1.2193589378e-08, "total": 4.14733882e-08}, "power": {"dynamic": 0.0001611971, "internal": 0.000112806, "leakage": 3.39243e-06, "switching": 4.83911e-05, "total": 0.00016459}}}, "perf": 12599}