{"main": {"read_latency": 1, "destiny": {"leakage_power": 0.0377025, "read_dynamic_energy": 0.040280500000000004, "read_latency": 1.29522, "write_latency": 10.3834, "write_dynamic_energy": 0.0667687}, "write_latency": 1, "line_size": 4, "type": "main_mem", "size": 64}, "icache": {"line_size": 4, "destiny": {"leakage_power": 0.000591843, "hit_dynamic_energy": 0.00540088, "read_latency": 0.2445, "write_dynamic_energy": 0.00469011, "miss_dynamic_energy": 0.00540088}, "write_latency": 0, "invalid_latency": 0, "read_latency": 0, "sets": 2, "type": "cache", "children": ["main"], "size": 256}, "power": {"avg": {"total": 830183.8280260721, "compute": 212964.387, "vrf": 4079.229216948168, "memory": {"total": 613140.2118091239, "parts": {"main": {"read": 28546.366111946372, "write": 1422.5430617696709, "leakage": 37702.5}, "icache": {"read": 95962.59795070054, "write": 0.0, "leakage": 591.843}, "dcache": {"read": 306911.20330658497, "write": 141629.3583781224, "leakage": 373.79999999999995}}}}, "dynamic": 212198.049, "leakage": 766.338}, "energy": {"total": 9624.5120605867, "compute": 2468.94512030001, "vrf": 47.291442534800005, "memory": {"total": 7108.275497751889, "parts": {"icache": {"read": 1112.51646944, "write": 0.0, "leakage": 6.8613720228899995}, "main": {"read": 330.944588, "write": 16.4918689, "leakage": 437.093754075}, "dcache": {"read": 3558.0921695099996, "write": 1641.9417264299998, "leakage": 4.3335493739999995}}}}, "frequency": 100000000.0, "dcache": {"line_size": 4, "destiny": {"leakage_power": 0.0003738, "hit_dynamic_energy": 0.00790113, "read_latency": 0.304819, "write_dynamic_energy": 0.00609866, "miss_dynamic_energy": 0.00790113}, "write_latency": 0, "invalid_latency": 0, "read_latency": 0, "sets": 8, "type": "cache", "children": ["main"], "size": 256}, "vrf": {"destiny": {"leakage_power": 0.00233276, "read_dynamic_energy": 0.00473775, "read_latency": 0.0549339, "write_dynamic_energy": 0.00455963}}, "cycles": 1159323}