{"physical": {"/panic_top": {"energy": {"dynamic": 4.851470959999999e-09, "internal": 3.7244934999999997e-09, "leakage": 2.3693564999999997e-10, "switching": 1.12697746e-09, "total": 5.088421099999999e-09}, "power": {"dynamic": 0.00030133359999999997, "internal": 0.000231335, "leakage": 1.47165e-05, "switching": 6.99986e-05, "total": 0.000316051}}, "/panic_top/I2C_DEVICE": {"energy": {"dynamic": 1.4551002899999998e-10, "internal": 1.1159006599999999e-10, "leakage": 1.1086991299999998e-13, "switching": 3.3919962999999996e-11, "total": 1.4562079699999997e-10}, "power": {"dynamic": 9.03789e-06, "internal": 6.93106e-06, "leakage": 6.88633e-09, "switching": 2.10683e-06, "total": 9.04477e-06}}, "/panic_top/MEM": {"energy": {"dynamic": 2.0857694899999995e-09, "internal": 1.8095594999999997e-09, "leakage": 1.8371066e-10, "switching": 2.7620999e-10, "total": 2.2694721e-09}, "power": {"dynamic": 0.00012955089999999999, "internal": 0.000112395, "leakage": 1.14106e-05, "switching": 1.71559e-05, "total": 0.000140961}}, "/panic_top/MMIO": {"energy": {"dynamic": 7.910879899999999e-13, "internal": 3.8215281999999996e-13, "leakage": 1.3325808999999997e-15, "switching": 4.0893516999999997e-13, "total": 7.924210699999999e-13}, "power": {"dynamic": 4.91359e-08, "internal": 2.37362e-08, "leakage": 8.2769e-11, "switching": 2.53997e-08, "total": 4.92187e-08}}, "/panic_top/SCALAR": {"energy": {"dynamic": 1.1255574399999998e-09, "internal": 6.062390599999999e-10, "leakage": 7.598427199999998e-13, "switching": 5.193183799999999e-10, "total": 1.1263173599999997e-09}, "power": {"dynamic": 6.991039999999999e-05, "internal": 3.76546e-05, "leakage": 4.71952e-08, "switching": 3.22558e-05, "total": 6.99576e-05}}, "/panic_top/VCU": {"energy": {"dynamic": 1.49188718e-09, "internal": 1.1958178399999998e-09, "leakage": 5.234947199999999e-11, "switching": 2.9606934e-10, "total": 1.5442363299999998e-09}, "power": {"dynamic": 9.26638e-05, "internal": 7.42744e-05, "leakage": 3.25152e-06, "switching": 1.83894e-05, "total": 9.59153e-05}}}, "perf": 805}