{"physical": {"/manic_top": {"energy": {"dynamic": 5.629509543959999e-07, "internal": 4.396250169e-07, "leakage": 2.7307505285999996e-08, "switching": 1.23325937496e-07, "total": 5.9025865572e-07}, "power": {"dynamic": 0.0002871642, "internal": 0.000224255, "leakage": 1.39297e-05, "switching": 6.29092e-05, "total": 0.000301094}}, "/manic_top/ARBITER": {"energy": {"dynamic": 2.61663484842e-09, "internal": 1.02863491056e-09, "leakage": 1.5380416139399998e-12, "switching": 1.5879999378599998e-09, "total": 2.6181659052e-09}, "power": {"dynamic": 1.334759e-06, "internal": 5.24712e-07, "leakage": 7.84563e-10, "switching": 8.10047e-07, "total": 1.33554e-06}}, "/manic_top/I2C_DEVICE": {"energy": {"dynamic": 2.2275780296579997e-09, "internal": 2.0702396952e-09, "leakage": 1.2059767665e-11, "switching": 1.5733833445799998e-10, "total": 2.2396361309999996e-09}, "power": {"dynamic": 1.1362991e-06, "internal": 1.05604e-06, "leakage": 6.15175e-09, "switching": 8.02591e-08, "total": 1.14245e-06}}, "/manic_top/MEM": {"energy": {"dynamic": 2.0553021877139998e-07, "internal": 1.9646536283999998e-07, "leakage": 2.2284031536e-08, "switching": 9.064855931399999e-09, "total": 2.278157598e-07}, "power": {"dynamic": 0.00010484203, "internal": 0.000100218, "leakage": 1.13672e-05, "switching": 4.62403e-06, "total": 0.00011621}}, "/manic_top/MMIO": {"energy": {"dynamic": 6.846940810799999e-11, "internal": 3.309415497e-11, "leakage": 1.5776158049999998e-13, "switching": 3.5375253137999994e-11, "total": 6.8627218698e-11}, "power": {"dynamic": 3.49266e-08, "internal": 1.68815e-08, "leakage": 8.0475e-11, "switching": 1.80451e-08, "total": 3.50071e-08}}, "/manic_top/SCALAR": {"energy": {"dynamic": 1.0890597032999998e-07, "internal": 5.802783611399999e-08, "leakage": 8.871738897599999e-11, "switching": 5.0878134215999996e-08, "total": 1.08994775544e-07}, "power": {"dynamic": 5.5553499999999996e-05, "internal": 2.96003e-05, "leakage": 4.52552e-08, "switching": 2.59532e-05, "total": 5.55988e-05}}, "/manic_top/VCU": {"energy": {"dynamic": 2.30879637702e-07, "internal": 1.81679000652e-07, "leakage": 4.920514592399999e-09, "switching": 4.9200637049999996e-08, "total": 2.3580038753999998e-07}, "power": {"dynamic": 0.0001177729, "internal": 9.26754e-05, "leakage": 2.50998e-06, "switching": 2.50975e-05, "total": 0.000120283}}}, "perf": 98019}