{"physical": {"/panic_top": {"energy": {"dynamic": 1.61745828e-07, "internal": 1.2316544232000001e-07, "leakage": 5.688058416e-09, "switching": 3.858038568e-08, "total": 1.6743373272e-07}, "power": {"dynamic": 0.00042095, "internal": 0.000320543, "leakage": 1.48034e-05, "switching": 0.000100407, "total": 0.000435753}}, "/panic_top/I2C_DEVICE": {"energy": {"dynamic": 8.220899332799999e-10, "internal": 6.923082624e-10, "leakage": 2.6130279624e-12, "switching": 1.2978167087999998e-10, "total": 8.247019967999999e-10}, "power": {"dynamic": 2.1395219999999998e-06, "internal": 1.80176e-06, "leakage": 6.80051e-09, "switching": 3.37762e-07, "total": 2.14632e-06}}, "/panic_top/MEM": {"energy": {"dynamic": 8.2504819704e-08, "internal": 7.176873144e-08, "leakage": 4.383871008e-09, "switching": 1.0736088263999999e-08, "total": 8.688857544e-08}, "power": {"dynamic": 0.00021472210000000002, "internal": 0.000186781, "leakage": 1.14092e-05, "switching": 2.79411e-05, "total": 0.000226131}}, "/panic_top/MMIO": {"energy": {"dynamic": 3.1034911104e-11, "internal": 1.4938828536e-11, "leakage": 3.195455112e-14, "switching": 1.6096082568e-11, "total": 3.1066879872e-11}, "power": {"dynamic": 8.07696e-08, "internal": 3.88789e-08, "leakage": 8.3163e-11, "switching": 4.18907e-08, "total": 8.08528e-08}}, "/panic_top/SCALAR": {"energy": {"dynamic": 4.0048874112e-08, "internal": 2.1762124031999998e-08, "leakage": 1.8899113368e-11, "switching": 1.828675008e-08, "total": 4.0067778719999995e-08}, "power": {"dynamic": 0.0001042288, "internal": 5.66368e-05, "leakage": 4.91857e-08, "switching": 4.7592e-05, "total": 0.000104278}}, "/panic_top/VCU": {"energy": {"dynamic": 3.8238719472e-08, "internal": 2.8881245904e-08, "leakage": 1.2825470112e-09, "switching": 9.357473568e-09, "total": 3.952138944e-08}, "power": {"dynamic": 9.95178e-05, "internal": 7.51646e-05, "leakage": 3.33788e-06, "switching": 2.43532e-05, "total": 0.000102856}}}, "perf": 19212}