{"physical": {"/scalar_design_top": {"energy": {"dynamic": 2.9745314750807998e-05, "internal": 2.30449294524e-05, "leakage": 7.77929057948e-07, "switching": 6.700385298408001e-06, "total": 3.052323699456e-05}, "power": {"dynamic": 0.00043651979999999996, "internal": 0.00033819, "leakage": 1.14163e-05, "switching": 9.83298e-05, "total": 0.000447936}}, "/scalar_design_top/I2C_DEVICE": {"energy": {"dynamic": 8.378285664664e-08, "internal": 7.57118503364e-08, "leakage": 4.092899128028e-10, "switching": 8.07100631024e-09, "total": 8.419211725839999e-08}, "power": {"dynamic": 1.229534e-06, "internal": 1.11109e-06, "leakage": 6.00643e-09, "switching": 1.18444e-07, "total": 1.23554e-06}}, "/scalar_design_top/MEM": {"energy": {"dynamic": 1.7670579881396002e-05, "internal": 1.6823432220480003e-05, "leakage": 7.74358419244e-07, "switching": 8.471476609160001e-07, "total": 1.844493830064e-05}, "power": {"dynamic": 0.00025932010000000004, "internal": 0.000246888, "leakage": 1.13639e-05, "switching": 1.24321e-05, "total": 0.000270684}}, "/scalar_design_top/MMIO": {"energy": {"dynamic": 1.1808947154432001e-08, "internal": 5.719679395892001e-09, "leakage": 4.77184517488e-12, "switching": 6.0892677585400005e-09, "total": 1.181370346324e-08}, "power": {"dynamic": 1.732992e-07, "internal": 8.39377e-08, "leakage": 7.0028e-11, "switching": 8.93615e-08, "total": 1.73369e-07}}, "/scalar_design_top/SCALAR": {"energy": {"dynamic": 1.172150739136e-05, "internal": 6.112701778584e-06, "leakage": 3.1022581277440003e-09, "switching": 5.608805612776001e-06, "total": 1.1724641921520001e-05}, "power": {"dynamic": 0.000172016, "internal": 8.97054e-05, "leakage": 4.55264e-08, "switching": 8.23106e-05, "total": 0.000172062}}}, "perf": 3407098}