{"physical": {"/panic_top": {"energy": {"dynamic": 5.716545324000001e-09, "internal": 4.32426012e-09, "leakage": 2.6605082400000004e-10, "switching": 1.392285204e-09, "total": 5.982594360000001e-09}, "power": {"dynamic": 0.0003197173, "internal": 0.000241849, "leakage": 1.48798e-05, "switching": 7.78683e-05, "total": 0.000334597}}, "/panic_top/I2C_DEVICE": {"energy": {"dynamic": 1.577092884e-10, "internal": 1.209022356e-10, "leakage": 1.2370671360000002e-13, "switching": 3.68070528e-11, "total": 1.57833018e-10}, "power": {"dynamic": 8.82043e-06, "internal": 6.76187e-06, "leakage": 6.91872e-09, "switching": 2.05856e-06, "total": 8.82735e-06}}, "/panic_top/MEM": {"energy": {"dynamic": 2.554243824e-09, "internal": 2.2079118000000002e-09, "leakage": 2.04030468e-10, "switching": 3.46332024e-10, "total": 2.75827608e-09}, "power": {"dynamic": 0.00014285479999999999, "internal": 0.000123485, "leakage": 1.14111e-05, "switching": 1.93698e-05, "total": 0.000154266}}, "/panic_top/MMIO": {"energy": {"dynamic": 1.182191628e-12, "internal": 5.80719156e-13, "leakage": 1.4279862e-15, "switching": 6.014724720000001e-13, "total": 1.18362024e-12}, "power": {"dynamic": 6.61181e-08, "internal": 3.24787e-08, "leakage": 7.9865e-11, "switching": 3.36394e-08, "total": 6.6198e-08}}, "/panic_top/SCALAR": {"energy": {"dynamic": 1.487154696e-09, "internal": 7.986781440000001e-10, "leakage": 8.683135920000001e-13, "switching": 6.88476552e-10, "total": 1.4880236640000001e-09}, "power": {"dynamic": 8.31742e-05, "internal": 4.46688e-05, "leakage": 4.85634e-08, "switching": 3.85054e-05, "total": 8.32228e-05}}, "/panic_top/VCU": {"energy": {"dynamic": 1.5136939800000001e-09, "internal": 1.1949972840000002e-09, "leakage": 6.1022652e-11, "switching": 3.1869669600000005e-10, "total": 1.5747166320000003e-09}, "power": {"dynamic": 8.46585e-05, "internal": 6.68343e-05, "leakage": 3.4129e-06, "switching": 1.78242e-05, "total": 8.80714e-05}}}, "perf": 894}