{"physical": {"/panic_top": {"energy": {"dynamic": 4.4735750528000003e-07, "internal": 3.069087643e-07, "leakage": 1.1919896312e-08, "switching": 1.4044874098000002e-07, "total": 4.5927773088000004e-07}, "power": {"dynamic": 0.000543424, "internal": 0.000372815, "leakage": 1.44796e-05, "switching": 0.000170609, "total": 0.000557904}}, "/panic_top/I2C_DEVICE": {"energy": {"dynamic": 1.37705936584e-09, "internal": 1.2248443414e-09, "leakage": 5.591433723000001e-12, "switching": 1.5221502444e-10, "total": 1.3826556154e-09}, "power": {"dynamic": 1.672772e-06, "internal": 1.48787e-06, "leakage": 6.79215e-09, "switching": 1.84902e-07, "total": 1.67957e-06}}, "/panic_top/MEM": {"energy": {"dynamic": 1.8897838320000002e-07, "internal": 1.6559399588e-07, "leakage": 9.393434132000001e-09, "switching": 2.3384387320000002e-08, "total": 1.983713234e-07}, "power": {"dynamic": 0.00022956, "internal": 0.000201154, "leakage": 1.14106e-05, "switching": 2.8406e-05, "total": 0.00024097}}, "/panic_top/MMIO": {"energy": {"dynamic": 5.3681846912e-11, "internal": 2.6595439252e-11, "leakage": 6.51866757e-14, "switching": 2.7086407660000002e-11, "total": 5.3747045936000005e-11}, "power": {"dynamic": 6.520959999999999e-08, "internal": 3.23066e-08, "leakage": 7.9185e-11, "switching": 3.2903e-08, "total": 6.52888e-08}}, "/panic_top/SCALAR": {"energy": {"dynamic": 9.882821957600001e-08, "internal": 5.289065017000001e-08, "leakage": 3.9269075796000007e-11, "switching": 4.5937569406e-08, "total": 9.886707556e-08}, "power": {"dynamic": 0.0001200508, "internal": 6.42485e-05, "leakage": 4.77018e-08, "switching": 5.58023e-05, "total": 0.000120098}}, "/panic_top/VCU": {"energy": {"dynamic": 1.32289313628e-07, "internal": 8.70802116e-08, "leakage": 2.4813003308e-09, "switching": 4.5209102028e-08, "total": 1.3477099264e-07}, "power": {"dynamic": 0.00016069739999999998, "internal": 0.00010578, "leakage": 3.01414e-06, "switching": 5.49174e-05, "total": 0.000163712}}}, "perf": 41161}