{"physical": {"/panic_top": {"energy": {"dynamic": 4.824271792799999e-07, "internal": 3.4220718503999996e-07, "leakage": 1.3884092208e-08, "switching": 1.4021999424e-07, "total": 4.9631068548e-07}, "power": {"dynamic": 0.000493946, "internal": 0.000350378, "leakage": 1.42156e-05, "switching": 0.000143568, "total": 0.000508161}}, "/panic_top/I2C_DEVICE": {"energy": {"dynamic": 1.5456527474399999e-09, "internal": 1.3948162415999999e-09, "leakage": 6.181153783199999e-12, "switching": 1.5083650583999998e-10, "total": 1.5518273184e-09}, "power": {"dynamic": 1.582558e-06, "internal": 1.42812e-06, "leakage": 6.32874e-09, "switching": 1.54438e-07, "total": 1.58888e-06}}, "/panic_top/MEM": {"energy": {"dynamic": 2.32423274304e-07, "internal": 2.0416714056e-07, "leakage": 1.1143039788e-08, "switching": 2.8256133744e-08, "total": 2.4356641175999995e-07}, "power": {"dynamic": 0.0002379728, "internal": 0.000209042, "leakage": 1.14091e-05, "switching": 2.89308e-05, "total": 0.000249382}}, "/panic_top/MMIO": {"energy": {"dynamic": 5.3863608996e-11, "internal": 2.8794186755999996e-11, "leakage": 8.806332888e-14, "switching": 2.506942224e-11, "total": 5.3951705531999997e-11}, "power": {"dynamic": 5.51497e-08, "internal": 2.94817e-08, "leakage": 9.0166e-11, "switching": 2.5668e-08, "total": 5.52399e-08}}, "/panic_top/SCALAR": {"energy": {"dynamic": 1.0188149518799999e-07, "internal": 5.4681773831999995e-08, "leakage": 4.7475633456e-11, "switching": 4.7199721356e-08, "total": 1.0192925484e-07}, "power": {"dynamic": 0.0001043141, "internal": 5.59874e-05, "leakage": 4.86092e-08, "switching": 4.83267e-05, "total": 0.000104363}}, "/panic_top/VCU": {"energy": {"dynamic": 1.27859718168e-07, "internal": 8.1846956016e-08, "leakage": 2.6871201504e-09, "switching": 4.6012762151999996e-08, "total": 1.3054695552e-07}, "power": {"dynamic": 0.0001309126, "internal": 8.38012e-05, "leakage": 2.75128e-06, "switching": 4.71114e-05, "total": 0.000133664}}}, "perf": 48834}