{"physical": {"/panic_top": {"energy": {"dynamic": 5.62026528e-07, "internal": 3.9583820639999996e-07, "leakage": 1.480374e-08, "switching": 1.6618832159999998e-07, "total": 5.768307888e-07}, "power": {"dynamic": 0.00053958, "internal": 0.000380029, "leakage": 1.42125e-05, "switching": 0.000159551, "total": 0.000553793}}, "/panic_top/I2C_DEVICE": {"energy": {"dynamic": 1.7991379728e-09, "internal": 1.608136656e-09, "leakage": 6.585193103999999e-12, "switching": 1.910013168e-10, "total": 1.805728176e-09}, "power": {"dynamic": 1.7272830000000001e-06, "internal": 1.54391e-06, "leakage": 6.32219e-09, "switching": 1.83373e-07, "total": 1.73361e-06}}, "/panic_top/MEM": {"energy": {"dynamic": 2.7900620496e-07, "internal": 2.4368648639999997e-07, "leakage": 1.1883406079999999e-08, "switching": 3.5319718559999995e-08, "total": 2.908897152e-07}, "power": {"dynamic": 0.0002678631, "internal": 0.000233954, "leakage": 1.14088e-05, "switching": 3.39091e-05, "total": 0.000279272}}, "/panic_top/MMIO": {"energy": {"dynamic": 1.3004521824e-10, "internal": 6.929066928e-11, "leakage": 8.15635296e-14, "switching": 6.075454896e-11, "total": 1.30127088e-10}, "power": {"dynamic": 1.248514e-07, "internal": 6.65233e-08, "leakage": 7.8306e-11, "switching": 5.83281e-08, "total": 1.2493e-07}}, "/panic_top/SCALAR": {"energy": {"dynamic": 1.7820848975999997e-07, "internal": 9.502141823999999e-08, "leakage": 5.1345672e-11, "switching": 8.318707152e-08, "total": 1.7825942399999998e-07}, "power": {"dynamic": 0.00017109109999999999, "internal": 9.12264e-05, "leakage": 4.9295e-08, "switching": 7.98647e-05, "total": 0.00017114}}, "/panic_top/VCU": {"energy": {"dynamic": 8.283834384e-08, "internal": 5.530916831999999e-08, "leakage": 2.8620147359999996e-09, "switching": 2.752917552e-08, "total": 8.570034816e-08}, "power": {"dynamic": 7.95299e-05, "internal": 5.31002e-05, "leakage": 2.74771e-06, "switching": 2.64297e-05, "total": 8.22776e-05}}}, "perf": 52080}