{"physical": {"/panic_top": {"energy": {"dynamic": 5.017725999999999e-09, "internal": 3.4018656e-09, "leakage": 2.3279955999999997e-10, "switching": 1.6158604e-09, "total": 5.250515899999999e-09}, "power": {"dynamic": 0.00031166, "internal": 0.000211296, "leakage": 1.44596e-05, "switching": 0.000100364, "total": 0.000326119}}, "/panic_top/I2C_DEVICE": {"energy": {"dynamic": 1.4548861599999998e-10, "internal": 1.1156800899999999e-10, "leakage": 1.1095991199999999e-13, "switching": 3.3920607e-11, "total": 1.4559954499999998e-10}, "power": {"dynamic": 9.03656e-06, "internal": 6.92969e-06, "leakage": 6.89192e-09, "switching": 2.10687e-06, "total": 9.04345e-06}}, "/panic_top/MEM": {"energy": {"dynamic": 2.0626756499999996e-09, "internal": 1.7932179999999997e-09, "leakage": 1.8371387999999997e-10, "switching": 2.6945765e-10, "total": 2.2464008e-09}, "power": {"dynamic": 0.00012811649999999999, "internal": 0.00011138, "leakage": 1.14108e-05, "switching": 1.67365e-05, "total": 0.000139528}}, "/panic_top/MMIO": {"energy": {"dynamic": 7.912200099999999e-13, "internal": 3.8228483999999995e-13, "leakage": 1.3325808999999997e-15, "switching": 4.0893516999999997e-13, "total": 7.9255309e-13}, "power": {"dynamic": 4.91441e-08, "internal": 2.37444e-08, "leakage": 8.2769e-11, "switching": 2.53997e-08, "total": 4.92269e-08}}, "/panic_top/SCALAR": {"energy": {"dynamic": 1.1289094599999999e-09, "internal": 6.0862025e-10, "leakage": 7.614172999999999e-13, "switching": 5.2028921e-10, "total": 1.1296725999999999e-09}, "power": {"dynamic": 7.01186e-05, "internal": 3.78025e-05, "leakage": 4.7293e-08, "switching": 3.23161e-05, "total": 7.0166e-05}}, "/panic_top/VCU": {"energy": {"dynamic": 1.17665884e-09, "internal": 8.871760099999999e-10, "leakage": 4.8208069e-11, "switching": 2.8948283e-10, "total": 1.22486546e-09}, "power": {"dynamic": 7.308440000000001e-05, "internal": 5.51041e-05, "leakage": 2.99429e-06, "switching": 1.79803e-05, "total": 7.60786e-05}}}, "perf": 805}