{"main": {"read_latency": 0, "destiny": {"leakage_power": 0.0377025, "read_dynamic_energy": 0.040280500000000004, "read_latency": 1.29522, "write_latency": 10.3834, "write_dynamic_energy": 0.0667687}, "write_latency": 0, "line_size": 4, "type": "main_mem", "size": 64}, "icache": {"read_latency": 0, "destiny": {"leakage_power": 0.000295922, "hit_dynamic_energy": 0.00356465, "read_latency": 0.243833, "write_dynamic_energy": 0.00285388, "miss_dynamic_energy": 0.00356465}, "write_latency": 0, "invalid_latency": 1, "line_size": 4, "sets": 2, "type": "cache", "children": ["main"], "size": 128}, "power": {"avg": {"total": 772846.9406966061, "compute": 257894.56100000002, "vrf": 0.0, "memory": {"total": 514952.3796966061, "parts": {"icache": {"read": 353797.9599435327, "write": 0.0, "leakage": 295.922}, "main": {"read": 27862.9892359273, "write": 2434.9505323216285, "leakage": 37702.5}, "dcache": {"read": 86442.57278983589, "write": 6041.68519498853, "leakage": 373.79999999999995}}}}, "dynamic": 257551.162, "leakage": 343.399}, "insns": 70390, "energy": {"total": 656.95854193915, "compute": 219.22327157805, "vrf": 0, "memory": {"total": 437.7352703611, "parts": {"main": {"read": 23.684934000000002, "write": 2.0698297, "leakage": 32.049010125}, "icache": {"read": 300.74595585, "write": 0.0, "leakage": 0.2515484961}, "dcache": {"read": 73.480509, "write": 5.1357345, "leakage": 0.31774868999999994}}}}, "frequency": 100000000.0, "dcache": {"read_latency": 0, "destiny": {"leakage_power": 0.0003738, "hit_dynamic_energy": 0.00790113, "read_latency": 0.304819, "write_dynamic_energy": 0.00609866, "miss_dynamic_energy": 0.00790113}, "write_latency": 0, "invalid_latency": 1, "line_size": 4, "sets": 8, "type": "cache", "children": ["main"], "size": 256}, "vrf": {"destiny": {"leakage_power": 0.00233276, "read_dynamic_energy": 0.00473775, "read_latency": 0.0549339, "write_dynamic_energy": 0.00455963}}, "cycles": 85005}