{"physical": {"/manic_top": {"energy": {"dynamic": 4.846288737684001e-06, "internal": 3.7363417368000005e-06, "leakage": 2.3424505832400002e-07, "switching": 1.1099470008840002e-06, "total": 5.08054052028e-06}, "power": {"dynamic": 0.0002882863, "internal": 0.00022226, "leakage": 1.39343e-05, "switching": 6.60263e-05, "total": 0.000302221}}, "/manic_top/ARBITER": {"energy": {"dynamic": 2.0297652109680002e-08, "internal": 8.13438545976e-09, "leakage": 1.31214081672e-11, "switching": 1.2163266649920001e-08, "total": 2.03108316828e-08}, "power": {"dynamic": 1.207426e-06, "internal": 4.83882e-07, "leakage": 7.8054e-10, "switching": 7.23544e-07, "total": 1.20821e-06}}, "/manic_top/I2C_DEVICE": {"energy": {"dynamic": 1.6866284686236003e-08, "internal": 1.614538052832e-08, "leakage": 1.0324951549200001e-10, "switching": 7.20904157916e-10, "total": 1.6969540926e-08}, "power": {"dynamic": 1.0033077e-06, "internal": 9.60424e-07, "leakage": 6.1419e-09, "switching": 4.28837e-08, "total": 1.00945e-06}}, "/manic_top/MEM": {"energy": {"dynamic": 1.6920921077304002e-06, "internal": 1.6200065670360001e-06, "leakage": 1.9109036169600002e-07, "switching": 7.20855406944e-08, "total": 1.8831828056400001e-06}, "power": {"dynamic": 0.00010065578, "internal": 9.63677e-05, "leakage": 1.13672e-05, "switching": 4.28808e-06, "total": 0.000112023}}, "/manic_top/MMIO": {"energy": {"dynamic": 9.323203128e-10, "internal": 4.6269715632000004e-10, "leakage": 1.3491243127200002e-12, "switching": 4.6962315648e-10, "total": 9.33668529336e-10}, "power": {"dynamic": 5.5459999999999995e-08, "internal": 2.7524e-08, "leakage": 8.0254e-11, "switching": 2.7936e-08, "total": 5.55402e-08}}, "/manic_top/SCALAR": {"energy": {"dynamic": 1.0531470753e-06, "internal": 5.596224939960001e-07, "leakage": 7.693239595200001e-10, "switching": 4.935245813040001e-07, "total": 1.0539153233760002e-06}, "power": {"dynamic": 6.264749999999999e-05, "internal": 3.32897e-05, "leakage": 4.5764e-08, "switching": 2.93578e-05, "total": 6.26932e-05}}, "/manic_top/VCU": {"energy": {"dynamic": 1.954054951452e-06, "internal": 1.5298643387400001e-06, "leakage": 4.2262890054e-08, "switching": 4.2419061271200005e-07, "total": 1.9963186820400003e-06}, "power": {"dynamic": 0.00011623889999999999, "internal": 9.10055e-05, "leakage": 2.51405e-06, "switching": 2.52334e-05, "total": 0.000118753}}}, "perf": 840534}