{"physical": {"/manic_top": {"energy": {"dynamic": 2.57272801632e-07, "internal": 1.9885953639999999e-07, "leakage": 1.094334388e-08, "switching": 5.8413265232e-08, "total": 2.6821622407999995e-07}, "power": {"dynamic": 0.0003274524, "internal": 0.000253105, "leakage": 1.39285e-05, "switching": 7.43474e-05, "total": 0.000341381}}, "/manic_top/ARBITER": {"energy": {"dynamic": 1.0920284172e-09, "internal": 4.3210750072e-10, "leakage": 6.1558106568e-13, "switching": 6.5992091648e-10, "total": 1.092645176e-09}, "power": {"dynamic": 1.389915e-06, "internal": 5.49979e-07, "leakage": 7.83501e-10, "switching": 8.39936e-07, "total": 1.3907e-06}}, "/manic_top/I2C_DEVICE": {"energy": {"dynamic": 1.1190455953599999e-09, "internal": 9.87717612e-10, "leakage": 4.8416115776e-12, "switching": 1.3132798336e-10, "total": 1.1238838128e-09}, "power": {"dynamic": 1.424302e-06, "internal": 1.25715e-06, "leakage": 6.16232e-09, "switching": 1.67152e-07, "total": 1.43046e-06}}, "/manic_top/MEM": {"energy": {"dynamic": 1.360512951e-07, "internal": 1.2930642872e-07, "leakage": 8.930903128e-09, "switching": 6.744866379999999e-09, "total": 1.4498231608000001e-07}, "power": {"dynamic": 0.00017316375, "internal": 0.000164579, "leakage": 1.13671e-05, "switching": 8.58475e-06, "total": 0.000184531}}, "/manic_top/MMIO": {"energy": {"dynamic": 4.9012054056e-11, "internal": 2.4274683552e-11, "leakage": 6.683936896e-14, "switching": 2.4737370503999997e-11, "total": 4.907883685599999e-11}, "power": {"dynamic": 6.23817e-08, "internal": 3.08964e-08, "leakage": 8.5072e-11, "switching": 3.14853e-08, "total": 6.24667e-08}}, "/manic_top/SCALAR": {"energy": {"dynamic": 7.55942012e-08, "internal": 3.9565194872e-08, "leakage": 3.5230362608e-11, "switching": 3.6029006327999996e-08, "total": 7.562939966399999e-08}, "power": {"dynamic": 9.6215e-05, "internal": 5.03579e-05, "leakage": 4.48406e-08, "switching": 4.58571e-05, "total": 9.62598e-05}}, "/manic_top/VCU": {"energy": {"dynamic": 3.8156234927999996e-08, "internal": 2.8351184231999998e-08, "leakage": 1.9714361128e-09, "switching": 9.805050696e-09, "total": 4.0127584616e-08}, "power": {"dynamic": 4.85646e-05, "internal": 3.60849e-05, "leakage": 2.50921e-06, "switching": 1.24797e-05, "total": 5.10737e-05}}}, "perf": 39284}