{"physical": {"/base_top": {"energy": {"dynamic": 5.00993340876e-06, "internal": 4.59408083792e-06, "leakage": 1.88563346496e-07, "switching": 4.1585257084e-07, "total": 5.1984886828e-06}, "power": {"dynamic": 0.0004344345, "internal": 0.000398374, "leakage": 1.63512e-05, "switching": 3.60605e-05, "total": 0.000450785}}, "/base_top/ARBITER": {"energy": {"dynamic": 4.16742847416e-08, "internal": 1.38268485992e-08, "leakage": 9.99207450472e-12, "switching": 2.78474361424e-08, "total": 4.16843176512e-08}, "power": {"dynamic": 3.61377e-06, "internal": 1.19899e-06, "leakage": 8.66459e-10, "switching": 2.41478e-06, "total": 3.61464e-06}}, "/base_top/I2C_DEVICE": {"energy": {"dynamic": 1.0434669969079998e-08, "internal": 1.028186414304e-08, "leakage": 6.965330191680001e-11, "switching": 1.5280582604e-10, "total": 1.050432949832e-08}, "power": {"dynamic": 9.048384999999999e-07, "internal": 8.91588e-07, "leakage": 6.03996e-09, "switching": 1.32505e-08, "total": 9.10879e-07}}, "/base_top/MEM": {"energy": {"dynamic": 1.9212295362960002e-06, "internal": 1.8683238128799998e-06, "leakage": 1.31092072608e-07, "switching": 5.2905723416e-08, "total": 2.0523181492799998e-06}, "power": {"dynamic": 0.0001665987, "internal": 0.000162011, "leakage": 1.13676e-05, "switching": 4.5877e-06, "total": 0.000177966}}, "/base_top/MMIO": {"energy": {"dynamic": 6.10402220064e-11, "internal": 2.97707564448e-11, "leakage": 1.04996128776e-12, "switching": 3.12694655616e-11, "total": 6.20901025696e-11}, "power": {"dynamic": 5.2930800000000005e-09, "internal": 2.58156e-09, "leakage": 9.1047e-11, "switching": 2.71152e-09, "total": 5.38412e-09}}, "/base_top/SCALAR": {"energy": {"dynamic": 1.573244409464e-07, "internal": 8.91651199936e-08, "leakage": 5.267969464799999e-10, "switching": 6.81593209528e-08, "total": 1.5785111104e-07}, "power": {"dynamic": 1.3642329999999999e-05, "internal": 7.73192e-06, "leakage": 4.5681e-08, "switching": 5.91041e-06, "total": 1.3688e-05}}, "/base_top/VCU": {"energy": {"dynamic": 2.8400157204720004e-06, "internal": 2.61140491976e-06, "leakage": 5.68605349312e-08, "switching": 2.2861080071199998e-07, "total": 2.89687002808e-06}, "power": {"dynamic": 0.0002462709, "internal": 0.000226447, "leakage": 4.93064e-06, "switching": 1.98239e-05, "total": 0.000251201}}}, "perf": 576604}