{"physical": {"/manic_top": {"energy": {"dynamic": 1.23451066724e-07, "internal": 9.51201268e-08, "leakage": 7.985757108000001e-09, "switching": 2.8330939924000003e-08, "total": 1.3143705312000003e-07}, "power": {"dynamic": 0.0002153642, "internal": 0.00016594, "leakage": 1.39314e-05, "switching": 4.94242e-05, "total": 0.000229296}}, "/manic_top/ARBITER": {"energy": {"dynamic": 6.602995698600001e-10, "internal": 2.8053558766000003e-10, "leakage": 4.4884215118000007e-13, "switching": 3.797639822e-10, "total": 6.607506940000001e-10}, "power": {"dynamic": 1.151913e-06, "internal": 4.89403e-07, "leakage": 7.83019e-10, "switching": 6.6251e-07, "total": 1.1527e-06}}, "/manic_top/I2C_DEVICE": {"energy": {"dynamic": 8.9610450804e-10, "internal": 7.826401948e-10, "leakage": 3.5285359608000004e-12, "switching": 1.1346431324000002e-10, "total": 8.996286646e-10}, "power": {"dynamic": 1.5632819999999998e-06, "internal": 1.36534e-06, "leakage": 6.15564e-09, "switching": 1.97942e-07, "total": 1.56943e-06}}, "/manic_top/MEM": {"energy": {"dynamic": 5.25595392028e-08, "internal": 5.0651610826000005e-08, "leakage": 6.515849062e-09, "switching": 1.9079283768e-09, "total": 5.907547998000001e-08}, "power": {"dynamic": 9.169174e-05, "internal": 8.83633e-05, "leakage": 1.13671e-05, "switching": 3.32844e-06, "total": 0.000103059}}, "/manic_top/MMIO": {"energy": {"dynamic": 1.4545858754000001e-11, "internal": 7.07754734e-12, "leakage": 5.0747166600000004e-14, "switching": 7.468311414000002e-12, "total": 1.4596646046e-11}, "power": {"dynamic": 2.53757e-08, "internal": 1.2347e-08, "leakage": 8.853e-11, "switching": 1.30287e-08, "total": 2.54643e-08}}, "/manic_top/SCALAR": {"energy": {"dynamic": 2.0231112036000002e-08, "internal": 1.0577284728e-08, "leakage": 2.586397301e-11, "switching": 9.653827308e-09, "total": 2.0256964258e-08}, "power": {"dynamic": 3.5293800000000004e-05, "internal": 1.84524e-05, "leakage": 4.51205e-08, "switching": 1.68414e-05, "total": 3.53389e-05}}, "/manic_top/VCU": {"energy": {"dynamic": 4.534944047e-08, "internal": 3.2732982914e-08, "leakage": 1.4398885146e-09, "switching": 1.2616457556e-08, "total": 4.6789369110000005e-08}, "power": {"dynamic": 7.91135e-05, "internal": 5.71037e-05, "leakage": 2.51193e-06, "switching": 2.20098e-05, "total": 8.16255e-05}}}, "perf": 28661}