{
    "cgra_minus_noc": {
        "energy": {
            "dynamic": 0.0,
            "internal": 0.0,
            "leakage": 0.0,
            "switching": 0.0,
            "total": 0.0
        }
    },
    "count": 44658,
    "noc": {
        "energy": {
            "dynamic": 0.0,
            "internal": 0.0,
            "leakage": 0.0,
            "switching": 0.0,
            "total": 0.0
        }
    },
    "perf": 859624,
    "physical": {
        "/manic_top": {
            "energy": {
                "dynamic": 3.394029369728e-06,
                "internal": 2.7164978024e-06,
                "leakage": 2.50023359648e-07,
                "switching": 6.77531567328e-07,
                "total": 3.64406648336e-06
            },
            "power": {
                "dynamic": 0.0001974136,
                "internal": 0.000158005,
                "leakage": 1.45426e-05,
                "switching": 3.94086e-05,
                "total": 0.000211957
            }
        },
        "/manic_top/ALIGNER": {
            "energy": {
                "dynamic": 1.805454533216e-08,
                "internal": 1.3037882823039999e-08,
                "leakage": 3.1997784151999995e-11,
                "switching": 5.01666250912e-09,
                "total": 1.808648896e-08
            },
            "power": {
                "dynamic": 1.050142e-06,
                "internal": 7.58348e-07,
                "leakage": 1.86115e-09,
                "switching": 2.91794e-07,
                "total": 1.052e-06
            }
        },
        "/manic_top/CORE": {
            "energy": {
                "dynamic": 3.6861124124479995e-07,
                "internal": 3.1671814731200003e-07,
                "leakage": 1.1187009196159998e-08,
                "switching": 5.1893093932799996e-08,
                "total": 3.79797356432e-07
            },
            "power": {
                "dynamic": 2.144026e-05,
                "internal": 1.84219e-05,
                "leakage": 6.50692e-07,
                "switching": 3.01836e-06,
                "total": 2.20909e-05
            }
        },
        "/manic_top/INSN_DATA_CONFLICT": {
            "energy": {
                "dynamic": 2.4963033955519997e-10,
                "internal": 7.23053815872e-11,
                "leakage": 7.963556735999999e-14,
                "switching": 1.77324957968e-10,
                "total": 2.49710456512e-10
            },
            "power": {
                "dynamic": 1.451974e-08,
                "internal": 4.20564e-09,
                "leakage": 4.632e-12,
                "switching": 1.03141e-08,
                "total": 1.45244e-08
            }
        },
        "/manic_top/MM": {
            "energy": {
                "dynamic": 1.317509600592e-06,
                "internal": 1.269547739136e-06,
                "leakage": 1.95533513536e-07,
                "switching": 4.7961861456000003e-08,
                "total": 1.513043114128e-06
            },
            "power": {
                "dynamic": 7.66329e-05,
                "internal": 7.38432e-05,
                "leakage": 1.13732e-05,
                "switching": 2.7897e-06,
                "total": 8.80061e-05
            }
        },
        "/manic_top/VECTOR": {
            "energy": {
                "dynamic": 1.529835009344e-06,
                "internal": 1.1170194950719999e-06,
                "leakage": 4.32702055888e-08,
                "switching": 4.1281551427199995e-07,
                "total": 1.5731033237599998e-06
            },
            "power": {
                "dynamic": 8.89828e-05,
                "internal": 6.49714e-05,
                "leakage": 2.51681e-06,
                "switching": 2.40114e-05,
                "total": 9.14995e-05
            }
        }
    }
}
