{"icache": {"read_latency": 0, "destiny": {"leakage_power": 0.000295922, "hit_dynamic_energy": 0.00356465, "read_latency": 0.243833, "write_dynamic_energy": 0.00285388, "miss_dynamic_energy": 0.00356465}, "write_latency": 0, "invalid_latency": 0, "line_size": 4, "sets": 2, "type": "cache", "children": ["main"], "size": 128}, "power": {"avg": {"total": 1220771.3634661345, "compute": 196337.377, "vrf": 3889.9736829046756, "memory": {"total": 1020544.0127832299, "parts": {"main": {"read": 475619.4556925323, "write": 269776.7267641424, "leakage": 37702.5}, "icache": {"read": 56420.189087085964, "write": 0.0, "leakage": 295.922}, "dcache": {"read": 123460.40715770627, "write": 56972.89008176302, "leakage": 295.922}}}}, "dynamic": 195570.964, "leakage": 766.413}, "energy": {"total": 15872.72562977301, "compute": 2552.81980660317, "vrf": 50.578254719600004, "memory": {"total": 13269.32756845024, "parts": {"icache": {"read": 733.58714675, "write": 0.0, "leakage": 3.84763998762}, "main": {"read": 6184.104043, "write": 3507.6936545, "leakage": 490.215822525}, "dcache": {"read": 1605.25814055, "write": 740.77348115, "leakage": 3.84763998762}}}}, "frequency": 100000000.0, "dcache": {"read_latency": 0, "destiny": {"leakage_power": 0.000295922, "hit_dynamic_energy": 0.00356465, "read_latency": 0.243833, "write_dynamic_energy": 0.00285388, "miss_dynamic_energy": 0.00356465}, "write_latency": 0, "invalid_latency": 0, "line_size": 4, "sets": 2, "type": "cache", "children": ["main"], "size": 128}, "vrf": {"destiny": {"leakage_power": 0.00233276, "read_dynamic_energy": 0.00473775, "read_latency": 0.0549339, "write_dynamic_energy": 0.00455963}}, "cycles": 1300221, "main": {"read_latency": 1, "destiny": {"leakage_power": 0.0377025, "read_dynamic_energy": 0.040280500000000004, "read_latency": 1.29522, "write_latency": 10.3834, "write_dynamic_energy": 0.0667687}, "write_latency": 1, "line_size": 4, "type": "main_mem", "size": 64}}