{"physical": {"/scalar_top": {"energy": {"dynamic": 9.02266082588e-06, "internal": 6.90960627416e-06, "leakage": 2.4096424976799997e-07, "switching": 2.1130545517199997e-06, "total": 9.263608189279999e-06}, "power": {"dynamic": 0.000427453, "internal": 0.000327346, "leakage": 1.14158e-05, "switching": 0.000100107, "total": 0.000438868}}, "/scalar_top/I2C_DEVICE": {"energy": {"dynamic": 2.5651976088999998e-08, "internal": 2.3448621684399996e-08, "leakage": 1.2748342413639998e-10, "switching": 2.2033544045999998e-09, "total": 2.5779362627599998e-08}, "power": {"dynamic": 1.215275e-06, "internal": 1.11089e-06, "leakage": 6.03959e-09, "switching": 1.04385e-07, "total": 1.22131e-06}}, "/scalar_top/MEM": {"energy": {"dynamic": 5.251905300335999e-06, "internal": 5.00397964536e-06, "leakage": 2.3985819266399996e-07, "switching": 2.47925654976e-07, "total": 5.491763493e-06}, "power": {"dynamic": 0.0002488116, "internal": 0.000237066, "leakage": 1.13634e-05, "switching": 1.17456e-05, "total": 0.000260175}}, "/scalar_top/MMIO": {"energy": {"dynamic": 2.6815383520320003e-09, "internal": 1.329588289604e-09, "leakage": 1.4036371240799999e-12, "switching": 1.3519500624279998e-09, "total": 2.6829483637599998e-09}, "power": {"dynamic": 1.2703920000000001e-07, "internal": 6.29899e-08, "leakage": 6.6498e-11, "switching": 6.40493e-08, "total": 1.27106e-07}}, "/scalar_top/SCALAR": {"energy": {"dynamic": 3.66088015056e-06, "internal": 1.8714845034999997e-06, "leakage": 9.5849135564e-10, "switching": 1.78939564706e-06, "total": 3.6618300087599993e-06}, "power": {"dynamic": 0.000173436, "internal": 8.86625e-05, "leakage": 4.5409e-08, "switching": 8.47735e-05, "total": 0.000173481}}}, "perf": 1055398}