{"physical": {"/manic_top": {"energy": {"dynamic": 8.786957250336001e-06, "internal": 6.9126968864e-06, "leakage": 6.00837053056e-07, "switching": 1.874260363936e-06, "total": 9.38777705184e-06}, "power": {"dynamic": 0.00020373720000000002, "internal": 0.00016028, "leakage": 1.39312e-05, "switching": 4.34572e-05, "total": 0.000217668}}, "/manic_top/ARBITER": {"energy": {"dynamic": 5.1528013735599997e-08, "internal": 2.171483040456e-08, "leakage": 3.36881838124e-11, "switching": 2.9813183331039996e-08, "total": 5.15618699064e-08}, "power": {"dynamic": 1.194745e-06, "internal": 5.03487e-07, "leakage": 7.81105e-10, "switching": 6.91258e-07, "total": 1.19553e-06}}, "/manic_top/I2C_DEVICE": {"energy": {"dynamic": 3.7165842235208e-08, "internal": 3.643497592184e-08, "leakage": 2.653620789976e-10, "switching": 7.308663133680001e-10, "total": 3.743120992096e-08}, "power": {"dynamic": 8.617391e-07, "internal": 8.44793e-07, "leakage": 6.15277e-09, "switching": 1.69461e-08, "total": 8.67892e-07}}, "/manic_top/MEM": {"energy": {"dynamic": 3.2281910612455997e-06, "internal": 3.1219529850079998e-06, "leakage": 4.90254604736e-07, "switching": 1.062380762376e-07, "total": 3.71844264696e-06}, "power": {"dynamic": 7.484987e-05, "internal": 7.23866e-05, "leakage": 1.13672e-05, "switching": 2.46327e-06, "total": 8.6217e-05}}, "/manic_top/MMIO": {"energy": {"dynamic": 7.803881872504001e-10, "internal": 3.788522764072e-10, "leakage": 3.86007788888e-12, "switching": 4.015359108432e-10, "total": 7.84246928144e-10}, "power": {"dynamic": 1.8094330000000002e-08, "internal": 8.78419e-09, "leakage": 8.9501e-11, "switching": 9.31014e-09, "total": 1.81838e-08}}, "/manic_top/SCALAR": {"energy": {"dynamic": 9.124574435864001e-07, "internal": 5.24128027088e-07, "leakage": 1.92665332736e-09, "switching": 3.8832941649840005e-07, "total": 9.14384010656e-07}, "power": {"dynamic": 2.1156530000000002e-05, "internal": 1.21526e-05, "leakage": 4.4672e-08, "switching": 9.00393e-06, "total": 2.12012e-05}}, "/manic_top/VCU": {"energy": {"dynamic": 4.277686208144e-06, "internal": 3.20279375768e-06, "leakage": 1.083453533144e-07, "switching": 1.074892450464e-06, "total": 4.38603458048e-06}, "power": {"dynamic": 9.91838e-05, "internal": 7.4261e-05, "leakage": 2.51213e-06, "switching": 2.49228e-05, "total": 0.000101696}}}, "perf": 2156444}