{
    "cgra_minus_noc": {
        "energy": {
            "dynamic": 0.0,
            "internal": 0.0,
            "leakage": 0.0,
            "switching": 0.0,
            "total": 0.0
        }
    },
    "count": 87664,
    "noc": {
        "energy": {
            "dynamic": 0.0,
            "internal": 0.0,
            "leakage": 0.0,
            "switching": 0.0,
            "total": 0.0
        }
    },
    "perf": 351371,
    "physical": {
        "/manic_top": {
            "energy": {
                "dynamic": 1.70041778998e-06,
                "internal": 1.3777046087400001e-06,
                "leakage": 1.02194147124e-07,
                "switching": 3.2271318124e-07,
                "total": 1.8026105316200003e-06
            },
            "power": {
                "dynamic": 0.000241969,
                "internal": 0.000196047,
                "leakage": 1.45422e-05,
                "switching": 4.5922e-05,
                "total": 0.000256511
            }
        },
        "/manic_top/ALIGNER": {
            "energy": {
                "dynamic": 3.3626696619400006e-08,
                "internal": 2.1296174664800003e-08,
                "leakage": 1.3133264141200002e-11,
                "switching": 1.2330521954600001e-08,
                "total": 3.36398378948e-08
            },
            "power": {
                "dynamic": 4.785070000000001e-06,
                "internal": 3.03044e-06,
                "leakage": 1.86886e-09,
                "switching": 1.75463e-06,
                "total": 4.78694e-06
            }
        },
        "/manic_top/CORE": {
            "energy": {
                "dynamic": 4.4690034199600003e-07,
                "internal": 3.6066476295000004e-07,
                "leakage": 4.57210269878e-09,
                "switching": 8.6235579046e-08,
                "total": 4.514723814480001e-07
            },
            "power": {
                "dynamic": 6.35938e-05,
                "internal": 5.13225e-05,
                "leakage": 6.50609e-07,
                "switching": 1.22713e-05,
                "total": 6.42444e-05
            }
        },
        "/manic_top/INSN_DATA_CONFLICT": {
            "energy": {
                "dynamic": 5.012194876280001e-10,
                "internal": 1.32113387774e-10,
                "leakage": 3.570632102e-14,
                "switching": 3.69106099854e-10,
                "total": 5.0125532747e-10
            },
            "power": {
                "dynamic": 7.13234e-08,
                "internal": 1.87997e-08,
                "leakage": 5.081e-12,
                "switching": 5.25237e-08,
                "total": 7.13285e-08
            }
        },
        "/manic_top/MM": {
            "energy": {
                "dynamic": 4.4191501997380007e-07,
                "internal": 4.16616378248e-07,
                "leakage": 7.992425314400001e-08,
                "switching": 2.5298641725800002e-08,
                "total": 5.218393433920001e-07
            },
            "power": {
                "dynamic": 6.288439e-05,
                "internal": 5.92844e-05,
                "leakage": 1.13732e-05,
                "switching": 3.59999e-06,
                "total": 7.42576e-05
            }
        },
        "/manic_top/VECTOR": {
            "energy": {
                "dynamic": 7.11671039852e-07,
                "internal": 5.78672197158e-07,
                "leakage": 1.768450243e-08,
                "switching": 1.32998842694e-07,
                "total": 7.293548395400001e-07
            },
            "power": {
                "dynamic": 0.0001012706,
                "internal": 8.23449e-05,
                "leakage": 2.5165e-06,
                "switching": 1.89257e-05,
                "total": 0.000103787
            }
        }
    }
}
