{"physical": {"/snafu_top": {"energy": {"dynamic": 7.36942416e-07, "internal": 5.9492329152e-07, "leakage": 2.6319509888000003e-08, "switching": 1.4201912448000001e-07, "total": 7.632624774400001e-07}, "power": {"dynamic": 0.00053445, "internal": 0.000431454, "leakage": 1.90876e-05, "switching": 0.000102996, "total": 0.000553538}}, "/snafu_top/ALIGNER": {"energy": {"dynamic": 9.076960208000001e-09, "internal": 5.6758010112e-09, "leakage": 3.0871468544000003e-12, "switching": 3.4011591968e-09, "total": 9.0800488992e-09}, "power": {"dynamic": 6.58285e-06, "internal": 4.11624e-06, "leakage": 2.23888e-09, "switching": 2.46661e-06, "total": 6.58509e-06}}, "/snafu_top/CGRA": {"energy": {"dynamic": 2.77050498784e-07, "internal": 1.8362682847999998e-07, "leakage": 9.6349653664e-09, "switching": 9.3423670304e-08, "total": 2.8668569856000005e-07}, "power": {"dynamic": 0.0002009243, "internal": 0.000133171, "leakage": 6.98753e-06, "switching": 6.77533e-05, "total": 0.000207912}}, "/snafu_top/CORE": {"energy": {"dynamic": 1.1557124086399999e-07, "internal": 9.3049993824e-08, "leakage": 9.035773062400001e-10, "switching": 2.2521247040000002e-08, "total": 1.1647495881600001e-07}, "power": {"dynamic": 8.381529999999999e-05, "internal": 6.74823e-05, "leakage": 6.55298e-07, "switching": 1.6333e-05, "total": 8.44707e-05}}, "/snafu_top/INSN_DATA_CONFLICT": {"energy": {"dynamic": 1.1825826432e-10, "internal": 3.1881911808e-11, "leakage": 7.2666976e-15, "switching": 8.6376352512e-11, "total": 1.18265572384e-10}, "power": {"dynamic": 8.5764e-08, "internal": 2.31216e-08, "leakage": 5.27e-12, "switching": 6.26424e-08, "total": 8.57693e-08}}, "/snafu_top/MM": {"energy": {"dynamic": 3.3498717552e-07, "internal": 3.1245834464e-07, "leakage": 1.5776041856e-08, "switching": 2.252883088e-08, "total": 3.5076363104e-07}, "power": {"dynamic": 0.0002429415, "internal": 0.000226603, "leakage": 1.14412e-05, "switching": 1.63385e-05, "total": 0.000254383}}}, "perf": 68944}