{"physical": {"/manic_top": {"energy": {"dynamic": 5.495744089519999e-07, "internal": 4.2905033351999997e-07, "leakage": 3.7551540524e-08, "switching": 1.20524075432e-07, "total": 5.8712406264e-07}, "power": {"dynamic": 0.00020388739999999998, "internal": 0.000159174, "leakage": 1.39313e-05, "switching": 4.47134e-05, "total": 0.000217818}}, "/manic_top/ARBITER": {"energy": {"dynamic": 3.2220015858000005e-09, "internal": 1.3623548925600001e-09, "leakage": 2.10725079056e-12, "switching": 1.85964669324e-09, "total": 3.2241175376e-09}, "power": {"dynamic": 1.1953350000000001e-06, "internal": 5.05422e-07, "leakage": 7.81772e-10, "switching": 6.89913e-07, "total": 1.19612e-06}}, "/manic_top/I2C_DEVICE": {"energy": {"dynamic": 2.7047645808600005e-09, "internal": 2.56547430412e-09, "leakage": 1.65859084004e-11, "switching": 1.3929027674e-10, "total": 2.7213566080000003e-09}, "power": {"dynamic": 1.0034445e-06, "internal": 9.51769e-07, "leakage": 6.15323e-09, "switching": 5.16755e-08, "total": 1.0096e-06}}, "/manic_top/MEM": {"energy": {"dynamic": 1.99036803906e-07, "internal": 1.92124110672e-07, "leakage": 3.0640060256e-08, "switching": 6.9126932339999995e-09, "total": 2.29676998936e-07}, "power": {"dynamic": 7.384095e-05, "internal": 7.12764e-05, "leakage": 1.13672e-05, "switching": 2.56455e-06, "total": 8.52082e-05}}, "/manic_top/MMIO": {"energy": {"dynamic": 4.5304010552000004e-11, "internal": 2.2464022500799998e-11, "leakage": 2.402616098e-13, "switching": 2.2839988051200003e-11, "total": 4.554417782e-11}, "power": {"dynamic": 1.68074e-08, "internal": 8.33396e-09, "leakage": 8.9135e-11, "switching": 8.47344e-09, "total": 1.68965e-08}}, "/manic_top/SCALAR": {"energy": {"dynamic": 6.6568382724e-08, "internal": 3.6978211928e-08, "leakage": 1.21171799276e-10, "switching": 2.9590170796e-08, "total": 6.668940977600001e-08}, "power": {"dynamic": 2.46963e-05, "internal": 1.37186e-05, "leakage": 4.49537e-08, "switching": 1.09777e-05, "total": 2.47412e-05}}, "/manic_top/VCU": {"energy": {"dynamic": 2.60543479512e-07, "internal": 1.95661389076e-07, "leakage": 6.7705605736e-09, "switching": 6.4882090436e-08, "total": 2.6731398617600004e-07}, "power": {"dynamic": 9.66594e-05, "internal": 7.25887e-05, "leakage": 2.51182e-06, "switching": 2.40707e-05, "total": 9.91712e-05}}}, "perf": 134774}