{"physical": {"/base_top": {"energy": {"dynamic": 1.5115975070040001e-05, "internal": 1.36894760964e-05, "leakage": 5.2569795096e-07, "switching": 1.42649897364e-06, "total": 1.56416890968e-05}, "power": {"dynamic": 0.0004701469, "internal": 0.000425779, "leakage": 1.63506e-05, "switching": 4.43679e-05, "total": 0.000486498}}, "/base_top/ARBITER": {"energy": {"dynamic": 1.1981390194800002e-07, "internal": 3.9951899676000005e-08, "leakage": 2.8039506814800003e-11, "switching": 7.986200227200001e-08, "total": 1.1984187384000002e-07}, "power": {"dynamic": 3.7265300000000002e-06, "internal": 1.24261e-06, "leakage": 8.72103e-10, "switching": 2.48392e-06, "total": 3.7274e-06}}, "/base_top/I2C_DEVICE": {"energy": {"dynamic": 2.9583616341240003e-08, "internal": 2.8863455868000002e-08, "leakage": 1.9408859917200003e-10, "switching": 7.2016047324e-10, "total": 2.9777718765600004e-08}, "power": {"dynamic": 9.201289e-07, "internal": 8.9773e-07, "leakage": 6.03667e-09, "switching": 2.23989e-08, "total": 9.26166e-07}}, "/base_top/MEM": {"energy": {"dynamic": 5.601687744744e-06, "internal": 5.405487750000001e-06, "leakage": 3.6548974332e-07, "switching": 1.9619999474400002e-07, "total": 5.967176202e-06}, "power": {"dynamic": 0.00017422734, "internal": 0.000168125, "leakage": 1.13677e-05, "switching": 6.10234e-06, "total": 0.000185595}}, "/base_top/MMIO": {"energy": {"dynamic": 7.808884153200001e-10, "internal": 3.7948854996000003e-10, "leakage": 2.85265071e-12, "switching": 4.0139986536000006e-10, "total": 7.837402622400001e-10}, "power": {"dynamic": 2.4287700000000002e-08, "internal": 1.18031e-08, "leakage": 8.8725e-11, "switching": 1.24846e-08, "total": 2.43764e-08}}, "/base_top/SCALAR": {"energy": {"dynamic": 9.168350256000001e-07, "internal": 5.166119088e-07, "leakage": 1.45398216132e-09, "switching": 4.002231168e-07, "total": 9.182914930800001e-07}, "power": {"dynamic": 2.8516e-05, "internal": 1.6068e-05, "leakage": 4.52227e-08, "switching": 1.2448e-05, "total": 2.85613e-05}}, "/base_top/VCU": {"energy": {"dynamic": 8.335221921000001e-06, "internal": 7.693717122e-06, "leakage": 1.5852378531600003e-07, "switching": 6.415047990000001e-07, "total": 8.493745384800001e-06}, "power": {"dynamic": 0.0002592475, "internal": 0.000239295, "leakage": 4.93051e-06, "switching": 1.99525e-05, "total": 0.000264178}}}, "perf": 1607580}