{"icache": {"read_latency": 0, "destiny": {"leakage_power": 0.000295922, "hit_dynamic_energy": 0.00356465, "read_latency": 0.243833, "write_dynamic_energy": 0.00285388, "miss_dynamic_energy": 0.00356465}, "write_latency": 0, "invalid_latency": 1, "line_size": 4, "sets": 2, "type": "cache", "children": ["main"], "size": 128}, "power": {"avg": {"total": 971308.6969764333, "compute": 201539.969, "vrf": 2332.76, "memory": {"total": 767435.9679764332, "parts": {"main": {"read": 266644.4539103589, "write": 183009.95741378737, "leakage": 37702.50000000001}, "icache": {"read": 151570.2273639821, "write": 0.0, "leakage": 295.9220000000001}, "dcache": {"read": 77816.90455757773, "write": 50100.080730726986, "leakage": 295.9220000000001}}}}, "dynamic": 200771.72, "leakage": 768.249}, "energy": {"total": 9337.617879861122, "compute": 1937.4923995833599, "vrf": 22.4258482944, "memory": {"total": 7377.6996319833615, "parts": {"icache": {"read": 1457.11128655, "write": 0.0, "leakage": 2.8448283916800006}, "main": {"read": 2563.370459, "write": 1759.355245, "leakage": 362.4507216}, "dcache": {"read": 748.08814295, "write": 481.6341201, "leakage": 2.8448283916800006}}}}, "frequency": 100000000.0, "dcache": {"read_latency": 0, "destiny": {"leakage_power": 0.000295922, "hit_dynamic_energy": 0.00356465, "read_latency": 0.243833, "write_dynamic_energy": 0.00285388, "miss_dynamic_energy": 0.00356465}, "write_latency": 0, "invalid_latency": 1, "line_size": 4, "sets": 2, "type": "cache", "children": ["main"], "size": 128}, "vrf": {"destiny": {"leakage_power": 0.00233276, "read_dynamic_energy": 0.00473775, "read_latency": 0.0549339, "write_dynamic_energy": 0.00455963}}, "cycles": 961344, "main": {"read_latency": 0, "destiny": {"leakage_power": 0.0377025, "read_dynamic_energy": 0.040280500000000004, "read_latency": 1.29522, "write_latency": 10.3834, "write_dynamic_energy": 0.0667687}, "write_latency": 0, "line_size": 4, "type": "main_mem", "size": 64}}