{"physical": {"/base_top": {"energy": {"dynamic": 6.057833949408e-06, "internal": 5.15717376226e-06, "leakage": 2.4553493782399997e-07, "switching": 9.006601871480001e-07, "total": 6.30336588382e-06}, "power": {"dynamic": 0.0004033968, "internal": 0.000343421, "leakage": 1.63504e-05, "switching": 5.99758e-05, "total": 0.000419747}}, "/base_top/ARBITER": {"energy": {"dynamic": 3.925492521532e-08, "internal": 1.346432603012e-08, "leakage": 1.329709604996e-11, "switching": 2.5790599185200002e-08, "total": 3.92682603646e-08}, "power": {"dynamic": 2.614022e-06, "internal": 8.96602e-07, "leakage": 8.85466e-10, "switching": 1.71742e-06, "total": 2.61491e-06}}, "/base_top/I2C_DEVICE": {"energy": {"dynamic": 1.4681581883012001e-08, "internal": 1.400157636868e-08, "leakage": 9.061819601100001e-11, "switching": 6.80005514332e-10, "total": 1.477219181964e-08}, "power": {"dynamic": 9.776602e-07, "internal": 9.32378e-07, "leakage": 6.03435e-09, "switching": 4.52822e-08, "total": 9.83694e-07}}, "/base_top/MEM": {"energy": {"dynamic": 2.9520492998526e-06, "internal": 2.8371881628600003e-06, "leakage": 1.7070642955e-07, "switching": 1.1486113699260002e-07, "total": 3.12275257582e-06}, "power": {"dynamic": 0.00019657971, "internal": 0.000188931, "leakage": 1.13675e-05, "switching": 7.64871e-06, "total": 0.000207947}}, "/base_top/MMIO": {"energy": {"dynamic": 6.19148878682e-10, "internal": 3.04385294258e-10, "leakage": 1.3046070875e-12, "switching": 3.1476358442399997e-10, "total": 6.20453861196e-10}, "power": {"dynamic": 4.12297e-08, "internal": 2.02693e-08, "leakage": 8.6875e-11, "switching": 2.09604e-08, "total": 4.13166e-08}}, "/base_top/SCALAR": {"energy": {"dynamic": 1.068234057982e-06, "internal": 5.75492783556e-07, "leakage": 6.800926132800001e-10, "switching": 4.927412744259999e-07, "total": 1.0689143308000001e-06}, "power": {"dynamic": 7.11347e-05, "internal": 3.83226e-05, "leakage": 4.5288e-08, "switching": 3.28121e-05, "total": 7.118e-05}}, "/base_top/VCU": {"energy": {"dynamic": 1.929430913156e-06, "internal": 1.71394210898e-06, "leakage": 7.40396621122e-08, "switching": 2.15488804176e-07, "total": 2.0034710257800002e-06}, "power": {"dynamic": 0.0001284826, "internal": 0.000114133, "leakage": 4.93037e-06, "switching": 1.43496e-05, "total": 0.000133413}}}, "perf": 750853}