{"physical": {"/panic_top": {"energy": {"dynamic": 5.5922672112e-08, "internal": 4.270969856e-08, "leakage": 2.509038648e-09, "switching": 1.3212973552e-08, "total": 5.8431710760000004e-08}, "power": {"dynamic": 0.0003294996, "internal": 0.000251648, "leakage": 1.47834e-05, "switching": 7.78516e-05, "total": 0.000344283}}, "/panic_top/I2C_DEVICE": {"energy": {"dynamic": 5.3217080732e-10, "internal": 4.3342923880000004e-10, "leakage": 1.1577891072e-12, "switching": 9.874156852000001e-11, "total": 5.33328128e-10}, "power": {"dynamic": 3.135581e-06, "internal": 2.55379e-06, "leakage": 6.82176e-09, "switching": 5.81791e-07, "total": 3.1424e-06}}, "/panic_top/MEM": {"energy": {"dynamic": 2.6689250712e-08, "internal": 2.309312152e-08, "leakage": 1.936369424e-09, "switching": 3.596129192e-09, "total": 2.8625654080000002e-08}, "power": {"dynamic": 0.0001572546, "internal": 0.000136066, "leakage": 1.14092e-05, "switching": 2.11886e-05, "total": 0.000168664}}, "/panic_top/MMIO": {"energy": {"dynamic": 6.4032979919999995e-12, "internal": 3.0776515639999996e-12, "leakage": 1.453176584e-14, "switching": 3.3256464279999995e-12, "total": 6.4178429959999995e-12}, "power": {"dynamic": 3.77286e-08, "internal": 1.81337e-08, "leakage": 8.5622e-11, "switching": 1.95949e-08, "total": 3.78143e-08}}, "/panic_top/SCALAR": {"energy": {"dynamic": 1.057134964e-08, "internal": 5.668427364e-09, "leakage": 8.203551976e-12, "switching": 4.902922276e-09, "total": 1.0579564088000001e-08}, "power": {"dynamic": 6.228700000000001e-05, "internal": 3.33987e-05, "leakage": 4.83358e-08, "switching": 2.88883e-05, "total": 6.23354e-05}}, "/panic_top/VCU": {"energy": {"dynamic": 1.810937858e-08, "internal": 1.3505061672e-08, "leakage": 5.632616444e-10, "switching": 4.604316908e-09, "total": 1.8672594399999998e-08}, "power": {"dynamic": 0.0001067015, "internal": 7.95726e-05, "leakage": 3.31877e-06, "switching": 2.71289e-05, "total": 0.00011002}}}, "perf": 8486}