{"physical": {"/base_top": {"energy": {"dynamic": 5.0585253498e-08, "internal": 4.253984722e-08, "leakage": 2.2233001960000003e-09, "switching": 8.045406278e-09, "total": 5.2808512900000005e-08}, "power": {"dynamic": 0.0003720051, "internal": 0.000312839, "leakage": 1.63502e-05, "switching": 5.91661e-05, "total": 0.000388355}}, "/base_top/ARBITER": {"energy": {"dynamic": 4.238387816e-10, "internal": 1.433541954e-10, "leakage": 1.1938404894e-13, "switching": 2.804845862e-10, "total": 4.23958444e-10}, "power": {"dynamic": 3.11692e-06, "internal": 1.05423e-06, "leakage": 8.77953e-10, "switching": 2.06269e-06, "total": 3.1178e-06}}, "/base_top/I2C_DEVICE": {"energy": {"dynamic": 4.5886614176e-10, "internal": 3.681563314e-10, "leakage": 8.22617809e-13, "switching": 9.070981036e-11, "total": 4.596899086e-10}, "power": {"dynamic": 3.374512e-06, "internal": 2.70743e-06, "leakage": 6.04955e-09, "switching": 6.67082e-07, "total": 3.38057e-06}}, "/base_top/MEM": {"energy": {"dynamic": 2.37396780374e-08, "internal": 2.2759380540000002e-08, "leakage": 1.5457390520000003e-09, "switching": 9.802974974e-10, "total": 2.528534502e-08}, "power": {"dynamic": 0.00017458213, "internal": 0.000167373, "leakage": 1.13674e-05, "switching": 7.20913e-06, "total": 0.000185949}}, "/base_top/MMIO": {"energy": {"dynamic": 6.106236292e-12, "internal": 2.993082976e-12, "leakage": 1.1647230920000001e-14, "switching": 3.113153316e-12, "total": 6.117876180000001e-12}, "power": {"dynamic": 4.49054e-08, "internal": 2.20112e-08, "leakage": 8.5654e-11, "switching": 2.28942e-08, "total": 4.4991e-08}}, "/base_top/SCALAR": {"energy": {"dynamic": 8.930554490000001e-09, "internal": 4.7714294160000005e-09, "leakage": 6.119888684000001e-12, "switching": 4.159125074000001e-09, "total": 8.93667359e-09}, "power": {"dynamic": 6.56755e-05, "internal": 3.50892e-05, "leakage": 4.50058e-08, "switching": 3.05863e-05, "total": 6.57205e-05}}, "/base_top/VCU": {"energy": {"dynamic": 1.653115659e-08, "internal": 1.446718416e-08, "leakage": 6.704616282000001e-10, "switching": 2.06397243e-09, "total": 1.720160598e-08}, "power": {"dynamic": 0.0001215705, "internal": 0.000106392, "leakage": 4.93059e-06, "switching": 1.51785e-05, "total": 0.000126501}}}, "perf": 6799}