{"physical": {"/panic_design_top": {"energy": {"dynamic": 3.56749323264e-06, "internal": 2.64692141056e-06, "leakage": 1.06124082176e-07, "switching": 9.2057182208e-07, "total": 3.67361784832e-06}, "power": {"dynamic": 0.000668691, "internal": 0.000496139, "leakage": 1.98919e-05, "switching": 0.000172552, "total": 0.000688583}}, "/panic_design_top/CGRA": {"energy": {"dynamic": 2.56509256704e-06, "internal": 1.8606432153600002e-06, "leakage": 4.49007102976e-08, "switching": 7.0444935168e-07, "total": 2.6099975987200004e-06}, "power": {"dynamic": 0.000480801, "internal": 0.000348759, "leakage": 8.41619e-06, "switching": 0.000132042, "total": 0.000489218}}, "/panic_design_top/I2C_DEVICE": {"energy": {"dynamic": 6.04084178432e-09, "internal": 5.7600292864e-09, "leakage": 3.65773543424e-11, "switching": 2.8081249792e-10, "total": 6.077410816e-09}, "power": {"dynamic": 1.1322955e-06, "internal": 1.07966e-06, "leakage": 6.85606e-09, "switching": 5.26355e-08, "total": 1.13915e-06}}, "/panic_design_top/MEM": {"energy": {"dynamic": 6.765956413440001e-07, "internal": 6.071542272e-07, "leakage": 6.0935226368e-08, "switching": 6.944141414400001e-08, "total": 7.3753193472e-07}, "power": {"dynamic": 0.0001268211, "internal": 0.000113805, "leakage": 1.14217e-05, "switching": 1.30161e-05, "total": 0.000138243}}, "/panic_design_top/MMIO": {"energy": {"dynamic": 2.0436564275200002e-10, "internal": 9.646926028800001e-11, "leakage": 4.658023424e-13, "switching": 1.0789638246399999e-10, "total": 2.04831391744e-10}, "power": {"dynamic": 3.83063e-08, "internal": 1.80822e-08, "leakage": 8.731e-11, "switching": 2.02241e-08, "total": 3.83936e-08}}, "/panic_design_top/SCALAR": {"energy": {"dynamic": 3.18977773568e-07, "internal": 1.73031885824e-07, "leakage": 2.49539026944e-10, "switching": 1.45945887744e-07, "total": 3.1922745344e-07}, "power": {"dynamic": 5.97892e-05, "internal": 3.24331e-05, "leakage": 4.67736e-08, "switching": 2.73561e-05, "total": 5.9836e-05}}}, "perf": 266752}