{"physical": {"/panic_top": {"energy": {"dynamic": 4.085610978e-07, "internal": 3.0171951144e-07, "leakage": 1.3295204964e-08, "switching": 1.0684158636e-07, "total": 4.2185711136e-07}, "power": {"dynamic": 0.000454745, "internal": 0.000335826, "leakage": 1.47981e-05, "switching": 0.000118919, "total": 0.000469544}}, "/panic_top/I2C_DEVICE": {"energy": {"dynamic": 1.44948110364e-09, "internal": 1.29667353e-09, "leakage": 6.1021505736e-12, "switching": 1.5280757364e-10, "total": 1.4555806128e-09}, "power": {"dynamic": 1.6133309999999999e-06, "internal": 1.44325e-06, "leakage": 6.79194e-09, "switching": 1.70081e-07, "total": 1.62012e-06}}, "/panic_top/MEM": {"energy": {"dynamic": 1.78556055444e-07, "internal": 1.5553613592e-07, "leakage": 1.0250391804e-08, "switching": 2.3019919524e-08, "total": 1.8880716600000002e-07}, "power": {"dynamic": 0.0001987401, "internal": 0.000173118, "leakage": 1.14091e-05, "switching": 2.56221e-05, "total": 0.00021015}}, "/panic_top/MMIO": {"energy": {"dynamic": 5.3832638076000005e-11, "internal": 2.6640722568000003e-11, "leakage": 7.284281988000001e-14, "switching": 2.7191915508e-11, "total": 5.3905411716e-11}, "power": {"dynamic": 5.99179e-08, "internal": 2.96522e-08, "leakage": 8.1077e-11, "switching": 3.02657e-08, "total": 5.99989e-08}}, "/panic_top/SCALAR": {"energy": {"dynamic": 9.769205308799999e-08, "internal": 5.2516243788e-08, "leakage": 4.3562300904e-11, "switching": 4.51758093e-08, "total": 9.773589696e-08}, "power": {"dynamic": 0.0001087352, "internal": 5.84527e-05, "leakage": 4.84866e-08, "switching": 5.02825e-05, "total": 0.000108784}}, "/panic_top/VCU": {"energy": {"dynamic": 1.30609457184e-07, "internal": 9.225092076e-08, "leakage": 2.9947880208000003e-09, "switching": 3.8358536424e-08, "total": 1.3360431708e-07}, "power": {"dynamic": 0.0001453736, "internal": 0.000102679, "leakage": 3.33332e-06, "switching": 4.26946e-05, "total": 0.000148707}}}, "perf": 44922}