{"icache": {"read_latency": 0, "destiny": {"leakage_power": 0.000295922, "hit_dynamic_energy": 0.00356465, "read_latency": 0.243833, "write_dynamic_energy": 0.00285388, "miss_dynamic_energy": 0.00356465}, "write_latency": 0, "invalid_latency": 1, "line_size": 4, "sets": 2, "type": "cache", "children": ["main"], "size": 128}, "power": {"avg": {"total": 822171.5589784603, "compute": 200521.30599999998, "vrf": 65420.981247174575, "memory": {"total": 556229.2717312857, "parts": {"icache": {"read": 104057.82575455391, "write": 0.0, "leakage": 295.922}, "main": {"read": 77256.51010503923, "write": 665.82269644994, "leakage": 37702.5}, "dcache": {"read": 310671.08183752163, "write": 24832.010337721047, "leakage": 747.5989999999999}}}}, "dynamic": 199751.423, "leakage": 769.883}, "energy": {"total": 247.34209180308002, "compute": 60.32482969704, "vrf": 19.6812479984, "memory": {"total": 167.33601410764, "parts": {"main": {"read": 23.241848500000003, "write": 0.2003061, "leakage": 11.3424201}, "icache": {"read": 31.3047563, "write": 0.0, "leakage": 0.08902517448000001}, "dcache": {"read": 93.46228826000001, "write": 7.47046199, "leakage": 0.22490768315999998}}}}, "frequency": 100000000.0, "dcache": {"read_latency": 0, "destiny": {"leakage_power": 0.000747599, "hit_dynamic_energy": 0.00958981, "read_latency": 0.305483, "write_dynamic_energy": 0.00778734, "miss_dynamic_energy": 0.00958981}, "write_latency": 0, "invalid_latency": 1, "line_size": 4, "sets": 8, "type": "cache", "children": ["main"], "size": 512}, "vrf": {"destiny": {"leakage_power": 0.00233276, "read_dynamic_energy": 0.00473775, "read_latency": 0.0549339, "write_dynamic_energy": 0.00455963}}, "cycles": 30084, "main": {"read_latency": 0, "destiny": {"leakage_power": 0.0377025, "read_dynamic_energy": 0.040280500000000004, "read_latency": 1.29522, "write_latency": 10.3834, "write_dynamic_energy": 0.0667687}, "write_latency": 0, "line_size": 4, "type": "main_mem", "size": 64}}