{"physical": {"/manic_top": {"energy": {"dynamic": 1.32375643548e-07, "internal": 1.04010769e-07, "leakage": 7.985757108000001e-09, "switching": 2.8364874548e-08, "total": 1.403615153e-07}, "power": {"dynamic": 0.00023093339999999998, "internal": 0.00018145, "leakage": 1.39314e-05, "switching": 4.94834e-05, "total": 0.000244865}}, "/manic_top/ARBITER": {"energy": {"dynamic": 6.602995698600001e-10, "internal": 2.8053558766000003e-10, "leakage": 4.4884215118000007e-13, "switching": 3.797639822e-10, "total": 6.607506940000001e-10}, "power": {"dynamic": 1.151913e-06, "internal": 4.89403e-07, "leakage": 7.83019e-10, "switching": 6.6251e-07, "total": 1.1527e-06}}, "/manic_top/I2C_DEVICE": {"energy": {"dynamic": 8.9610450804e-10, "internal": 7.826401948e-10, "leakage": 3.5285359608000004e-12, "switching": 1.1346431324000002e-10, "total": 8.996286646e-10}, "power": {"dynamic": 1.5632819999999998e-06, "internal": 1.36534e-06, "leakage": 6.15564e-09, "switching": 1.97942e-07, "total": 1.56943e-06}}, "/manic_top/MEM": {"energy": {"dynamic": 5.2552866922e-08, "internal": 5.0648343472e-08, "leakage": 6.515849062e-09, "switching": 1.9045234500000002e-09, "total": 5.9068601340000004e-08}, "power": {"dynamic": 9.16801e-05, "internal": 8.83576e-05, "leakage": 1.13671e-05, "switching": 3.3225e-06, "total": 0.000103047}}, "/manic_top/MMIO": {"energy": {"dynamic": 1.4545858754000001e-11, "internal": 7.07754734e-12, "leakage": 5.0747166600000004e-14, "switching": 7.468311414000002e-12, "total": 1.4596646046e-11}, "power": {"dynamic": 2.53757e-08, "internal": 1.2347e-08, "leakage": 8.853e-11, "switching": 1.30287e-08, "total": 2.54643e-08}}, "/manic_top/SCALAR": {"energy": {"dynamic": 2.0215061876e-08, "internal": 1.0569374292000001e-08, "leakage": 2.5863113180000003e-11, "switching": 9.645687584000001e-09, "total": 2.0240971420000003e-08}, "power": {"dynamic": 3.52658e-05, "internal": 1.84386e-05, "leakage": 4.5119e-08, "switching": 1.68272e-05, "total": 3.5311e-05}}, "/manic_top/VCU": {"energy": {"dynamic": 5.429763395800001e-08, "internal": 4.163543344600001e-08, "leakage": 1.4398713180000001e-09, "switching": 1.2662200512e-08, "total": 5.5737447954e-08}, "power": {"dynamic": 9.47239e-05, "internal": 7.26343e-05, "leakage": 2.5119e-06, "switching": 2.20896e-05, "total": 9.72357e-05}}}, "perf": 28661}