{"physical": {"/scalar_top": {"energy": {"dynamic": 2.346479490868e-06, "internal": 1.79450526336e-06, "leakage": 6.3152109028e-08, "switching": 5.51974227508e-07, "total": 2.40963491912e-06}, "power": {"dynamic": 0.00042416169999999996, "internal": 0.000324384, "leakage": 1.14157e-05, "switching": 9.97777e-05, "total": 0.000435578}}, "/scalar_top/I2C_DEVICE": {"energy": {"dynamic": 7.21031710296e-09, "internal": 6.4707165472000006e-09, "leakage": 3.34147939692e-11, "switching": 7.396005557600001e-10, "total": 7.2437638168e-09}, "power": {"dynamic": 1.303374e-06, "internal": 1.16968e-06, "leakage": 6.04023e-09, "switching": 1.33694e-07, "total": 1.30942e-06}}, "/scalar_top/MEM": {"energy": {"dynamic": 1.36118886822e-06, "internal": 1.29666591968e-06, "leakage": 6.2862783336e-08, "switching": 6.452294853999999e-08, "total": 1.42405220476e-06}, "power": {"dynamic": 0.00024605549999999997, "internal": 0.000234392, "leakage": 1.13634e-05, "switching": 1.16635e-05, "total": 0.000257419}}, "/scalar_top/MMIO": {"energy": {"dynamic": 6.94283190488e-10, "internal": 3.41662109624e-10, "leakage": 3.7246672116000006e-13, "switching": 3.52621080864e-10, "total": 6.9465273076e-10}, "power": {"dynamic": 1.255022e-07, "internal": 6.17606e-08, "leakage": 6.7329e-11, "switching": 6.37416e-08, "total": 1.25569e-07}}, "/scalar_top/SCALAR": {"energy": {"dynamic": 9.56020045804e-07, "internal": 4.885947516360001e-07, "leakage": 2.5083154486400004e-10, "switching": 4.67425294168e-07, "total": 9.562684344e-07}, "power": {"dynamic": 0.0001728151, "internal": 8.83209e-05, "leakage": 4.53416e-08, "switching": 8.44942e-05, "total": 0.00017286}}}, "perf": 276602}