{"physical": {"/panic_top": {"energy": {"dynamic": 1.5405923532e-08, "internal": 1.151696756e-08, "leakage": 5.961029600000001e-10, "switching": 3.888955972e-09, "total": 1.6002022480000002e-08}, "power": {"dynamic": 0.0003839961, "internal": 0.000287063, "leakage": 1.4858e-05, "switching": 9.69331e-05, "total": 0.000398854}}, "/panic_top/I2C_DEVICE": {"energy": {"dynamic": 2.676942808e-10, "internal": 2.073437708e-10, "leakage": 2.7521718200000003e-13, "switching": 6.035051e-11, "total": 2.679691028e-10}, "power": {"dynamic": 6.67234e-06, "internal": 5.16809e-06, "leakage": 6.85985e-09, "switching": 1.50425e-06, "total": 6.67919e-06}}, "/panic_top/MEM": {"energy": {"dynamic": 6.675843628e-09, "internal": 5.804361e-09, "leakage": 4.5766890000000004e-10, "switching": 8.71482628e-10, "total": 7.133536600000001e-09}, "power": {"dynamic": 0.0001663969, "internal": 0.000144675, "leakage": 1.14075e-05, "switching": 2.17219e-05, "total": 0.000177805}}, "/panic_top/MMIO": {"energy": {"dynamic": 2.021759136e-12, "internal": 9.78695304e-13, "leakage": 3.3298797600000004e-15, "switching": 1.0430638320000002e-12, "total": 2.025089096e-12}, "power": {"dynamic": 5.03928e-08, "internal": 2.43942e-08, "leakage": 8.2998e-11, "switching": 2.59986e-08, "total": 5.04758e-08}}, "/panic_top/SCALAR": {"energy": {"dynamic": 2.8919779840000005e-09, "internal": 1.555669048e-09, "leakage": 1.963059564e-12, "switching": 1.336308936e-09, "total": 2.8939398520000003e-09}, "power": {"dynamic": 7.208320000000001e-05, "internal": 3.87754e-05, "leakage": 4.89297e-08, "switching": 3.33078e-05, "total": 7.21321e-05}}, "/panic_top/VCU": {"energy": {"dynamic": 5.563624952e-09, "internal": 3.94642386e-09, "leakage": 1.361801184e-10, "switching": 1.617201092e-09, "total": 5.699808280000001e-09}, "power": {"dynamic": 0.0001386746, "internal": 9.83655e-05, "leakage": 3.39432e-06, "switching": 4.03091e-05, "total": 0.000142069}}}, "perf": 2006}