{"main": {"read_latency": 1, "destiny": {"leakage_power": 0.0377025, "read_dynamic_energy": 0.040280500000000004, "read_latency": 1.29522, "write_latency": 10.3834, "write_dynamic_energy": 0.0667687}, "write_latency": 1, "line_size": 4, "type": "main_mem", "size": 64}, "icache": {"line_size": 4, "destiny": {"leakage_power": 0.000295922, "hit_dynamic_energy": 0.00356465, "read_latency": 0.243833, "write_dynamic_energy": 0.00285388, "miss_dynamic_energy": 0.00356465}, "write_latency": 0, "invalid_latency": 0, "read_latency": 0, "sets": 2, "type": "cache", "children": ["main"], "size": 128}, "power": {"avg": {"total": 805008.2199457112, "compute": 220257.71600000001, "vrf": 2400.4589641234174, "memory": {"total": 582350.0449815878, "parts": {"icache": {"read": 79860.79570841872, "write": 0.0, "leakage": 295.922}, "main": {"read": 34110.079869745896, "write": 1395.397736753854, "leakage": 37702.5}, "dcache": {"read": 295627.8726288163, "write": 132983.67703785308, "leakage": 373.79999999999995}}}}, "dynamic": 219500.776, "leakage": 756.94}, "energy": {"total": 9937.9069760518, "compute": 2719.1035297916, "vrf": 29.633905958, "memory": {"total": 7189.169540302199, "parts": {"main": {"read": 421.092347, "write": 17.2263246, "leakage": 465.44113275}, "icache": {"read": 985.8895090999999, "write": 0.0, "leakage": 3.6531866822000003}, "dcache": {"read": 3649.5556503899998, "write": 1641.6967914, "leakage": 4.6145983799999994}}}}, "frequency": 100000000.0, "dcache": {"line_size": 4, "destiny": {"leakage_power": 0.0003738, "hit_dynamic_energy": 0.00790113, "read_latency": 0.304819, "write_dynamic_energy": 0.00609866, "miss_dynamic_energy": 0.00790113}, "write_latency": 0, "invalid_latency": 0, "read_latency": 0, "sets": 8, "type": "cache", "children": ["main"], "size": 256}, "vrf": {"destiny": {"leakage_power": 0.00116638, "read_dynamic_energy": 0.00356587, "read_latency": 0.0528274, "write_dynamic_energy": 0.0033877399999999998}}, "cycles": 1234510}