{"physical": {"/panic_top": {"energy": {"dynamic": 7.293274880000001e-09, "internal": 5.5044528000000004e-09, "leakage": 3.0105696e-10, "switching": 1.78882208e-09, "total": 7.5943276e-09}, "power": {"dynamic": 0.0003440224, "internal": 0.000259644, "leakage": 1.42008e-05, "switching": 8.43784e-05, "total": 0.000358223}}, "/panic_top/I2C_DEVICE": {"energy": {"dynamic": 1.76917392e-10, "internal": 1.36239892e-10, "leakage": 1.3575844e-13, "switching": 4.06775e-11, "total": 1.7705328399999998e-10}, "power": {"dynamic": 8.34516e-06, "internal": 6.42641e-06, "leakage": 6.4037e-09, "switching": 1.91875e-06, "total": 8.35157e-06}}, "/panic_top/MEM": {"energy": {"dynamic": 4.07544348e-09, "internal": 3.6573392e-09, "leakage": 2.4186656e-10, "switching": 4.1810427999999997e-10, "total": 4.3173164e-09}, "power": {"dynamic": 0.0001922379, "internal": 0.000172516, "leakage": 1.14088e-05, "switching": 1.97219e-05, "total": 0.000203647}}, "/panic_top/MMIO": {"energy": {"dynamic": 5.9646624e-13, "internal": 3.1253464e-13, "leakage": 2.0632264e-15, "switching": 2.839316e-13, "total": 5.98529e-13}, "power": {"dynamic": 2.8135199999999998e-08, "internal": 1.47422e-08, "leakage": 9.7322e-11, "switching": 1.3393e-08, "total": 2.82325e-08}}, "/panic_top/SCALAR": {"energy": {"dynamic": 9.522298e-10, "internal": 5.266249600000001e-10, "leakage": 1.02565812e-12, "switching": 4.2560484000000006e-10, "total": 9.5325588e-10}, "power": {"dynamic": 4.49165e-05, "internal": 2.48408e-05, "leakage": 4.83801e-08, "switching": 2.00757e-05, "total": 4.49649e-05}}, "/panic_top/VCU": {"energy": {"dynamic": 1.68616532e-09, "internal": 1.18316564e-09, "leakage": 5.8021855999999996e-11, "switching": 5.0299968e-10, "total": 1.7441876e-09}, "power": {"dynamic": 7.95361e-05, "internal": 5.58097e-05, "leakage": 2.73688e-06, "switching": 2.37264e-05, "total": 8.2273e-05}}}, "perf": 1060}