{"physical": {"/panic_top": {"energy": {"dynamic": 4.2731525143999997e-07, "internal": 3.0785655208e-07, "leakage": 1.0912812592e-08, "switching": 1.1945869936e-07, "total": 4.3822835935999996e-07}, "power": {"dynamic": 0.000578767, "internal": 0.000416969, "leakage": 1.47806e-05, "switching": 0.000161798, "total": 0.000593548}}, "/panic_top/I2C_DEVICE": {"energy": {"dynamic": 1.33710416488e-09, "internal": 1.1602477304e-09, "leakage": 5.4886044312e-12, "switching": 1.7685643448e-10, "total": 1.3425906208e-09}, "power": {"dynamic": 1.811009e-06, "internal": 1.57147e-06, "leakage": 7.43391e-09, "switching": 2.39539e-07, "total": 1.81844e-06}}, "/panic_top/MEM": {"energy": {"dynamic": 1.7368586690400002e-07, "internal": 1.5092515944e-07, "leakage": 8.42386204e-09, "switching": 2.2760707464000003e-08, "total": 1.8210958128e-07}, "power": {"dynamic": 0.0002352447, "internal": 0.000204417, "leakage": 1.14095e-05, "switching": 3.08277e-05, "total": 0.000246654}}, "/panic_top/MMIO": {"energy": {"dynamic": 5.792999000800001e-11, "internal": 3.08783882e-11, "leakage": 8.127500392e-14, "switching": 2.7051601808000003e-11, "total": 5.8011205208000006e-11}, "power": {"dynamic": 7.846190000000001e-08, "internal": 4.18225e-08, "leakage": 1.10081e-10, "switching": 3.66394e-08, "total": 7.85719e-08}}, "/panic_top/SCALAR": {"energy": {"dynamic": 9.7041606024e-08, "internal": 5.2414591944000004e-08, "leakage": 3.6609301872e-11, "switching": 4.4627014079999996e-08, "total": 9.70780052e-08}, "power": {"dynamic": 0.0001314357, "internal": 7.09917e-05, "leakage": 4.95846e-08, "switching": 6.0444e-05, "total": 0.000131485}}, "/panic_top/VCU": {"energy": {"dynamic": 1.549604474e-07, "internal": 1.0324223888000001e-07, "leakage": 2.4466374328000002e-09, "switching": 5.171820852e-08, "total": 1.5740760904e-07}, "power": {"dynamic": 0.0002098825, "internal": 0.000139834, "leakage": 3.31379e-06, "switching": 7.00485e-05, "total": 0.000213197}}}, "perf": 36916}