{"physical": {"/manic_top": {"energy": {"dynamic": 9.089737191920001e-07, "internal": 7.3115000112e-07, "leakage": 6.267404959200001e-08, "switching": 1.77823718072e-07, "total": 9.716495685600001e-07}, "power": {"dynamic": 0.0002020193, "internal": 0.000162498, "leakage": 1.39293e-05, "switching": 3.95213e-05, "total": 0.000215949}}, "/manic_top/ARBITER": {"energy": {"dynamic": 5.1256405631200005e-09, "internal": 2.17414290632e-09, "leakage": 3.5141391304800006e-12, "switching": 2.9514976568e-09, "total": 5.1291366280000005e-09}, "power": {"dynamic": 1.139173e-06, "internal": 4.83203e-07, "leakage": 7.81017e-10, "switching": 6.5597e-07, "total": 1.13995e-06}}, "/manic_top/I2C_DEVICE": {"energy": {"dynamic": 4.217422749848e-09, "internal": 4.05547125632e-09, "leakage": 2.76635469968e-11, "switching": 1.6195149352800003e-10, "total": 4.2450866568e-09}, "power": {"dynamic": 9.373217e-07, "internal": 9.01328e-07, "leakage": 6.14822e-09, "switching": 3.59937e-08, "total": 9.4347e-07}}, "/manic_top/MEM": {"energy": {"dynamic": 2.500799550656e-07, "internal": 2.41733763832e-07, "leakage": 5.1145584424000004e-08, "switching": 8.346191233600001e-09, "total": 3.01225809456e-07}, "power": {"dynamic": 5.5580239999999996e-05, "internal": 5.37253e-05, "leakage": 1.13671e-05, "switching": 1.85494e-06, "total": 6.69474e-05}}, "/manic_top/MMIO": {"energy": {"dynamic": 5.676178543200001e-11, "internal": 2.7654368139200003e-11, "leakage": 3.79527764e-13, "switching": 2.91074172928e-11, "total": 5.7141088224e-11}, "power": {"dynamic": 1.26153e-08, "internal": 6.14618e-09, "leakage": 8.435e-11, "switching": 6.46912e-09, "total": 1.26996e-08}}, "/manic_top/SCALAR": {"energy": {"dynamic": 7.414879144640002e-08, "internal": 4.24559959296e-08, "leakage": 2.0080550776000003e-10, "switching": 3.16927955168e-08, "total": 7.4349646448e-08}, "power": {"dynamic": 1.647956e-05, "internal": 9.43584e-06, "leakage": 4.4629e-08, "switching": 7.04372e-06, "total": 1.65242e-05}}, "/manic_top/VCU": {"energy": {"dynamic": 5.467409026640001e-07, "internal": 4.4038403983200004e-07, "leakage": 1.1294899237600001e-08, "switching": 1.0635686283200001e-07, "total": 5.580340471199999e-07}, "power": {"dynamic": 0.0001215131, "internal": 9.78753e-05, "leakage": 2.51029e-06, "switching": 2.36378e-05, "total": 0.000124023}}}, "perf": 224972}