{"physical": {"/scalar_top": {"energy": {"dynamic": 3.12334630443e-06, "internal": 2.398137588e-06, "leakage": 8.392452314399999e-08, "switching": 7.252087164299999e-07, "total": 3.2072700924e-06}, "power": {"dynamic": 0.0004248445, "internal": 0.0003262, "leakage": 1.14156e-05, "switching": 9.86445e-05, "total": 0.00043626}}, "/scalar_top/I2C_DEVICE": {"energy": {"dynamic": 9.51277662126e-09, "internal": 8.484863686200001e-09, "leakage": 4.44159783144e-11, "switching": 1.02791293506e-09, "total": 9.557188482599999e-09}, "power": {"dynamic": 1.293949e-06, "internal": 1.15413e-06, "leakage": 6.04156e-09, "switching": 1.39819e-07, "total": 1.29999e-06}}, "/scalar_top/MEM": {"energy": {"dynamic": 1.810639459728e-06, "internal": 1.72572539238e-06, "leakage": 8.3540762316e-08, "switching": 8.4914067348e-08, "total": 1.89418316274e-06}, "power": {"dynamic": 0.0002462872, "internal": 0.000234737, "leakage": 1.13634e-05, "switching": 1.15502e-05, "total": 0.000257651}}, "/scalar_top/MMIO": {"energy": {"dynamic": 1.2111396159059998e-09, "internal": 6.0143849766e-10, "leakage": 4.9031694756e-13, "switching": 6.09701118246e-10, "total": 1.21163291766e-09}, "power": {"dynamic": 1.647419e-07, "internal": 8.1809e-08, "leakage": 6.6694e-11, "switching": 8.29329e-08, "total": 1.64809e-07}}, "/scalar_top/SCALAR": {"energy": {"dynamic": 1.274763044214e-06, "internal": 6.6064941162e-07, "leakage": 3.32955158382e-10, "switching": 6.141136325939999e-07, "total": 1.27509313734e-06}, "power": {"dynamic": 0.0001733961, "internal": 8.9863e-05, "leakage": 4.52893e-08, "switching": 8.35331e-05, "total": 0.000173441}}}, "perf": 367587}