{
    "cgra_minus_noc": {
        "energy": {
            "dynamic": 0.0,
            "internal": 0.0,
            "leakage": 0.0,
            "switching": 0.0,
            "total": 0.0
        }
    },
    "count": 42439,
    "noc": {
        "energy": {
            "dynamic": 0.0,
            "internal": 0.0,
            "leakage": 0.0,
            "switching": 0.0,
            "total": 0.0
        }
    },
    "perf": 46862,
    "physical": {
        "/scalar_top": {
            "energy": {
                "dynamic": 3.3768785317200004e-07,
                "internal": 2.5842799692e-07,
                "leakage": 7.260713928400001e-08,
                "switching": 7.9259856252e-08,
                "total": 4.1029461756000003e-07
            },
            "power": {
                "dynamic": 0.0003603003,
                "internal": 0.000275733,
                "leakage": 7.74691e-05,
                "switching": 8.45673e-05,
                "total": 0.000437769
            }
        },
        "/scalar_top/ALIGNER": {
            "energy": {
                "dynamic": 1.1583564725200001e-08,
                "internal": 7.1627442312e-09,
                "leakage": 1.6002342036e-12,
                "switching": 4.420820494e-09,
                "total": 1.1585129916e-08
            },
            "power": {
                "dynamic": 1.235923e-05,
                "internal": 7.64238e-06,
                "leakage": 1.70739e-09,
                "switching": 4.71685e-06,
                "total": 1.23609e-05
            }
        },
        "/scalar_top/CORE": {
            "energy": {
                "dynamic": 2.0269680107599998e-07,
                "internal": 1.5840480687999998e-07,
                "leakage": 6.0565479764e-10,
                "switching": 4.4291994196e-08,
                "total": 2.0330235183999999e-07
            },
            "power": {
                "dynamic": 0.00021626989999999998,
                "internal": 0.000169012,
                "leakage": 6.46211e-07,
                "switching": 4.72579e-05,
                "total": 0.000216916
            }
        },
        "/scalar_top/INSN_DATA_CONFLICT": {
            "energy": {
                "dynamic": 2.0246980154800003e-10,
                "internal": 5.8083293348000004e-11,
                "leakage": 5.82682108e-15,
                "switching": 1.443865082e-10,
                "total": 2.0247570616e-10
            },
            "power": {
                "dynamic": 2.1602770000000003e-07,
                "internal": 6.19727e-08,
                "leakage": 6.217e-12,
                "switching": 1.54055e-07,
                "total": 2.16034e-07
            }
        },
        "/scalar_top/MM": {
            "energy": {
                "dynamic": 1.02378192988e-07,
                "internal": 9.2685725528e-08,
                "leakage": 7.1999807764e-08,
                "switching": 9.692467459999999e-09,
                "total": 1.7437818819999999e-07
            },
            "power": {
                "dynamic": 0.0001092337,
                "internal": 9.88922e-05,
                "leakage": 7.68211e-05,
                "switching": 1.03415e-05,
                "total": 0.000186055
            }
        }
    }
}
