{"physical": {"/panic_top": {"energy": {"dynamic": 5.81339552767e-06, "internal": 4.52171858008e-06, "leakage": 2.0945727890199998e-07, "switching": 1.29167694759e-06, "total": 6.02284998744e-06}, "power": {"dynamic": 0.0004124245, "internal": 0.000320788, "leakage": 1.48597e-05, "switching": 9.16365e-05, "total": 0.000427284}}, "/panic_top/I2C_DEVICE": {"energy": {"dynamic": 1.4317221222144002e-08, "internal": 1.378200337368e-08, "leakage": 9.5778600134e-11, "switching": 5.352178484639999e-10, "total": 1.44129533066e-08}, "power": {"dynamic": 1.0157184000000001e-06, "internal": 9.77748e-07, "leakage": 6.7949e-09, "switching": 3.79704e-08, "total": 1.02251e-06}}, "/panic_top/MEM": {"energy": {"dynamic": 3.036102265682e-06, "internal": 2.6964856623399997e-06, "leakage": 1.6079624145e-07, "switching": 3.3961660334199996e-07, "total": 3.196895688e-06}, "power": {"dynamic": 0.0002153927, "internal": 0.000191299, "leakage": 1.14075e-05, "switching": 2.40937e-05, "total": 0.0002268}}, "/panic_top/MMIO": {"energy": {"dynamic": 5.530981931739999e-10, "internal": 2.6915662769999997e-10, "leakage": 1.21714614534e-12, "switching": 2.83941565474e-10, "total": 5.54316058198e-10}, "power": {"dynamic": 3.92389e-08, "internal": 1.9095e-08, "leakage": 8.6349e-11, "switching": 2.01439e-08, "total": 3.93253e-08}}, "/panic_top/SCALAR": {"energy": {"dynamic": 7.24064453314e-07, "internal": 3.9498012712399995e-07, "leakage": 6.925958923639999e-10, "switching": 3.2908432619e-07, "total": 7.247565502199999e-07}, "power": {"dynamic": 5.13679e-05, "internal": 2.80214e-05, "leakage": 4.91354e-08, "switching": 2.33465e-05, "total": 5.1417e-05}}, "/panic_top/VCU": {"energy": {"dynamic": 2.0365409568e-06, "internal": 1.4153452206e-06, "leakage": 4.7867169880799994e-08, "switching": 6.211957362e-07, "total": 2.0844098181599996e-06}, "power": {"dynamic": 0.00014448, "internal": 0.00010041, "leakage": 3.39588e-06, "switching": 4.407e-05, "total": 0.000147876}}}, "perf": 704783}