{"physical": {"/panic_top": {"energy": {"dynamic": 6.811064240000001e-09, "internal": 5.4237753600000005e-09, "leakage": 2.7591107200000003e-10, "switching": 1.38728888e-09, "total": 7.08696784e-09}, "power": {"dynamic": 0.00036461800000000004, "internal": 0.000290352, "leakage": 1.47704e-05, "switching": 7.4266e-05, "total": 0.000379388}}, "/panic_top/I2C_DEVICE": {"energy": {"dynamic": 1.615537932e-10, "internal": 1.240684504e-10, "leakage": 1.4201582080000003e-13, "switching": 3.7485342800000004e-11, "total": 1.616957612e-10}, "power": {"dynamic": 8.64849e-06, "internal": 6.64178e-06, "leakage": 7.60256e-09, "switching": 2.00671e-06, "total": 8.65609e-06}}, "/panic_top/MEM": {"energy": {"dynamic": 3.540265356e-09, "internal": 3.1615713200000004e-09, "leakage": 2.13131328e-10, "switching": 3.78694036e-10, "total": 3.75339108e-09}, "power": {"dynamic": 0.0001895217, "internal": 0.000169249, "leakage": 1.14096e-05, "switching": 2.02727e-05, "total": 0.000200931}}, "/panic_top/MMIO": {"energy": {"dynamic": 6.000688479999999e-13, "internal": 3.13629728e-13, "leakage": 2.2016621600000004e-15, "switching": 2.8643912e-13, "total": 6.0227122e-13}, "power": {"dynamic": 3.2123599999999995e-08, "internal": 1.67896e-08, "leakage": 1.17862e-10, "switching": 1.5334e-08, "total": 3.22415e-08}}, "/panic_top/SCALAR": {"energy": {"dynamic": 8.536236960000001e-10, "internal": 4.76313848e-10, "leakage": 9.193175200000001e-13, "switching": 3.7730984800000003e-10, "total": 8.545427520000001e-10}, "power": {"dynamic": 4.56972e-05, "internal": 2.54986e-05, "leakage": 4.9214e-08, "switching": 2.01986e-05, "total": 4.57464e-05}}, "/panic_top/VCU": {"energy": {"dynamic": 2.253168524e-09, "internal": 1.6608126480000001e-09, "leakage": 6.1712182e-11, "switching": 5.923558760000001e-10, "total": 2.3148816400000005e-09}, "power": {"dynamic": 0.0001206193, "internal": 8.89086e-05, "leakage": 3.30365e-06, "switching": 3.17107e-05, "total": 0.000123923}}}, "perf": 934}