{"physical": {"/panic_top": {"energy": {"dynamic": 4.95835081e-09, "internal": 3.7973459999999995e-09, "leakage": 2.4151770999999994e-10, "switching": 1.1610048099999997e-09, "total": 5.1998652999999995e-09}, "power": {"dynamic": 0.00030797210000000003, "internal": 0.00023586, "leakage": 1.50011e-05, "switching": 7.21121e-05, "total": 0.000322973}}, "/panic_top/I2C_DEVICE": {"energy": {"dynamic": 1.4585150999999997e-10, "internal": 1.1182882899999999e-10, "leakage": 1.13362032e-13, "switching": 3.402268099999999e-11, "total": 1.4596501499999999e-10}, "power": {"dynamic": 9.0591e-06, "internal": 6.94589e-06, "leakage": 7.04112e-09, "switching": 2.11321e-06, "total": 9.06615e-06}}, "/panic_top/MEM": {"energy": {"dynamic": 2.1140877799999997e-09, "internal": 1.8265127999999998e-09, "leakage": 1.8373641999999998e-10, "switching": 2.8757498e-10, "total": 2.2978241999999995e-09}, "power": {"dynamic": 0.0001313098, "internal": 0.000113448, "leakage": 1.14122e-05, "switching": 1.78618e-05, "total": 0.000142722}}, "/panic_top/MMIO": {"energy": {"dynamic": 7.899770899999999e-13, "internal": 3.8096946999999995e-13, "leakage": 1.3325808999999997e-15, "switching": 4.0900762e-13, "total": 7.913101699999998e-13}, "power": {"dynamic": 4.90669e-08, "internal": 2.36627e-08, "leakage": 8.2769e-11, "switching": 2.54042e-08, "total": 4.91497e-08}}, "/panic_top/SCALAR": {"energy": {"dynamic": 1.1280980199999997e-09, "internal": 6.108178999999999e-10, "leakage": 8.2623107e-13, "switching": 5.172801199999999e-10, "total": 1.1289255599999998e-09}, "power": {"dynamic": 7.00682e-05, "internal": 3.7939e-05, "leakage": 5.13187e-08, "switching": 3.21292e-05, "total": 7.01196e-05}}, "/panic_top/VCU": {"energy": {"dynamic": 1.56750244e-09, "internal": 1.24688543e-09, "leakage": 5.6837508e-11, "switching": 3.2061700999999994e-10, "total": 1.6243450999999998e-09}, "power": {"dynamic": 9.73604e-05, "internal": 7.74463e-05, "leakage": 3.53028e-06, "switching": 1.99141e-05, "total": 0.000100891}}}, "perf": 805}