{"physical": {"/panic_top": {"energy": {"dynamic": 1.2244293152e-08, "internal": 8.27156168e-09, "leakage": 6.32589052e-10, "switching": 3.972731472e-09, "total": 1.2876895320000001e-08}, "power": {"dynamic": 0.0002800616, "internal": 0.000189194, "leakage": 1.44691e-05, "switching": 9.08676e-05, "total": 0.000294531}}, "/panic_top/I2C_DEVICE": {"energy": {"dynamic": 2.7720316239999997e-10, "internal": 2.1591559199999998e-10, "leakage": 3.00317052e-13, "switching": 6.12875704e-11, "total": 2.775030816e-10}, "power": {"dynamic": 6.340419999999999e-06, "internal": 4.9386e-06, "leakage": 6.8691e-09, "switching": 1.40182e-06, "total": 6.34728e-06}}, "/panic_top/MEM": {"energy": {"dynamic": 4.669212932e-09, "internal": 4.0926947800000005e-09, "leakage": 4.98871432e-10, "switching": 5.76518152e-10, "total": 5.16809748e-09}, "power": {"dynamic": 0.0001067981, "internal": 9.36115e-05, "leakage": 1.14106e-05, "switching": 1.31866e-05, "total": 0.000118209}}, "/panic_top/MMIO": {"energy": {"dynamic": 1.3562687239999997e-12, "internal": 6.74722016e-13, "leakage": 3.71418888e-15, "switching": 6.81546708e-13, "total": 1.359984924e-12}, "power": {"dynamic": 3.1021699999999995e-08, "internal": 1.54328e-08, "leakage": 8.4954e-11, "switching": 1.55889e-08, "total": 3.11067e-08}}, "/panic_top/SCALAR": {"energy": {"dynamic": 2.006476936e-09, "internal": 1.084728176e-09, "leakage": 2.0732286320000002e-12, "switching": 9.217487600000001e-10, "total": 2.0085492640000003e-09}, "power": {"dynamic": 4.5893800000000004e-05, "internal": 2.48108e-05, "leakage": 4.74206e-08, "switching": 2.1083e-05, "total": 4.59412e-05}}, "/panic_top/VCU": {"energy": {"dynamic": 3.9267074280000004e-09, "internal": 2.8765748880000003e-09, "leakage": 1.31330508e-10, "switching": 1.05013254e-09, "total": 4.0580423080000005e-09}, "power": {"dynamic": 8.98149e-05, "internal": 6.57954e-05, "leakage": 3.0039e-06, "switching": 2.40195e-05, "total": 9.28189e-05}}}, "perf": 2186}