{"physical": {"/scalar_top": {"energy": {"dynamic": 4.6561246512e-06, "internal": 3.5687452942399996e-06, "leakage": 1.1791218902399999e-07, "switching": 1.0873793569599999e-06, "total": 4.774030642799999e-06}, "power": {"dynamic": 0.00045077999999999996, "internal": 0.000345506, "leakage": 1.14156e-05, "switching": 0.000105274, "total": 0.000462195}}, "/scalar_top/I2C_DEVICE": {"energy": {"dynamic": 1.2469733539999999e-08, "internal": 1.12274598992e-08, "leakage": 6.241115839199999e-11, "switching": 1.2422736408e-09, "total": 1.25321209416e-08}, "power": {"dynamic": 1.20725e-06, "internal": 1.08698e-06, "leakage": 6.0423e-09, "switching": 1.2027e-07, "total": 1.21329e-06}}, "/scalar_top/MEM": {"energy": {"dynamic": 2.7340214860080004e-06, "internal": 2.60055272984e-06, "leakage": 1.17373013136e-07, "switching": 1.33468756168e-07, "total": 2.85140379528e-06}, "power": {"dynamic": 0.00026469270000000004, "internal": 0.000251771, "leakage": 1.13634e-05, "switching": 1.29217e-05, "total": 0.000276057}}, "/scalar_top/MMIO": {"energy": {"dynamic": 1.60024718008e-09, "internal": 7.95123301776e-10, "leakage": 7.2382813608e-13, "switching": 8.051238783039999e-10, "total": 1.60097021288e-09}, "power": {"dynamic": 1.54927e-07, "internal": 7.69794e-08, "leakage": 7.0077e-11, "switching": 7.79476e-08, "total": 1.54997e-07}}, "/scalar_top/SCALAR": {"energy": {"dynamic": 1.868886918208e-06, "internal": 9.51682626864e-07, "leakage": 4.67470659416e-10, "switching": 9.17204291344e-07, "total": 1.8693496591999998e-06}, "power": {"dynamic": 0.0001809352, "internal": 9.21366e-05, "leakage": 4.52579e-08, "switching": 8.87986e-05, "total": 0.00018098}}}, "perf": 516452}