{"physical": {"/manic_top": {"energy": {"dynamic": 2.43289992904e-07, "internal": 1.8720468031999999e-07, "leakage": 1.3622434531999999e-08, "switching": 5.6085312584e-08, "total": 2.5691252524e-07}, "power": {"dynamic": 0.0002487526, "internal": 0.000191408, "leakage": 1.39283e-05, "switching": 5.73446e-05, "total": 0.000262681}}, "/manic_top/ARBITER": {"energy": {"dynamic": 1.25759512928e-09, "internal": 5.119843792e-10, "leakage": 7.670092872399999e-13, "switching": 7.4561075008e-10, "total": 1.2583658248e-09}, "power": {"dynamic": 1.285832e-06, "internal": 5.2348e-07, "leakage": 7.84231e-10, "switching": 7.62352e-07, "total": 1.28662e-06}}, "/manic_top/I2C_DEVICE": {"energy": {"dynamic": 1.2903447986799999e-09, "internal": 1.1530993795999999e-09, "leakage": 6.0273377668e-12, "switching": 1.3724541908e-10, "total": 1.2963724591999999e-09}, "power": {"dynamic": 1.319317e-06, "internal": 1.17899e-06, "leakage": 6.16267e-09, "switching": 1.40327e-07, "total": 1.32548e-06}}, "/manic_top/MEM": {"energy": {"dynamic": 1.1314822505e-07, "internal": 1.0802451799999999e-07, "leakage": 1.1117576288e-08, "switching": 5.123707049999999e-09, "total": 1.2426585024e-07}, "power": {"dynamic": 0.00011568875, "internal": 0.00011045, "leakage": 1.13672e-05, "switching": 5.23875e-06, "total": 0.000127056}}, "/manic_top/MMIO": {"energy": {"dynamic": 4.6123486163999996e-11, "internal": 2.2298920783999998e-11, "leakage": 8.490169632e-14, "switching": 2.3824565379999998e-11, "total": 4.6208477839999994e-11}, "power": {"dynamic": 4.71591e-08, "internal": 2.27996e-08, "leakage": 8.6808e-11, "switching": 2.43595e-08, "total": 4.7246e-08}}, "/manic_top/SCALAR": {"energy": {"dynamic": 5.649432891199999e-08, "internal": 3.0436604799999996e-08, "leakage": 4.3522193175999996e-11, "switching": 2.6057724111999996e-08, "total": 5.653775388799999e-08}, "power": {"dynamic": 5.7762799999999995e-05, "internal": 3.112e-05, "leakage": 4.44994e-08, "switching": 2.66428e-05, "total": 5.78072e-05}}, "/manic_top/VCU": {"energy": {"dynamic": 6.4650595688e-08, "internal": 4.6864840484e-08, "leakage": 2.4542446739999997e-09, "switching": 1.7785755203999997e-08, "total": 6.710479146e-08}, "power": {"dynamic": 6.61022e-05, "internal": 4.79171e-05, "leakage": 2.50935e-06, "switching": 1.81851e-05, "total": 6.86115e-05}}}, "perf": 48902}