{"physical": {"/manic_top": {"energy": {"dynamic": 4.0841580406e-08, "internal": 3.153794482e-08, "leakage": 2.417256014e-09, "switching": 9.303635586e-09, "total": 4.325883642e-08}, "power": {"dynamic": 0.0002353439, "internal": 0.000181733, "leakage": 1.39291e-05, "switching": 5.36109e-05, "total": 0.000249273}}, "/manic_top/ARBITER": {"energy": {"dynamic": 1.9551693205999999e-10, "internal": 8.20983032e-11, "leakage": 1.3606559886e-13, "switching": 1.1341862886e-10, "total": 1.9565246679999998e-10}, "power": {"dynamic": 1.126639e-06, "internal": 4.7308e-07, "leakage": 7.84059e-10, "switching": 6.53559e-07, "total": 1.12742e-06}}, "/manic_top/I2C_DEVICE": {"energy": {"dynamic": 5.0369256132e-10, "internal": 4.080567498e-10, "leakage": 1.0690723452e-12, "switching": 9.563581152e-11, "total": 5.047619148e-10}, "power": {"dynamic": 2.902458e-06, "internal": 2.35137e-06, "leakage": 6.16038e-09, "switching": 5.51088e-07, "total": 2.90862e-06}}, "/manic_top/MEM": {"energy": {"dynamic": 1.812391021e-08, "internal": 1.7361809299999997e-08, "leakage": 1.972646534e-09, "switching": 7.6210091e-10, "total": 2.0096626160000002e-08}, "power": {"dynamic": 0.0001044365, "internal": 0.000100045, "leakage": 1.13671e-05, "switching": 4.3915e-06, "total": 0.000115804}}, "/manic_top/MMIO": {"energy": {"dynamic": 6.424520216000001e-12, "internal": 3.147894122e-12, "leakage": 1.504574446e-14, "switching": 3.276626094e-12, "total": 6.439566134e-12}, "power": {"dynamic": 3.7020400000000005e-08, "internal": 1.81393e-08, "leakage": 8.6699e-11, "switching": 1.88811e-08, "total": 3.71071e-08}}, "/manic_top/SCALAR": {"energy": {"dynamic": 8.909404768e-09, "internal": 4.684052848e-09, "leakage": 7.738096538e-12, "switching": 4.22535192e-09, "total": 8.917127298e-09}, "power": {"dynamic": 5.1339200000000005e-05, "internal": 2.69912e-05, "leakage": 4.45897e-08, "switching": 2.4348e-05, "total": 5.13837e-05}}, "/manic_top/VCU": {"energy": {"dynamic": 1.1968116684e-08, "internal": 8.968338952e-09, "leakage": 4.3560275399999995e-10, "switching": 2.999777732e-09, "total": 1.2403702084e-08}, "power": {"dynamic": 6.89646e-05, "internal": 5.16788e-05, "leakage": 2.5101e-06, "switching": 1.72858e-05, "total": 7.14746e-05}}}, "perf": 8677}