{"physical": {"/dot_design_top": {"energy": {"dynamic": 3.124731231672e-06, "internal": 2.5794841832800002e-06, "leakage": 8.602609440000001e-08, "switching": 5.45247048392e-07, "total": 3.2107550740800003e-06}, "power": {"dynamic": 0.00041626230000000003, "internal": 0.000343627, "leakage": 1.146e-05, "switching": 7.26353e-05, "total": 0.000427722}}, "/dot_design_top/DOT": {"energy": {"dynamic": 6.18791852464e-07, "internal": 4.0304276156e-07, "leakage": 2.24236848752e-10, "switching": 2.15749090904e-07, "total": 6.19015550336e-07}, "power": {"dynamic": 8.24326e-05, "internal": 5.36915e-05, "leakage": 2.98718e-08, "switching": 2.87411e-05, "total": 8.24624e-05}}, "/dot_design_top/I2C_DEVICE": {"energy": {"dynamic": 7.8674466516e-09, "internal": 7.556484089600001e-09, "leakage": 4.626717564e-11, "switching": 3.10962562e-10, "total": 7.9137250872e-09}, "power": {"dynamic": 1.048065e-06, "internal": 1.00664e-06, "leakage": 6.1635e-09, "switching": 4.1425e-08, "total": 1.05423e-06}}, "/dot_design_top/MEM": {"energy": {"dynamic": 2.1798344230000003e-06, "internal": 2.02222125624e-06, "leakage": 8.5404544608e-08, "switching": 1.5761316676e-07, "total": 2.2652412196e-06}, "power": {"dynamic": 0.00029038750000000003, "internal": 0.000269391, "leakage": 1.13772e-05, "switching": 2.09965e-05, "total": 0.000301765}}, "/dot_design_top/MMIO": {"energy": {"dynamic": 2.77320804176e-10, "internal": 1.24981052016e-10, "leakage": 6.712587620800001e-13, "switching": 1.5233975216e-10, "total": 2.77991897792e-10}, "power": {"dynamic": 3.69434e-08, "internal": 1.66494e-08, "leakage": 8.9422e-11, "switching": 2.0294e-08, "total": 3.70328e-08}}, "/dot_design_top/SCALAR": {"energy": {"dynamic": 2.85024868808e-07, "internal": 1.46224092552e-07, "leakage": 3.48829056816e-10, "switching": 1.38800776256e-07, "total": 2.85373927568e-07}, "power": {"dynamic": 3.79697e-05, "internal": 1.94793e-05, "leakage": 4.64694e-08, "switching": 1.84904e-05, "total": 3.80162e-05}}}, "perf": 375332}