{"can_map": false, "original": {"area": 248337.573, "energy": 7.478885004920001e-08}, "all_cf_pes": {"extra_pes": 21, "area": 319590.94608333334, "energy": 1.6916101211904302e-07}, "fused_into_pe": {"extra_pes": 15, "area": 287112.9111753731, "energy": 1.4299237211904303e-07}}