{"can_map": false, "original": {"area": 248337.573, "energy": 1.0123268103068e-06}, "all_cf_pes": {"extra_pes": 21, "area": 319590.94608333334, "energy": 1.657291338794383e-06}, "fused_into_pe": {"extra_pes": 17, "area": 299873.4850053897, "energy": 1.528729418794383e-06}}