{"can_map": false, "original": {"area": 248337.573, "energy": 7.534030247679999e-08}, "all_cf_pes": {"extra_pes": 17, "area": 294524.98952777777, "energy": 1.545335592748636e-07}, "fused_into_pe": {"extra_pes": 12, "area": 267972.05043034826, "energy": 1.3098635927486358e-07}}