{"can_map": false, "original": {"area": 248337.573, "energy": 1.9019279996209999e-06}, "all_cf_pes": {"extra_pes": 13, "area": 269459.0329722222, "energy": 2.5669717711946257e-06}, "fused_into_pe": {"extra_pes": 10, "area": 255211.47660033166, "energy": 2.4195565711946255e-06}}