{"can_map": true, "original": {"area": 248337.573, "energy": 2.5296546448e-08}, "all_cf_pes": {"extra_pes": 6, "area": 225593.609, "energy": 3.0040894111802284e-08}, "fused_into_pe": {"extra_pes": 4, "area": 216929.7551102819, "energy": 2.8490174111802282e-08}}