{"can_map": false, "original": {"area": 248337.573, "energy": 1.6776079215684003e-06}, "all_cf_pes": {"extra_pes": 17, "area": 294524.98952777777, "energy": 2.5156295485967916e-06}, "fused_into_pe": {"extra_pes": 10, "area": 255211.47660033166, "energy": 2.1259837885967916e-06}}