{"can_map": false, "original": {"area": 248337.573, "energy": 8.39011442595e-07}, "all_cf_pes": {"extra_pes": 13, "area": 269459.0329722222, "energy": 1.156326398353298e-06}, "fused_into_pe": {"extra_pes": 10, "area": 255211.47660033166, "energy": 1.076495198353298e-06}}