{"can_map": false, "original": {"area": 248337.573, "energy": 2.1334939122335998e-06}, "all_cf_pes": {"extra_pes": 18, "area": 300791.47866666666, "energy": 3.987088256695818e-06}, "fused_into_pe": {"extra_pes": 13, "area": 274352.33734535653, "energy": 3.4548306566958187e-06}}