{"can_map": true, "original": {"area": 248337.573, "energy": 2.4804402083999997e-08}, "all_cf_pes": {"extra_pes": 5, "area": 219327.1198611111, "energy": 2.76006471132084e-08}, "fused_into_pe": {"extra_pes": 3, "area": 210549.4681952736, "energy": 2.61222471132084e-08}}