{"can_map": false, "original": {"area": 248337.573, "energy": 3.1053894009320003e-07}, "all_cf_pes": {"extra_pes": 21, "area": 319590.94608333334, "energy": 4.677297433069444e-07}, "fused_into_pe": {"extra_pes": 15, "area": 287112.9111753731, "energy": 4.121812633069444e-07}}